{
  "dataset": "gisette",
  "models": {
    "ML-SVM": {
      "fold_accuracies": [
        0.9285714285714286,
        0.92,
        0.9057142857142857,
        0.9057142857142857,
        0.9014285714285715,
        0.9114285714285715,
        0.9,
        0.8957142857142857,
        0.8914285714285715,
        0.8771428571428571
      ],
      "fold_times": [
        47.02435360399977,
        44.32305169299798,
        44.800679435997154,
        44.345508104001055,
        44.41538712399779,
        44.51359434900223,
        44.334510368003976,
        44.097644653993484,
        44.6515373680013,
        44.06404470700363
      ],
      "params": {
        "n_layers": 2,
        "n_components": 1000
      },
      "param_grid": null,
      "best_params_per_fold": [
        null,
        null,
        null,
        null,
        null,
        null,
        null,
        null,
        null,
        null
      ],
      "inner_cv_scores": [
        null,
        null,
        null,
        null,
        null,
        null,
        null,
        null,
        null,
        null
      ],
      "mean_accuracy": 0.9037142857142857,
      "std_accuracy": 0.013749953617732546,
      "mean_time": 44.657031140699836
    },
    "DKN-AGOP": {
      "fold_accuracies": [
        0.7085714285714285,
        0.6742857142857143,
        0.67,
        0.7357142857142858,
        0.7342857142857143,
        0.7,
        0.6985714285714286,
        0.7285714285714285,
        0.73,
        0.69
      ],
      "fold_times": [
        113.0602819880005,
        114.23477240200009,
        113.39382308699714,
        113.58962598600192,
        113.7330880859954,
        114.01531738199992,
        113.4120086480034,
        113.64924326899927,
        113.67530642900238,
        113.30109604400059
      ],
      "params": {
        "n_layers": 2,
        "D": 500,
        "rank": 100,
        "C": 1.0,
        "agop_steps": 1,
        "sigest_frac": 0.2
      },
      "param_grid": null,
      "best_params_per_fold": [
        null,
        null,
        null,
        null,
        null,
        null,
        null,
        null,
        null,
        null
      ],
      "inner_cv_scores": [
        null,
        null,
        null,
        null,
        null,
        null,
        null,
        null,
        null,
        null
      ],
      "mean_accuracy": 0.7069999999999999,
      "std_accuracy": 0.02326817919961307,
      "mean_time": 113.60645633210007
    },
    "DKN-Align": {
      "fold_accuracies": [
        0.9828571428571429,
        0.98,
        0.9771428571428571,
        0.9814285714285714,
        0.9757142857142858,
        0.9742857142857143,
        0.9814285714285714,
        0.9814285714285714,
        0.9757142857142858,
        0.9785714285714285
      ],
      "fold_times": [
        8.000648668996291,
        7.240328932995908,
        7.20002068499889,
        7.4213302209973335,
        7.29131309800141,
        7.241939611994894,
        7.201801170005638,
        7.242211742996005,
        7.390929690998746,
        7.2000240000052145
      ],
      "params": {
        "n_layers": 2,
        "d_k": 200,
        "D": 500,
        "C": 1.0,
        "lr": 0.001,
        "epochs": 300,
        "batch_size": 512
      },
      "param_grid": null,
      "best_params_per_fold": [
        null,
        null,
        null,
        null,
        null,
        null,
        null,
        null,
        null,
        null
      ],
      "inner_cv_scores": [
        null,
        null,
        null,
        null,
        null,
        null,
        null,
        null,
        null,
        null
      ],
      "mean_accuracy": 0.9788571428571429,
      "std_accuracy": 0.002842821248876049,
      "mean_time": 7.343054782199033
    },
    "DKN-RFM-Align": {
      "fold_accuracies": [
        0.4957142857142857,
        0.49142857142857144,
        0.4928571428571429,
        0.5114285714285715,
        0.49714285714285716,
        0.47714285714285715,
        0.5,
        0.4614285714285714,
        0.49142857142857144,
        0.49714285714285716
      ],
      "fold_times": [
        341.3821903470016,
        342.7207349780001,
        341.8278367719977,
        340.09100410999963,
        341.3900977890007,
        342.3111115069987,
        339.8283415909973,
        341.53340878999734,
        341.3652308679957,
        340.16230572899804
      ],
      "params": {
        "n_layers": 1,
        "D": 500,
        "rank": 100,
        "C": 1.0,
        "agop_steps": 3,
        "lr": 0.0001,
        "epochs": 300,
        "batch_size": 512
      },
      "param_grid": null,
      "best_params_per_fold": [
        null,
        null,
        null,
        null,
        null,
        null,
        null,
        null,
        null,
        null
      ],
      "inner_cv_scores": [
        null,
        null,
        null,
        null,
        null,
        null,
        null,
        null,
        null,
        null
      ],
      "mean_accuracy": 0.49157142857142855,
      "std_accuracy": 0.012895973109811444,
      "mean_time": 341.2612262480987
    },
    "SVC-RBF": {
      "fold_accuracies": [
        0.99,
        0.9785714285714285,
        0.9757142857142858,
        0.98,
        0.9714285714285714,
        0.96,
        0.9771428571428571,
        0.9828571428571429,
        0.9642857142857143,
        0.9714285714285714
      ],
      "fold_times": [
        24.185483675995783,
        24.161736235997523,
        23.85838687600335,
        23.830715386997326,
        24.144615165998403,
        23.879518901005213,
        24.320757362998847,
        23.953276424996147,
        24.21309767999628,
        23.92753112200444
      ],
      "params": {
        "C": 10.0,
        "gamma": "scale"
      },
      "param_grid": null,
      "best_params_per_fold": [
        null,
        null,
        null,
        null,
        null,
        null,
        null,
        null,
        null,
        null
      ],
      "inner_cv_scores": [
        null,
        null,
        null,
        null,
        null,
        null,
        null,
        null,
        null,
        null
      ],
      "mean_accuracy": 0.9751428571428571,
      "std_accuracy": 0.00833482979760847,
      "mean_time": 24.04751188319933
    },
    "MLP": {
      "fold_accuracies": [
        0.9814285714285714,
        0.9714285714285714,
        0.98,
        0.9742857142857143,
        0.9657142857142857,
        0.9628571428571429,
        0.9771428571428571,
        0.9757142857142858,
        0.9571428571428572,
        0.9528571428571428
      ],
      "fold_times": [
        39.1602830510019,
        34.60343955499411,
        50.90650444399944,
        24.57979803699709,
        38.934796102999826,
        40.3269214719985,
        50.52251658900059,
        34.860127423999074,
        26.431217965000542,
        24.483297003003827
      ],
      "params": {
        "hidden_layer_sizes": [
          256,
          256
        ],
        "alpha": 0.0001,
        "max_iter": 500
      },
      "param_grid": null,
      "best_params_per_fold": [
        null,
        null,
        null,
        null,
        null,
        null,
        null,
        null,
        null,
        null
      ],
      "inner_cv_scores": [
        null,
        null,
        null,
        null,
        null,
        null,
        null,
        null,
        null,
        null
      ],
      "mean_accuracy": 0.9698571428571429,
      "std_accuracy": 0.00929010885022234,
      "mean_time": 36.48089016429949
    },
    "XGBoost": {
      "fold_accuracies": [
        0.9914285714285714,
        0.98,
        0.9814285714285714,
        0.98,
        0.98,
        0.9728571428571429,
        0.9857142857142858,
        0.9771428571428571,
        0.9814285714285714,
        0.9757142857142858
      ],