{
  "dataset": "iris",
  "models": {
    "DKN-RFM-Align": {
      "fold_accuracies": [
        1.0,
        1.0,
        0.9,
        1.0,
        0.9666666666666667
      ],
      "fold_times": [
        0.7161590469768271,
        0.13974204199621454,
        0.22843786198063754,
        0.18662634497741237,
        0.25972143400576897
      ],
      "params": {
        "n_layers": 2,
        "D": 100,
        "rank": 20,
        "C": 1.0,
        "agop_steps": 3,
        "lr": 0.001,
        "epochs": 50,
        "batch_size": 64
      },
      "param_grid": null,
      "best_params_per_fold": [
        null,
        null,
        null,
        null,
        null
      ],
      "inner_cv_scores": [
        null,
        null,
        null,
        null,
        null
      ],
      "mean_accuracy": 0.9733333333333333,
      "std_accuracy": 0.038873012632301994,
      "mean_time": 0.3061373459873721
    },
    "SVC-RBF": {
      "fold_accuracies": [
        1.0,
        0.9666666666666667,
        0.9,
        1.0,
        0.9333333333333333
      ],
      "fold_times": [
        0.0009180339984595776,
        0.0009912099922075868,
        0.0007167470175772905,
        0.0008953030046541244,
        0.0007593089831061661
      ],
      "params": {
        "C": 1.0,
        "gamma": "scale"
      },
      "param_grid": null,
      "best_params_per_fold": [
        null,
        null,
        null,
        null,
        null
      ],
      "inner_cv_scores": [
        null,
        null,
        null,
        null,
        null
      ],
      "mean_accuracy": 0.96,
      "std_accuracy": 0.038873012632301994,
      "mean_time": 0.0008561205992009491
    }
  }
}