exp_id,dataset,n_total,n_train,n_test,d,n_classes,model,kernel,L,m,P,split_id,acc,time_s,timestamp,scenario
exp_feeding_strategies,HIGGS,1000,1000,20000,28,2,C_splitdata_fullcols_m1_L1,arc_cosine,1,1,1000,,0.5737,0.26,2026-06-12T16:46:02.007341,C — split/full-cols
exp_feeding_strategies,HIGGS,1000,1000,20000,28,2,C_splitdata_fullcols_m1_L1,arc_cosine,1,1,1000,,0.5768,0.25,2026-06-12T16:46:02.463932,C — split/full-cols
exp_feeding_strategies,HIGGS,1000,1000,20000,28,2,C_splitdata_fullcols_m1_L1,arc_cosine,1,1,1000,,0.5709,0.27,2026-06-12T16:46:02.891819,C — split/full-cols
exp_feeding_strategies,HIGGS,1000,1000,20000,28,2,C_splitdata_fullcols_m1_L2,arc_cosine,2,1,1000,,0.5739,0.28,2026-06-12T16:46:03.441218,C — split/full-cols
exp_feeding_strategies,HIGGS,1000,1000,20000,28,2,C_splitdata_fullcols_m1_L2,arc_cosine,2,1,1000,,0.5757,0.23,2026-06-12T16:46:03.961698,C — split/full-cols
exp_feeding_strategies,HIGGS,1000,1000,20000,28,2,C_splitdata_fullcols_m1_L2,arc_cosine,2,1,1000,,0.5713,0.29,2026-06-12T16:46:04.520643,C — split/full-cols
exp_feeding_strategies,HIGGS,1000,1000,20000,28,2,C_splitdata_fullcols_m1_L3,arc_cosine,3,1,1000,,0.5739,0.31,2026-06-12T16:46:05.192614,C — split/full-cols
exp_feeding_strategies,HIGGS,1000,1000,20000,28,2,C_splitdata_fullcols_m1_L3,arc_cosine,3,1,1000,,0.5759,0.24,2026-06-12T16:46:05.810188,C — split/full-cols
exp_feeding_strategies,HIGGS,1000,1000,20000,28,2,C_splitdata_fullcols_m1_L3,arc_cosine,3,1,1000,,0.57,0.35,2026-06-12T16:46:06.519974,C — split/full-cols
exp_feeding_strategies,HIGGS,1000,1000,20000,28,2,B_in_sqrt_m1_L1,arc_cosine,1,1,1000,,0.5199,0.25,2026-06-12T16:46:06.971020,B-input-√d-
exp_feeding_strategies,HIGGS,1000,1000,20000,28,2,B_in_sqrt_m1_L1,arc_cosine,1,1,1000,,0.5836,0.17,2026-06-12T16:46:07.324369,B-input-√d-
exp_feeding_strategies,HIGGS,1000,1000,20000,28,2,B_in_sqrt_m1_L1,arc_cosine,1,1,1000,,0.5065,0.17,2026-06-12T16:46:07.652866,B-input-√d-
exp_feeding_strategies,HIGGS,1000,1000,20000,28,2,B_in_sqrt_m1_L2,arc_cosine,2,1,1000,,0.5199,0.27,2026-06-12T16:46:08.178057,B-input-√d-
exp_feeding_strategies,HIGGS,1000,1000,20000,28,2,B_in_sqrt_m1_L2,arc_cosine,2,1,1000,,0.5797,0.18,2026-06-12T16:46:08.614859,B-input-√d-
exp_feeding_strategies,HIGGS,1000,1000,20000,28,2,B_in_sqrt_m1_L2,arc_cosine,2,1,1000,,0.5071,0.18,2026-06-12T16:46:09.057863,B-input-√d-
exp_feeding_strategies,HIGGS,1000,1000,20000,28,2,B_in_sqrt_m1_L3,arc_cosine,3,1,1000,,0.5198,0.24,2026-06-12T16:46:09.679461,B-input-√d-
exp_feeding_strategies,HIGGS,1000,1000,20000,28,2,B_in_sqrt_m1_L3,arc_cosine,3,1,1000,,0.5812,0.23,2026-06-12T16:46:10.297025,B-input-√d-
exp_feeding_strategies,HIGGS,1000,1000,20000,28,2,B_in_sqrt_m1_L3,arc_cosine,3,1,1000,,0.5071,0.24,2026-06-12T16:46:10.991350,B-input-√d-
exp_feeding_strategies,HIGGS,1000,1000,20000,28,2,B_in_sqrt_m10_L1,arc_cosine,1,10,1000,,0.5726,2.19,2026-06-12T16:46:14.329101,B-input-√d-
exp_feeding_strategies,HIGGS,1000,1000,20000,28,2,B_in_sqrt_m10_L1,arc_cosine,1,10,1000,,0.5844,1.64,2026-06-12T16:46:17.166303,B-input-√d-
exp_feeding_strategies,HIGGS,1000,1000,20000,28,2,B_in_sqrt_m10_L1,arc_cosine,1,10,1000,,0.5667,1.87,2026-06-12T16:46:20.230262,B-input-√d-
exp_feeding_strategies,HIGGS,1000,1000,20000,28,2,B_in_sqrt_m10_L2,arc_cosine,2,10,1000,,0.5766,2.92,2026-06-12T16:46:25.455669,B-input-√d-
exp_feeding_strategies,HIGGS,1000,1000,20000,28,2,B_in_sqrt_m10_L2,arc_cosine,2,10,1000,,0.5878,2.18,2026-06-12T16:46:30.073038,B-input-√d-
exp_feeding_strategies,HIGGS,1000,1000,20000,28,2,B_in_sqrt_m10_L2,arc_cosine,2,10,1000,,0.5724,2.3,2026-06-12T16:46:34.792755,B-input-√d-
exp_feeding_strategies,HIGGS,1000,1000,20000,28,2,B_in_sqrt_m10_L3,arc_cosine,3,10,1000,,0.5763,3.46,2026-06-12T16:46:41.755469,B-input-√d-
exp_feeding_strategies,HIGGS,1000,1000,20000,28,2,B_in_sqrt_m10_L3,arc_cosine,3,10,1000,,0.5948,2.49,2026-06-12T16:46:47.629696,B-input-√d-
exp_feeding_strategies,HIGGS,1000,1000,20000,28,2,B_in_sqrt_m10_L3,arc_cosine,3,10,1000,,0.5703,2.61,2026-06-12T16:46:53.755422,B-input-√d-
exp_feeding_strategies,HIGGS,1000,1000,20000,28,2,B_in_sqrt_m50_L1,arc_cosine,1,50,1000,,0.6002,9.81,2026-06-12T16:47:09.261868,B-input-√d-
exp_feeding_strategies,HIGGS,1000,1000,20000,28,2,B_in_sqrt_m50_L1,arc_cosine,1,50,1000,,0.5818,9.57,2026-06-12T16:47:24.734401,B-input-√d-
exp_feeding_strategies,HIGGS,1000,1000,20000,28,2,B_in_sqrt_m50_L1,arc_cosine,1,50,1000,,0.5833,9.4,2026-06-12T16:47:39.701887,B-input-√d-
exp_feeding_strategies,HIGGS,1000,1000,20000,28,2,B_in_sqrt_m50_L2,arc_cosine,2,50,1000,,0.6264,12.9,2026-06-12T16:48:03.951074,B-input-√d-
exp_feeding_strategies,HIGGS,1000,1000,20000,28,2,B_in_sqrt_m50_L2,arc_cosine,2,50,1000,,0.61,12.31,2026-06-12T16:48:27.999118,B-input-√d-
exp_feeding_strategies,HIGGS,1000,1000,20000,28,2,B_in_sqrt_m50_L2,arc_cosine,2,50,1000,,0.6243,15.65,2026-06-12T16:48:55.877753,B-input-√d-
exp_feeding_strategies,HIGGS,1000,1000,20000,28,2,B_in_sqrt_m50_L3,arc_cosine,3,50,1000,,0.621,17.02,2026-06-12T16:49:38.286062,B-input-√d-
exp_feeding_strategies,HIGGS,1000,1000,20000,28,2,B_in_sqrt_m50_L3,arc_cosine,3,50,1000,,0.613,26.5,2026-06-12T16:50:34.646191,B-input-√d-
exp_feeding_strategies,HIGGS,1000,1000,20000,28,2,B_in_sqrt_m50_L3,arc_cosine,3,50,1000,,0.6271,19.01,2026-06-12T16:51:15.581334,B-input-√d-
exp_feeding_strategies,HIGGS,1000,1000,20000,28,2,B_in_dm_m1_L1,arc_cosine,1,1,1000,,0.5692,0.53,2026-06-12T16:51:16.339609,B-input-d/m
exp_feeding_strategies,HIGGS,1000,1000,20000,28,2,B_in_dm_m1_L1,arc_cosine,1,1,1000,,0.5728,0.39,2026-06-12T16:51:16.927726,B-input-d/m
exp_feeding_strategies,HIGGS,1000,1000,20000,28,2,B_in_dm_m1_L1,arc_cosine,1,1,1000,,0.5815,0.34,2026-06-12T16:51:17.439122,B-input-d/m
exp_feeding_strategies,HIGGS,1000,1000,20000,28,2,B_in_dm_m1_L2,arc_cosine,2,1,1000,,0.5693,0.48,2026-06-12T16:51:18.252171,B-input-d/m
exp_feeding_strategies,HIGGS,1000,1000,20000,28,2,B_in_dm_m1_L2,arc_cosine,2,1,1000,,0.5709,0.43,2026-06-12T16:51:19.000077,B-input-d/m
exp_feeding_strategies,HIGGS,1000,1000,20000,28,2,B_in_dm_m1_L2,arc_cosine,2,1,1000,,0.5824,0.37,2026-06-12T16:51:19.669395,B-input-d/m
exp_feeding_strategies,HIGGS,1000,1000,20000,28,2,B_in_dm_m1_L3,arc_cosine,3,1,1000,,0.5692,0.48,2026-06-12T16:51:20.601911,B-input-d/m
exp_feeding_strategies,HIGGS,1000,1000,20000,28,2,B_in_dm_m1_L3,arc_cosine,3,1,1000,,0.5718,0.46,2026-06-12T16:51:21.491571,B-input-d/m
exp_feeding_strategies,HIGGS,1000,1000,20000,28,2,B_in_dm_m1_L3,arc_cosine,3,1,1000,,0.5815,0.43,2026-06-12T16:51:22.355633,B-input-d/m
exp_feeding_strategies,HIGGS,1000,1000,20000,28,2,B_in_dm_m10_L1,arc_cosine,1,10,1000,,0.5925,1.71,2026-06-12T16:51:25.365070,B-input-d/m
exp_feeding_strategies,HIGGS,1000,1000,20000,28,2,B_in_dm_m10_L1,arc_cosine,1,10,1000,,0.5932,1.47,2026-06-12T16:51:28.087635,B-input-d/m
exp_feeding_strategies,HIGGS,1000,1000,20000,28,2,B_in_dm_m10_L1,arc_cosine,1,10,1000,,0.5984,1.41,2026-06-12T16:51:30.752535,B-input-d/m
exp_feeding_strategies,HIGGS,1000,1000,20000,28,2,B_in_dm_m10_L2,arc_cosine,2,10,1000,,0.5918,1.97,2026-06-12T16:51:35.440624,B-input-d/m
exp_feeding_strategies,HIGGS,1000,1000,20000,28,2,B_in_dm_m10_L2,arc_cosine,2,10,1000,,0.5919,1.75,2026-06-12T16:51:39.883391,B-input-d/m
exp_feeding_strategies,HIGGS,1000,1000,20000,28,2,B_in_dm_m10_L2,arc_cosine,2,10,1000,,0.5995,1.85,2026-06-12T16:51:44.367531,B-input-d/m
exp_feeding_strategies,HIGGS,1000,1000,20000,28,2,B_in_dm_m10_L3,arc_cosine,3,10,1000,,0.5919,2.29,2026-06-12T16:51:50.642426,B-input-d/m
exp_feeding_strategies,HIGGS,1000,1000,20000,28,2,B_in_dm_m10_L3,arc_cosine,3,10,1000,,0.5917,2.2,2026-06-12T16:51:56.759061,B-input-d/m
exp_feeding_strategies,HIGGS,1000,1000,20000,28,2,B_in_dm_m10_L3,arc_cosine,3,10,1000,,0.5996,2.32,2026-06-12T16:52:03.007769,B-input-d/m
exp_feeding_strategies,HIGGS,1000,1000,20000,28,2,D_sqrt_fullP_m1_L1,arc_cosine,1,1,1000,,0.519,0.24,2026-06-12T16:52:03.436512,D_sqrt_fullP
exp_feeding_strategies,HIGGS,1000,1000,20000,28,2,D_sqrt_fullP_m1_L1,arc_cosine,1,1,1000,,0.5817,0.19,2026-06-12T16:52:03.818883,D_sqrt_fullP
exp_feeding_strategies,HIGGS,1000,1000,20000,28,2,D_sqrt_fullP_m1_L1,arc_cosine,1,1,1000,,0.5064,0.18,2026-06-12T16:52:04.187800,D_sqrt_fullP
exp_feeding_strategies,HIGGS,1000,1000,20000,28,2,D_sqrt_fullP_m1_L2,arc_cosine,2,1,1000,,0.5191,0.31,2026-06-12T16:52:04.829938,D_sqrt_fullP
exp_feeding_strategies,HIGGS,1000,1000,20000,28,2,D_sqrt_fullP_m1_L2,arc_cosine,2,1,1000,,0.5818,0.26,2026-06-12T16:52:05.435394,D_sqrt_fullP
exp_feeding_strategies,HIGGS,1000,1000,20000,28,2,D_sqrt_fullP_m1_L2,arc_cosine,2,1,1000,,0.5061,0.22,2026-06-12T16:52:05.987186,D_sqrt_fullP
exp_feeding_strategies,HIGGS,1000,1000,20000,28,2,D_sqrt_fullP_m1_L3,arc_cosine,3,1,1000,,0.5188,0.33,2026-06-12T16:52:06.797099,D_sqrt_fullP
exp_feeding_strategies,HIGGS,1000,1000,20000,28,2,D_sqrt_fullP_m1_L3,arc_cosine,3,1,1000,,0.5817,0.3,2026-06-12T16:52:07.598483,D_sqrt_fullP
exp_feeding_strategies,HIGGS,1000,1000,20000,28,2,D_sqrt_fullP_m1_L3,arc_cosine,3,1,1000,,0.5057,0.25,2026-06-12T16:52:08.339524,D_sqrt_fullP
exp_feeding_strategies,HIGGS,1000,1000,20000,28,2,D_dm_fullP_m1_L1,arc_cosine,1,1,1000,,0.5668,0.43,2026-06-12T16:52:08.955282,D_dm_fullP
exp_feeding_strategies,HIGGS,1000,1000,20000,28,2,D_dm_fullP_m1_L1,arc_cosine,1,1,1000,,0.5877,0.37,2026-06-12T16:52:09.533843,D_dm_fullP
exp_feeding_strategies,HIGGS,1000,1000,20000,28,2,D_dm_fullP_m1_L1,arc_cosine,1,1,1000,,0.5682,0.45,2026-06-12T16:52:10.166430,D_dm_fullP
exp_feeding_strategies,HIGGS,1000,1000,20000,28,2,D_dm_fullP_m1_L2,arc_cosine,2,1,1000,,0.5677,0.41,2026-06-12T16:52:10.891907,D_dm_fullP
exp_feeding_strategies,HIGGS,1000,1000,20000,28,2,D_dm_fullP_m1_L2,arc_cosine,2,1,1000,,0.5871,0.41,2026-06-12T16:52:11.683457,D_dm_fullP
exp_feeding_strategies,HIGGS,1000,1000,20000,28,2,D_dm_fullP_m1_L2,arc_cosine,2,1,1000,,0.5681,0.46,2026-06-12T16:52:12.440917,D_dm_fullP
exp_feeding_strategies,HIGGS,1000,1000,20000,28,2,D_dm_fullP_m1_L3,arc_cosine,3,1,1000,,0.5675,0.49,2026-06-12T16:52:13.401644,D_dm_fullP
exp_feeding_strategies,HIGGS,1000,1000,20000,28,2,D_dm_fullP_m1_L3,arc_cosine,3,1,1000,,0.5875,0.44,2026-06-12T16:52:14.296665,D_dm_fullP
exp_feeding_strategies,HIGGS,1000,1000,20000,28,2,D_dm_fullP_m1_L3,arc_cosine,3,1,1000,,0.5681,0.5,2026-06-12T16:52:15.238569,D_dm_fullP
exp_feeding_strategies,HIGGS,5000,5000,20000,28,2,C_splitdata_fullcols_m1_L1,arc_cosine,1,1,1000,,0.6173,1.36,2026-06-12T16:52:16.802873,C — split/full-cols
exp_feeding_strategies,HIGGS,5000,5000,20000,28,2,C_splitdata_fullcols_m1_L1,arc_cosine,1,1,1000,,0.6197,1.21,2026-06-12T16:52:18.192560,C — split/full-cols
exp_feeding_strategies,HIGGS,5000,5000,20000,28,2,C_splitdata_fullcols_m1_L1,arc_cosine,1,1,1000,,0.6075,1.4,2026-06-12T16:52:19.817579,C — split/full-cols
exp_feeding_strategies,HIGGS,5000,5000,20000,28,2,C_splitdata_fullcols_m1_L2,arc_cosine,2,1,1000,,0.6183,1.53,2026-06-12T16:52:21.738205,C — split/full-cols
exp_feeding_strategies,HIGGS,5000,5000,20000,28,2,C_splitdata_fullcols_m1_L2,arc_cosine,2,1,1000,,0.6207,1.47,2026-06-12T16:52:23.553888,C — split/full-cols
exp_feeding_strategies,HIGGS,5000,5000,20000,28,2,C_splitdata_fullcols_m1_L2,arc_cosine,2,1,1000,,0.607,1.59,2026-06-12T16:52:25.483684,C — split/full-cols
exp_feeding_strategies,HIGGS,5000,5000,20000,28,2,C_splitdata_fullcols_m1_L3,arc_cosine,3,1,1000,,0.6182,1.6,2026-06-12T16:52:27.585275,C — split/full-cols
exp_feeding_strategies,HIGGS,5000,5000,20000,28,2,C_splitdata_fullcols_m1_L3,arc_cosine,3,1,1000,,0.6205,1.61,2026-06-12T16:52:29.744185,C — split/full-cols
exp_feeding_strategies,HIGGS,5000,5000,20000,28,2,C_splitdata_fullcols_m1_L3,arc_cosine,3,1,1000,,0.6072,2.1,2026-06-12T16:52:32.408597,C — split/full-cols
exp_feeding_strategies,HIGGS,5000,5000,20000,28,2,C_splitdata_fullcols_m10_L1,arc_cosine,1,10,1000,,0.6381,2.13,2026-06-12T16:52:34.815521,C — split/full-cols
exp_feeding_strategies,HIGGS,5000,5000,20000,28,2,C_splitdata_fullcols_m10_L1,arc_cosine,1,10,1000,,0.6411,2.06,2026-06-12T16:52:37.107885,C — split/full-cols
exp_feeding_strategies,HIGGS,5000,5000,20000,28,2,C_splitdata_fullcols_m10_L1,arc_cosine,1,10,1000,,0.6368,1.94,2026-06-12T16:52:39.259219,C — split/full-cols
exp_feeding_strategies,HIGGS,5000,5000,20000,28,2,C_splitdata_fullcols_m10_L2,arc_cosine,2,10,1000,,0.6306,5.35,2026-06-12T16:52:45.029122,C — split/full-cols
exp_feeding_strategies,HIGGS,5000,5000,20000,28,2,C_splitdata_fullcols_m10_L2,arc_cosine,2,10,1000,,0.6323,5.45,2026-06-12T16:52:50.915572,C — split/full-cols
exp_feeding_strategies,HIGGS,5000,5000,20000,28,2,C_splitdata_fullcols_m10_L2,arc_cosine,2,10,1000,,0.63,7.96,2026-06-12T16:52:59.578512,C — split/full-cols
exp_feeding_strategies,HIGGS,5000,5000,20000,28,2,C_splitdata_fullcols_m10_L3,arc_cosine,3,10,1000,,0.6272,20.36,2026-06-12T16:53:23.553192,C — split/full-cols
exp_feeding_strategies,HIGGS,5000,5000,20000,28,2,C_splitdata_fullcols_m10_L3,arc_cosine,3,10,1000,,0.6248,15.96,2026-06-12T16:53:41.363616,C — split/full-cols
exp_feeding_strategies,HIGGS,5000,5000,20000,28,2,C_splitdata_fullcols_m10_L3,arc_cosine,3,10,1000,,0.6256,9.32,2026-06-12T16:53:51.325456,C — split/full-cols
exp_feeding_strategies,HIGGS,5000,5000,20000,28,2,B_in_sqrt_m1_L1,arc_cosine,1,1,1000,,0.5191,2.53,2026-06-12T16:53:54.104518,B-input-√d-
exp_feeding_strategies,HIGGS,5000,5000,20000,28,2,B_in_sqrt_m1_L1,arc_cosine,1,1,1000,,0.615,2.58,2026-06-12T16:53:56.885277,B-input-√d-
exp_feeding_strategies,HIGGS,5000,5000,20000,28,2,B_in_sqrt_m1_L1,arc_cosine,1,1,1000,,0.5111,2.17,2026-06-12T16:53:59.240806,B-input-√d-
exp_feeding_strategies,HIGGS,5000,5000,20000,28,2,B_in_sqrt_m1_L2,arc_cosine,2,1,1000,,0.5191,2.51,2026-06-12T16:54:02.131396,B-input-√d-
exp_feeding_strategies,HIGGS,5000,5000,20000,28,2,B_in_sqrt_m1_L2,arc_cosine,2,1,1000,,0.6139,2.47,2026-06-12T16:54:04.962349,B-input-√d-
exp_feeding_strategies,HIGGS,5000,5000,20000,28,2,B_in_sqrt_m1_L2,arc_cosine,2,1,1000,,0.5107,2.45,2026-06-12T16:54:07.845730,B-input-√d-
exp_feeding_strategies,HIGGS,5000,5000,20000,28,2,B_in_sqrt_m1_L3,arc_cosine,3,1,1000,,0.5191,2.69,2026-06-12T16:54:11.077271,B-input-√d-
exp_feeding_strategies,HIGGS,5000,5000,20000,28,2,B_in_sqrt_m1_L3,arc_cosine,3,1,1000,,0.6138,2.47,2026-06-12T16:54:14.083780,B-input-√d-
exp_feeding_strategies,HIGGS,5000,5000,20000,28,2,B_in_sqrt_m1_L3,arc_cosine,3,1,1000,,0.5107,2.5,2026-06-12T16:54:17.115125,B-input-√d-
exp_feeding_strategies,HIGGS,5000,5000,20000,28,2,B_in_sqrt_m10_L1,arc_cosine,1,10,1000,,0.6042,19.9,2026-06-12T16:54:38.533319,B-input-√d-
exp_feeding_strategies,HIGGS,5000,5000,20000,28,2,B_in_sqrt_m10_L1,arc_cosine,1,10,1000,,0.621,20.5,2026-06-12T16:55:00.496993,B-input-√d-
exp_feeding_strategies,HIGGS,5000,5000,20000,28,2,B_in_sqrt_m10_L1,arc_cosine,1,10,1000,,0.5943,19.43,2026-06-12T16:55:21.411753,B-input-√d-
exp_feeding_strategies,HIGGS,5000,5000,20000,28,2,B_in_sqrt_m10_L2,arc_cosine,2,10,1000,,0.6119,26.78,2026-06-12T16:55:51.421600,B-input-√d-
exp_feeding_strategies,HIGGS,5000,5000,20000,28,2,B_in_sqrt_m10_L2,arc_cosine,2,10,1000,,0.6254,25.48,2026-06-12T16:56:19.834225,B-input-√d-
exp_feeding_strategies,HIGGS,5000,5000,20000,28,2,B_in_sqrt_m10_L2,arc_cosine,2,10,1000,,0.5958,23.82,2026-06-12T16:56:46.673219,B-input-√d-
exp_feeding_strategies,HIGGS,5000,5000,20000,28,2,B_in_sqrt_m10_L3,arc_cosine,3,10,1000,,0.6081,26.74,2026-06-12T16:57:17.776309,B-input-√d-
exp_feeding_strategies,HIGGS,5000,5000,20000,28,2,B_in_sqrt_m10_L3,arc_cosine,3,10,1000,,0.627,28.63,2026-06-12T16:57:51.557823,B-input-√d-
exp_feeding_strategies,HIGGS,5000,5000,20000,28,2,B_in_sqrt_m10_L3,arc_cosine,3,10,1000,,0.5964,29.61,2026-06-12T16:58:28.712293,B-input-√d-
exp_feeding_strategies,HIGGS,5000,5000,20000,28,2,B_in_sqrt_m50_L1,arc_cosine,1,50,1000,,0.6204,102.49,2026-06-12T17:00:18.886326,B-input-√d-
exp_feeding_strategies,HIGGS,5000,5000,20000,28,2,B_in_sqrt_m50_L1,arc_cosine,1,50,1000,,0.6241,111.58,2026-06-12T17:02:18.888080,B-input-√d-
exp_feeding_strategies,HIGGS,5000,5000,20000,28,2,B_in_sqrt_m50_L1,arc_cosine,1,50,1000,,0.6198,110.67,2026-06-12T17:04:21.617969,B-input-√d-
exp_feeding_strategies,HIGGS,5000,5000,20000,28,2,B_in_sqrt_m50_L2,arc_cosine,2,50,1000,,0.644,178.53,2026-06-12T17:07:41.435182,B-input-√d-
exp_feeding_strategies,HIGGS,5000,5000,20000,28,2,B_in_sqrt_m50_L2,arc_cosine,2,50,1000,,0.631,172.75,2026-06-12T17:10:50.385746,B-input-√d-
exp_feeding_strategies,HIGGS,5000,5000,20000,28,2,B_in_sqrt_m50_L2,arc_cosine,2,50,1000,,0.6355,173.33,2026-06-12T17:14:01.276592,B-input-√d-
exp_feeding_strategies,HIGGS,5000,5000,20000,28,2,B_in_sqrt_m50_L3,arc_cosine,3,50,1000,,0.6504,182.24,2026-06-12T17:17:28.762098,B-input-√d-
exp_feeding_strategies,HIGGS,5000,5000,20000,28,2,B_in_sqrt_m50_L3,arc_cosine,3,50,1000,,0.6479,182.08,2026-06-12T17:20:55.707768,B-input-√d-
exp_feeding_strategies,HIGGS,5000,5000,20000,28,2,B_in_sqrt_m50_L3,arc_cosine,3,50,1000,,0.6523,171.24,2026-06-12T17:24:12.985023,B-input-√d-
exp_feeding_strategies,HIGGS,5000,5000,20000,28,2,B_in_dm_m1_L1,arc_cosine,1,1,1000,,0.6196,1.81,2026-06-12T17:24:15.009080,B-input-d/m
exp_feeding_strategies,HIGGS,5000,5000,20000,28,2,B_in_dm_m1_L1,arc_cosine,1,1,1000,,0.6202,1.24,2026-06-12T17:24:16.445464,B-input-d/m
exp_feeding_strategies,HIGGS,5000,5000,20000,28,2,B_in_dm_m1_L1,arc_cosine,1,1,1000,,0.6142,1.39,2026-06-12T17:24:18.027966,B-input-d/m
exp_feeding_strategies,HIGGS,5000,5000,20000,28,2,B_in_dm_m1_L2,arc_cosine,2,1,1000,,0.6199,1.95,2026-06-12T17:24:20.340146,B-input-d/m
exp_feeding_strategies,HIGGS,5000,5000,20000,28,2,B_in_dm_m1_L2,arc_cosine,2,1,1000,,0.6202,1.46,2026-06-12T17:24:22.190497,B-input-d/m
exp_feeding_strategies,HIGGS,5000,5000,20000,28,2,B_in_dm_m1_L2,arc_cosine,2,1,1000,,0.6132,1.73,2026-06-12T17:24:24.268761,B-input-d/m
exp_feeding_strategies,HIGGS,5000,5000,20000,28,2,B_in_dm_m1_L3,arc_cosine,3,1,1000,,0.6196,2.0,2026-06-12T17:24:26.902399,B-input-d/m
exp_feeding_strategies,HIGGS,5000,5000,20000,28,2,B_in_dm_m1_L3,arc_cosine,3,1,1000,,0.6201,1.65,2026-06-12T17:24:29.094237,B-input-d/m
exp_feeding_strategies,HIGGS,5000,5000,20000,28,2,B_in_dm_m1_L3,arc_cosine,3,1,1000,,0.6135,1.63,2026-06-12T17:24:31.249377,B-input-d/m
exp_feeding_strategies,HIGGS,5000,5000,20000,28,2,B_in_dm_m10_L1,arc_cosine,1,10,1000,,0.6146,9.16,2026-06-12T17:24:42.068378,B-input-d/m
exp_feeding_strategies,HIGGS,5000,5000,20000,28,2,B_in_dm_m10_L1,arc_cosine,1,10,1000,,0.6239,10.91,2026-06-12T17:24:54.582826,B-input-d/m
exp_feeding_strategies,HIGGS,5000,5000,20000,28,2,B_in_dm_m10_L1,arc_cosine,1,10,1000,,0.627,9.75,2026-06-12T17:25:05.873889,B-input-d/m
exp_feeding_strategies,HIGGS,5000,5000,20000,28,2,B_in_dm_m10_L2,arc_cosine,2,10,1000,,0.6201,9.22,2026-06-12T17:25:18.338761,B-input-d/m
exp_feeding_strategies,HIGGS,5000,5000,20000,28,2,B_in_dm_m10_L2,arc_cosine,2,10,1000,,0.6255,12.34,2026-06-12T17:25:33.933921,B-input-d/m
exp_feeding_strategies,HIGGS,5000,5000,20000,28,2,B_in_dm_m10_L2,arc_cosine,2,10,1000,,0.6304,11.39,2026-06-12T17:25:48.740135,B-input-d/m
exp_feeding_strategies,HIGGS,5000,5000,20000,28,2,B_in_dm_m10_L3,arc_cosine,3,10,1000,,0.6205,12.91,2026-06-12T17:26:07.342060,B-input-d/m
exp_feeding_strategies,HIGGS,5000,5000,20000,28,2,B_in_dm_m10_L3,arc_cosine,3,10,1000,,0.6247,15.43,2026-06-12T17:26:28.597012,B-input-d/m
exp_feeding_strategies,HIGGS,5000,5000,20000,28,2,B_in_dm_m10_L3,arc_cosine,3,10,1000,,0.6301,12.63,2026-06-12T17:26:46.043534,B-input-d/m
exp_feeding_strategies,HIGGS,5000,5000,20000,28,2,D_sqrt_fullP_m1_L1,arc_cosine,1,1,1000,,0.5237,2.34,2026-06-12T17:26:48.583646,D_sqrt_fullP
exp_feeding_strategies,HIGGS,5000,5000,20000,28,2,D_sqrt_fullP_m1_L1,arc_cosine,1,1,1000,,0.6164,1.63,2026-06-12T17:26:50.411105,D_sqrt_fullP
exp_feeding_strategies,HIGGS,5000,5000,20000,28,2,D_sqrt_fullP_m1_L1,arc_cosine,1,1,1000,,0.5134,1.62,2026-06-12T17:26:52.234011,D_sqrt_fullP
exp_feeding_strategies,HIGGS,5000,5000,20000,28,2,D_sqrt_fullP_m1_L2,arc_cosine,2,1,1000,,0.5233,2.51,2026-06-12T17:26:55.367480,D_sqrt_fullP
exp_feeding_strategies,HIGGS,5000,5000,20000,28,2,D_sqrt_fullP_m1_L2,arc_cosine,2,1,1000,,0.6129,1.74,2026-06-12T17:26:57.633453,D_sqrt_fullP
exp_feeding_strategies,HIGGS,5000,5000,20000,28,2,D_sqrt_fullP_m1_L2,arc_cosine,2,1,1000,,0.5137,1.66,2026-06-12T17:26:59.759617,D_sqrt_fullP
exp_feeding_strategies,HIGGS,5000,5000,20000,28,2,D_sqrt_fullP_m1_L3,arc_cosine,3,1,1000,,0.5233,2.38,2026-06-12T17:27:02.717250,D_sqrt_fullP
exp_feeding_strategies,HIGGS,5000,5000,20000,28,2,D_sqrt_fullP_m1_L3,arc_cosine,3,1,1000,,0.6134,1.73,2026-06-12T17:27:05.020676,D_sqrt_fullP
exp_feeding_strategies,HIGGS,5000,5000,20000,28,2,D_sqrt_fullP_m1_L3,arc_cosine,3,1,1000,,0.5138,1.63,2026-06-12T17:27:07.186642,D_sqrt_fullP
exp_feeding_strategies,HIGGS,5000,5000,20000,28,2,D_sqrt_fullP_m10_L1,arc_cosine,1,10,1000,,0.5839,5.08,2026-06-12T17:27:14.011383,D_sqrt_fullP
exp_feeding_strategies,HIGGS,5000,5000,20000,28,2,D_sqrt_fullP_m10_L1,arc_cosine,1,10,1000,,0.596,4.91,2026-06-12T17:27:20.401680,D_sqrt_fullP
exp_feeding_strategies,HIGGS,5000,5000,20000,28,2,D_sqrt_fullP_m10_L1,arc_cosine,1,10,1000,,0.5724,5.02,2026-06-12T17:27:26.942247,D_sqrt_fullP
exp_feeding_strategies,HIGGS,5000,5000,20000,28,2,D_sqrt_fullP_m10_L2,arc_cosine,2,10,1000,,0.5757,9.78,2026-06-12T17:27:39.433346,D_sqrt_fullP
exp_feeding_strategies,HIGGS,5000,5000,20000,28,2,D_sqrt_fullP_m10_L2,arc_cosine,2,10,1000,,0.5935,9.61,2026-06-12T17:27:52.226209,D_sqrt_fullP
exp_feeding_strategies,HIGGS,5000,5000,20000,28,2,D_sqrt_fullP_m10_L2,arc_cosine,2,10,1000,,0.5646,9.81,2026-06-12T17:28:05.438205,D_sqrt_fullP
exp_feeding_strategies,HIGGS,5000,5000,20000,28,2,D_sqrt_fullP_m10_L3,arc_cosine,3,10,1000,,0.5728,15.41,2026-06-12T17:28:25.634881,D_sqrt_fullP
exp_feeding_strategies,HIGGS,5000,5000,20000,28,2,D_sqrt_fullP_m10_L3,arc_cosine,3,10,1000,,0.5898,15.1,2026-06-12T17:28:45.287625,D_sqrt_fullP
exp_feeding_strategies,HIGGS,5000,5000,20000,28,2,D_sqrt_fullP_m10_L3,arc_cosine,3,10,1000,,0.5638,14.34,2026-06-12T17:29:04.517473,D_sqrt_fullP
exp_feeding_strategies,HIGGS,5000,5000,20000,28,2,D_dm_fullP_m1_L1,arc_cosine,1,1,1000,,0.6181,1.46,2026-06-12T17:29:06.201144,D_dm_fullP
exp_feeding_strategies,HIGGS,5000,5000,20000,28,2,D_dm_fullP_m1_L1,arc_cosine,1,1,1000,,0.613,1.57,2026-06-12T17:29:07.953952,D_dm_fullP
exp_feeding_strategies,HIGGS,5000,5000,20000,28,2,D_dm_fullP_m1_L1,arc_cosine,1,1,1000,,0.6136,1.48,2026-06-12T17:29:09.627359,D_dm_fullP
exp_feeding_strategies,HIGGS,5000,5000,20000,28,2,D_dm_fullP_m1_L2,arc_cosine,2,1,1000,,0.6192,1.5,2026-06-12T17:29:11.507177,D_dm_fullP
exp_feeding_strategies,HIGGS,5000,5000,20000,28,2,D_dm_fullP_m1_L2,arc_cosine,2,1,1000,,0.6128,1.82,2026-06-12T17:29:13.688837,D_dm_fullP
exp_feeding_strategies,HIGGS,5000,5000,20000,28,2,D_dm_fullP_m1_L2,arc_cosine,2,1,1000,,0.6127,1.52,2026-06-12T17:29:15.539979,D_dm_fullP
exp_feeding_strategies,HIGGS,5000,5000,20000,28,2,D_dm_fullP_m1_L3,arc_cosine,3,1,1000,,0.6188,1.82,2026-06-12T17:29:18.008544,D_dm_fullP
exp_feeding_strategies,HIGGS,5000,5000,20000,28,2,D_dm_fullP_m1_L3,arc_cosine,3,1,1000,,0.613,1.81,2026-06-12T17:29:20.371312,D_dm_fullP
exp_feeding_strategies,HIGGS,5000,5000,20000,28,2,D_dm_fullP_m1_L3,arc_cosine,3,1,1000,,0.6136,1.79,2026-06-12T17:29:22.675538,D_dm_fullP
exp_feeding_strategies,HIGGS,5000,5000,20000,28,2,D_dm_fullP_m10_L1,arc_cosine,1,10,1000,,0.587,5.23,2026-06-12T17:29:29.407303,D_dm_fullP
exp_feeding_strategies,HIGGS,5000,5000,20000,28,2,D_dm_fullP_m10_L1,arc_cosine,1,10,1000,,0.6193,5.35,2026-06-12T17:29:36.484463,D_dm_fullP
exp_feeding_strategies,HIGGS,5000,5000,20000,28,2,D_dm_fullP_m10_L1,arc_cosine,1,10,1000,,0.6039,5.31,2026-06-12T17:29:43.455725,D_dm_fullP
exp_feeding_strategies,HIGGS,5000,5000,20000,28,2,D_dm_fullP_m10_L2,arc_cosine,2,10,1000,,0.588,10.22,2026-06-12T17:29:57.049512,D_dm_fullP
exp_feeding_strategies,HIGGS,5000,5000,20000,28,2,D_dm_fullP_m10_L2,arc_cosine,2,10,1000,,0.6213,9.82,2026-06-12T17:30:10.048382,D_dm_fullP
exp_feeding_strategies,HIGGS,5000,5000,20000,28,2,D_dm_fullP_m10_L2,arc_cosine,2,10,1000,,0.6013,9.19,2026-06-12T17:30:22.196917,D_dm_fullP
exp_feeding_strategies,HIGGS,5000,5000,20000,28,2,D_dm_fullP_m10_L3,arc_cosine,3,10,1000,,0.5823,13.56,2026-06-12T17:30:40.243331,D_dm_fullP
exp_feeding_strategies,HIGGS,5000,5000,20000,28,2,D_dm_fullP_m10_L3,arc_cosine,3,10,1000,,0.622,14.79,2026-06-12T17:30:59.859355,D_dm_fullP
exp_feeding_strategies,HIGGS,5000,5000,20000,28,2,D_dm_fullP_m10_L3,arc_cosine,3,10,1000,,0.6113,14.45,2026-06-12T17:31:19.054792,D_dm_fullP
exp_feeding_strategies,HIGGS,10000,10000,20000,28,2,C_splitdata_fullcols_m1_L1,arc_cosine,1,1,1000,,0.6346,2.1,2026-06-12T17:31:21.376187,C — split/full-cols
exp_feeding_strategies,HIGGS,10000,10000,20000,28,2,C_splitdata_fullcols_m1_L1,arc_cosine,1,1,1000,,0.6401,2.44,2026-06-12T17:31:24.035947,C — split/full-cols
exp_feeding_strategies,HIGGS,10000,10000,20000,28,2,C_splitdata_fullcols_m1_L1,arc_cosine,1,1,1000,,0.6319,1.99,2026-06-12T17:31:26.238093,C — split/full-cols
exp_feeding_strategies,HIGGS,10000,10000,20000,28,2,C_splitdata_fullcols_m1_L2,arc_cosine,2,1,1000,,0.6344,2.4,2026-06-12T17:31:29.053192,C — split/full-cols
exp_feeding_strategies,HIGGS,10000,10000,20000,28,2,C_splitdata_fullcols_m1_L2,arc_cosine,2,1,1000,,0.6401,2.67,2026-06-12T17:31:32.120893,C — split/full-cols
exp_feeding_strategies,HIGGS,10000,10000,20000,28,2,C_splitdata_fullcols_m1_L2,arc_cosine,2,1,1000,,0.632,2.24,2026-06-12T17:31:34.771266,C — split/full-cols
exp_feeding_strategies,HIGGS,10000,10000,20000,28,2,C_splitdata_fullcols_m1_L3,arc_cosine,3,1,1000,,0.6349,2.63,2026-06-12T17:31:38.019176,C — split/full-cols
exp_feeding_strategies,HIGGS,10000,10000,20000,28,2,C_splitdata_fullcols_m1_L3,arc_cosine,3,1,1000,,0.64,3.62,2026-06-12T17:31:42.311308,C — split/full-cols
exp_feeding_strategies,HIGGS,10000,10000,20000,28,2,C_splitdata_fullcols_m1_L3,arc_cosine,3,1,1000,,0.6321,2.7,2026-06-12T17:31:45.704084,C — split/full-cols
exp_feeding_strategies,HIGGS,10000,10000,20000,28,2,C_splitdata_fullcols_m10_L1,arc_cosine,1,10,1000,,0.6445,3.36,2026-06-12T17:31:49.359305,C — split/full-cols
exp_feeding_strategies,HIGGS,10000,10000,20000,28,2,C_splitdata_fullcols_m10_L1,arc_cosine,1,10,1000,,0.6511,3.31,2026-06-12T17:31:53.002155,C — split/full-cols
exp_feeding_strategies,HIGGS,10000,10000,20000,28,2,C_splitdata_fullcols_m10_L1,arc_cosine,1,10,1000,,0.6378,3.12,2026-06-12T17:31:56.447223,C — split/full-cols
exp_feeding_strategies,HIGGS,10000,10000,20000,28,2,C_splitdata_fullcols_m10_L2,arc_cosine,2,10,1000,,0.6371,5.51,2026-06-12T17:32:02.437098,C — split/full-cols
exp_feeding_strategies,HIGGS,10000,10000,20000,28,2,C_splitdata_fullcols_m10_L2,arc_cosine,2,10,1000,,0.6437,5.79,2026-06-12T17:32:08.677942,C — split/full-cols
exp_feeding_strategies,HIGGS,10000,10000,20000,28,2,C_splitdata_fullcols_m10_L2,arc_cosine,2,10,1000,,0.6317,5.3,2026-06-12T17:32:14.421905,C — split/full-cols
exp_feeding_strategies,HIGGS,10000,10000,20000,28,2,C_splitdata_fullcols_m10_L3,arc_cosine,3,10,1000,,0.6318,7.73,2026-06-12T17:32:22.999014,C — split/full-cols
exp_feeding_strategies,HIGGS,10000,10000,20000,28,2,C_splitdata_fullcols_m10_L3,arc_cosine,3,10,1000,,0.6393,8.31,2026-06-12T17:32:31.973916,C — split/full-cols
exp_feeding_strategies,HIGGS,10000,10000,20000,28,2,C_splitdata_fullcols_m10_L3,arc_cosine,3,10,1000,,0.6242,7.68,2026-06-12T17:32:40.320619,C — split/full-cols
exp_feeding_strategies,HIGGS,10000,10000,20000,28,2,C_splitdata_fullcols_m50_L1,arc_cosine,1,50,1000,,0.6522,1.47,2026-06-12T17:32:42.061611,C — split/full-cols
exp_feeding_strategies,HIGGS,10000,10000,20000,28,2,C_splitdata_fullcols_m50_L1,arc_cosine,1,50,1000,,0.6561,1.3,2026-06-12T17:32:43.622307,C — split/full-cols
exp_feeding_strategies,HIGGS,10000,10000,20000,28,2,C_splitdata_fullcols_m50_L1,arc_cosine,1,50,1000,,0.6437,1.31,2026-06-12T17:32:45.189735,C — split/full-cols
exp_feeding_strategies,HIGGS,10000,10000,20000,28,2,C_splitdata_fullcols_m50_L2,arc_cosine,2,50,1000,,0.6533,2.26,2026-06-12T17:32:47.924738,C — split/full-cols
exp_feeding_strategies,HIGGS,10000,10000,20000,28,2,C_splitdata_fullcols_m50_L2,arc_cosine,2,50,1000,,0.6593,2.11,2026-06-12T17:32:50.537907,C — split/full-cols
exp_feeding_strategies,HIGGS,10000,10000,20000,28,2,C_splitdata_fullcols_m50_L2,arc_cosine,2,50,1000,,0.6446,2.09,2026-06-12T17:32:53.107812,C — split/full-cols
exp_feeding_strategies,HIGGS,10000,10000,20000,28,2,C_splitdata_fullcols_m50_L3,arc_cosine,3,50,1000,,0.6545,3.36,2026-06-12T17:32:57.259077,C — split/full-cols
exp_feeding_strategies,HIGGS,10000,10000,20000,28,2,C_splitdata_fullcols_m50_L3,arc_cosine,3,50,1000,,0.6569,3.2,2026-06-12T17:33:01.306274,C — split/full-cols
exp_feeding_strategies,HIGGS,10000,10000,20000,28,2,C_splitdata_fullcols_m50_L3,arc_cosine,3,50,1000,,0.6458,3.17,2026-06-12T17:33:05.188476,C — split/full-cols
exp_feeding_strategies,HIGGS,10000,10000,20000,28,2,B_in_sqrt_m1_L1,arc_cosine,1,1,1000,,0.5194,4.08,2026-06-12T17:33:09.485778,B-input-√d-
exp_feeding_strategies,HIGGS,10000,10000,20000,28,2,B_in_sqrt_m1_L1,arc_cosine,1,1,1000,,0.6219,2.26,2026-06-12T17:33:11.969859,B-input-√d-
exp_feeding_strategies,HIGGS,10000,10000,20000,28,2,B_in_sqrt_m1_L1,arc_cosine,1,1,1000,,0.5077,3.51,2026-06-12T17:33:15.698804,B-input-√d-
exp_feeding_strategies,HIGGS,10000,10000,20000,28,2,B_in_sqrt_m1_L2,arc_cosine,2,1,1000,,0.5196,4.3,2026-06-12T17:33:20.406089,B-input-√d-
exp_feeding_strategies,HIGGS,10000,10000,20000,28,2,B_in_sqrt_m1_L2,arc_cosine,2,1,1000,,0.6197,2.53,2026-06-12T17:33:23.320481,B-input-√d-
exp_feeding_strategies,HIGGS,10000,10000,20000,28,2,B_in_sqrt_m1_L2,arc_cosine,2,1,1000,,0.5072,3.76,2026-06-12T17:33:27.517641,B-input-√d-
exp_feeding_strategies,HIGGS,10000,10000,20000,28,2,B_in_sqrt_m1_L3,arc_cosine,3,1,1000,,0.5196,4.72,2026-06-12T17:33:32.807366,B-input-√d-
exp_feeding_strategies,HIGGS,10000,10000,20000,28,2,B_in_sqrt_m1_L3,arc_cosine,3,1,1000,,0.6196,2.8,2026-06-12T17:33:36.171625,B-input-√d-
exp_feeding_strategies,HIGGS,10000,10000,20000,28,2,B_in_sqrt_m1_L3,arc_cosine,3,1,1000,,0.5072,4.05,2026-06-12T17:33:40.826136,B-input-√d-
exp_feeding_strategies,HIGGS,10000,10000,20000,28,2,B_in_sqrt_m10_L1,arc_cosine,1,10,1000,,0.6226,42.38,2026-06-12T17:34:25.027288,B-input-√d-
exp_feeding_strategies,HIGGS,10000,10000,20000,28,2,B_in_sqrt_m10_L1,arc_cosine,1,10,1000,,0.6389,37.74,2026-06-12T17:35:04.421632,B-input-√d-
exp_feeding_strategies,HIGGS,10000,10000,20000,28,2,B_in_sqrt_m10_L1,arc_cosine,1,10,1000,,0.6039,47.32,2026-06-12T17:35:53.482889,B-input-√d-
exp_feeding_strategies,HIGGS,10000,10000,20000,28,2,B_in_sqrt_m10_L2,arc_cosine,2,10,1000,,0.6319,54.28,2026-06-12T17:36:51.752238,B-input-√d-
exp_feeding_strategies,HIGGS,10000,10000,20000,28,2,B_in_sqrt_m10_L2,arc_cosine,2,10,1000,,0.6394,47.43,2026-06-12T17:37:42.477619,B-input-√d-
exp_feeding_strategies,HIGGS,10000,10000,20000,28,2,B_in_sqrt_m10_L2,arc_cosine,2,10,1000,,0.6044,57.87,2026-06-12T17:38:43.791981,B-input-√d-
exp_feeding_strategies,HIGGS,10000,10000,20000,28,2,B_in_sqrt_m10_L3,arc_cosine,3,10,1000,,0.6294,49.59,2026-06-12T17:39:38.134236,B-input-√d-
exp_feeding_strategies,HIGGS,10000,10000,20000,28,2,B_in_sqrt_m10_L3,arc_cosine,3,10,1000,,0.6436,47.0,2026-06-12T17:40:29.849007,B-input-√d-
exp_feeding_strategies,HIGGS,10000,10000,20000,28,2,B_in_sqrt_m10_L3,arc_cosine,3,10,1000,,0.6031,54.07,2026-06-12T17:41:28.647002,B-input-√d-
exp_feeding_strategies,HIGGS,10000,10000,20000,28,2,B_in_sqrt_m50_L1,arc_cosine,1,50,1000,,0.6395,188.47,2026-06-12T17:44:44.955672,B-input-√d-
exp_feeding_strategies,HIGGS,10000,10000,20000,28,2,B_in_sqrt_m50_L1,arc_cosine,1,50,1000,,0.6405,187.68,2026-06-12T17:48:00.483195,B-input-√d-
exp_feeding_strategies,HIGGS,10000,10000,20000,28,2,B_in_sqrt_m50_L1,arc_cosine,1,50,1000,,0.6359,187.63,2026-06-12T17:51:16.177344,B-input-√d-
exp_feeding_strategies,HIGGS,10000,10000,20000,28,2,B_in_sqrt_m50_L2,arc_cosine,2,50,1000,,0.6496,300.1,2026-06-12T17:56:32.167240,B-input-√d-
exp_feeding_strategies,HIGGS,10000,10000,20000,28,2,B_in_sqrt_m50_L2,arc_cosine,2,50,1000,,0.6406,291.61,2026-06-12T18:01:39.680875,B-input-√d-
exp_feeding_strategies,HIGGS,10000,10000,20000,28,2,B_in_sqrt_m50_L2,arc_cosine,2,50,1000,,0.6383,304.8,2026-06-12T18:07:00.415180,B-input-√d-
exp_feeding_strategies,HIGGS,10000,10000,20000,28,2,B_in_sqrt_m50_L3,arc_cosine,3,50,1000,,0.6633,320.15,2026-06-12T18:12:44.494025,B-input-√d-
exp_feeding_strategies,HIGGS,10000,10000,20000,28,2,B_in_sqrt_m50_L3,arc_cosine,3,50,1000,,0.6616,312.31,2026-06-12T18:18:21.504599,B-input-√d-
exp_feeding_strategies,HIGGS,10000,10000,20000,28,2,B_in_sqrt_m50_L3,arc_cosine,3,50,1000,,0.6546,393.52,2026-06-12T18:25:23.837204,B-input-√d-
exp_feeding_strategies,HIGGS,10000,10000,20000,28,2,B_in_dm_m1_L1,arc_cosine,1,1,1000,,0.6391,2.49,2026-06-12T18:25:26.643186,B-input-d/m
exp_feeding_strategies,HIGGS,10000,10000,20000,28,2,B_in_dm_m1_L1,arc_cosine,1,1,1000,,0.6442,2.39,2026-06-12T18:25:29.264978,B-input-d/m
exp_feeding_strategies,HIGGS,10000,10000,20000,28,2,B_in_dm_m1_L1,arc_cosine,1,1,1000,,0.6351,2.5,2026-06-12T18:25:31.982499,B-input-d/m
exp_feeding_strategies,HIGGS,10000,10000,20000,28,2,B_in_dm_m1_L2,arc_cosine,2,1,1000,,0.6391,2.67,2026-06-12T18:25:35.076423,B-input-d/m
exp_feeding_strategies,HIGGS,10000,10000,20000,28,2,B_in_dm_m1_L2,arc_cosine,2,1,1000,,0.6441,2.86,2026-06-12T18:25:38.348810,B-input-d/m
exp_feeding_strategies,HIGGS,10000,10000,20000,28,2,B_in_dm_m1_L2,arc_cosine,2,1,1000,,0.6351,2.29,2026-06-12T18:25:41.148081,B-input-d/m
exp_feeding_strategies,HIGGS,10000,10000,20000,28,2,B_in_dm_m1_L3,arc_cosine,3,1,1000,,0.6389,2.9,2026-06-12T18:25:44.676119,B-input-d/m
exp_feeding_strategies,HIGGS,10000,10000,20000,28,2,B_in_dm_m1_L3,arc_cosine,3,1,1000,,0.6443,3.29,2026-06-12T18:25:48.574510,B-input-d/m
exp_feeding_strategies,HIGGS,10000,10000,20000,28,2,B_in_dm_m1_L3,arc_cosine,3,1,1000,,0.635,2.8,2026-06-12T18:25:51.977384,B-input-d/m
exp_feeding_strategies,HIGGS,10000,10000,20000,28,2,B_in_dm_m10_L1,arc_cosine,1,10,1000,,0.6254,18.92,2026-06-12T18:26:12.770222,B-input-d/m
exp_feeding_strategies,HIGGS,10000,10000,20000,28,2,B_in_dm_m10_L1,arc_cosine,1,10,1000,,0.6431,19.22,2026-06-12T18:26:33.702910,B-input-d/m
exp_feeding_strategies,HIGGS,10000,10000,20000,28,2,B_in_dm_m10_L1,arc_cosine,1,10,1000,,0.6374,19.42,2026-06-12T18:26:54.760074,B-input-d/m
exp_feeding_strategies,HIGGS,10000,10000,20000,28,2,B_in_dm_m10_L2,arc_cosine,2,10,1000,,0.6305,18.07,2026-06-12T18:27:16.344807,B-input-d/m
exp_feeding_strategies,HIGGS,10000,10000,20000,28,2,B_in_dm_m10_L2,arc_cosine,2,10,1000,,0.644,21.13,2026-06-12T18:27:41.270437,B-input-d/m
exp_feeding_strategies,HIGGS,10000,10000,20000,28,2,B_in_dm_m10_L2,arc_cosine,2,10,1000,,0.638,22.21,2026-06-12T18:28:06.963476,B-input-d/m
exp_feeding_strategies,HIGGS,10000,10000,20000,28,2,B_in_dm_m10_L3,arc_cosine,3,10,1000,,0.6316,21.05,2026-06-12T18:28:33.804853,B-input-d/m
exp_feeding_strategies,HIGGS,10000,10000,20000,28,2,B_in_dm_m10_L3,arc_cosine,3,10,1000,,0.6431,26.0,2026-06-12T18:29:05.373859,B-input-d/m
exp_feeding_strategies,HIGGS,10000,10000,20000,28,2,B_in_dm_m10_L3,arc_cosine,3,10,1000,,0.6381,25.54,2026-06-12T18:29:36.711440,B-input-d/m
exp_feeding_strategies,HIGGS,10000,10000,20000,28,2,D_sqrt_fullP_m1_L1,arc_cosine,1,1,1000,,0.5256,2.64,2026-06-12T18:29:39.572219,D_sqrt_fullP
exp_feeding_strategies,HIGGS,10000,10000,20000,28,2,D_sqrt_fullP_m1_L1,arc_cosine,1,1,1000,,0.6176,4.64,2026-06-12T18:29:44.427982,D_sqrt_fullP
exp_feeding_strategies,HIGGS,10000,10000,20000,28,2,D_sqrt_fullP_m1_L1,arc_cosine,1,1,1000,,0.5084,4.45,2026-06-12T18:29:49.098526,D_sqrt_fullP
exp_feeding_strategies,HIGGS,10000,10000,20000,28,2,D_sqrt_fullP_m1_L2,arc_cosine,2,1,1000,,0.5255,3.1,2026-06-12T18:29:52.644017,D_sqrt_fullP
exp_feeding_strategies,HIGGS,10000,10000,20000,28,2,D_sqrt_fullP_m1_L2,arc_cosine,2,1,1000,,0.6207,5.06,2026-06-12T18:29:58.129453,D_sqrt_fullP
exp_feeding_strategies,HIGGS,10000,10000,20000,28,2,D_sqrt_fullP_m1_L2,arc_cosine,2,1,1000,,0.5083,5.63,2026-06-12T18:30:04.200333,D_sqrt_fullP
exp_feeding_strategies,HIGGS,10000,10000,20000,28,2,D_sqrt_fullP_m1_L3,arc_cosine,3,1,1000,,0.5257,3.73,2026-06-12T18:30:08.592545,D_sqrt_fullP
exp_feeding_strategies,HIGGS,10000,10000,20000,28,2,D_sqrt_fullP_m1_L3,arc_cosine,3,1,1000,,0.6207,6.17,2026-06-12T18:30:15.420030,D_sqrt_fullP
exp_feeding_strategies,HIGGS,10000,10000,20000,28,2,D_sqrt_fullP_m1_L3,arc_cosine,3,1,1000,,0.5082,6.03,2026-06-12T18:30:22.184066,D_sqrt_fullP
exp_feeding_strategies,HIGGS,10000,10000,20000,28,2,D_sqrt_fullP_m10_L1,arc_cosine,1,10,1000,,0.6028,3.35,2026-06-12T18:30:27.416870,D_sqrt_fullP
exp_feeding_strategies,HIGGS,10000,10000,20000,28,2,D_sqrt_fullP_m10_L1,arc_cosine,1,10,1000,,0.6217,3.23,2026-06-12T18:30:32.769698,D_sqrt_fullP
exp_feeding_strategies,HIGGS,10000,10000,20000,28,2,D_sqrt_fullP_m10_L1,arc_cosine,1,10,1000,,0.5903,3.22,2026-06-12T18:30:37.879090,D_sqrt_fullP
exp_feeding_strategies,HIGGS,10000,10000,20000,28,2,D_sqrt_fullP_m10_L2,arc_cosine,2,10,1000,,0.6005,5.17,2026-06-12T18:30:46.322239,D_sqrt_fullP
exp_feeding_strategies,HIGGS,10000,10000,20000,28,2,D_sqrt_fullP_m10_L2,arc_cosine,2,10,1000,,0.6154,4.64,2026-06-12T18:30:54.431408,D_sqrt_fullP
exp_feeding_strategies,HIGGS,10000,10000,20000,28,2,D_sqrt_fullP_m10_L2,arc_cosine,2,10,1000,,0.5917,4.63,2026-06-12T18:31:02.474903,D_sqrt_fullP
exp_feeding_strategies,HIGGS,10000,10000,20000,28,2,D_sqrt_fullP_m10_L3,arc_cosine,3,10,1000,,0.5958,6.54,2026-06-12T18:31:14.035714,D_sqrt_fullP
exp_feeding_strategies,HIGGS,10000,10000,20000,28,2,D_sqrt_fullP_m10_L3,arc_cosine,3,10,1000,,0.612,6.85,2026-06-12T18:31:26.065063,D_sqrt_fullP
exp_feeding_strategies,HIGGS,10000,10000,20000,28,2,D_sqrt_fullP_m10_L3,arc_cosine,3,10,1000,,0.5883,6.75,2026-06-12T18:31:37.990703,D_sqrt_fullP
exp_feeding_strategies,HIGGS,10000,10000,20000,28,2,D_sqrt_fullP_m50_L1,arc_cosine,1,50,1000,,0.6461,12.33,2026-06-12T18:31:58.535596,D_sqrt_fullP
exp_feeding_strategies,HIGGS,10000,10000,20000,28,2,D_sqrt_fullP_m50_L1,arc_cosine,1,50,1000,,0.6452,11.91,2026-06-12T18:32:19.037807,D_sqrt_fullP
exp_feeding_strategies,HIGGS,10000,10000,20000,28,2,D_sqrt_fullP_m50_L1,arc_cosine,1,50,1000,,0.6431,12.04,2026-06-12T18:32:39.608215,D_sqrt_fullP
exp_feeding_strategies,HIGGS,10000,10000,20000,28,2,D_sqrt_fullP_m50_L2,arc_cosine,2,50,1000,,0.6365,22.96,2026-06-12T18:33:20.499066,D_sqrt_fullP
exp_feeding_strategies,HIGGS,10000,10000,20000,28,2,D_sqrt_fullP_m50_L2,arc_cosine,2,50,1000,,0.6297,22.85,2026-06-12T18:34:00.561592,D_sqrt_fullP
exp_feeding_strategies,HIGGS,10000,10000,20000,28,2,D_sqrt_fullP_m50_L2,arc_cosine,2,50,1000,,0.6321,23.07,2026-06-12T18:34:40.682005,D_sqrt_fullP
exp_feeding_strategies,HIGGS,10000,10000,20000,28,2,D_sqrt_fullP_m50_L3,arc_cosine,3,50,1000,,0.6302,36.94,2026-06-12T18:35:42.957530,D_sqrt_fullP
exp_feeding_strategies,HIGGS,10000,10000,20000,28,2,D_sqrt_fullP_m50_L3,arc_cosine,3,50,1000,,0.6171,34.97,2026-06-12T18:36:44.657438,D_sqrt_fullP
exp_feeding_strategies,HIGGS,10000,10000,20000,28,2,D_sqrt_fullP_m50_L3,arc_cosine,3,50,1000,,0.6129,34.06,2026-06-12T18:37:44.833146,D_sqrt_fullP
exp_feeding_strategies,HIGGS,10000,10000,20000,28,2,D_dm_fullP_m1_L1,arc_cosine,1,1,1000,,0.6373,2.7,2026-06-12T18:37:47.756328,D_dm_fullP
exp_feeding_strategies,HIGGS,10000,10000,20000,28,2,D_dm_fullP_m1_L1,arc_cosine,1,1,1000,,0.6377,2.54,2026-06-12T18:37:50.513538,D_dm_fullP
exp_feeding_strategies,HIGGS,10000,10000,20000,28,2,D_dm_fullP_m1_L1,arc_cosine,1,1,1000,,0.6297,2.16,2026-06-12T18:37:52.912924,D_dm_fullP
exp_feeding_strategies,HIGGS,10000,10000,20000,28,2,D_dm_fullP_m1_L2,arc_cosine,2,1,1000,,0.6361,3.07,2026-06-12T18:37:56.387214,D_dm_fullP
exp_feeding_strategies,HIGGS,10000,10000,20000,28,2,D_dm_fullP_m1_L2,arc_cosine,2,1,1000,,0.6372,3.02,2026-06-12T18:37:59.823951,D_dm_fullP
exp_feeding_strategies,HIGGS,10000,10000,20000,28,2,D_dm_fullP_m1_L2,arc_cosine,2,1,1000,,0.6297,2.53,2026-06-12T18:38:02.792937,D_dm_fullP
exp_feeding_strategies,HIGGS,10000,10000,20000,28,2,D_dm_fullP_m1_L3,arc_cosine,3,1,1000,,0.6365,3.55,2026-06-12T18:38:06.998967,D_dm_fullP
exp_feeding_strategies,HIGGS,10000,10000,20000,28,2,D_dm_fullP_m1_L3,arc_cosine,3,1,1000,,0.6373,3.25,2026-06-12T18:38:10.863058,D_dm_fullP
exp_feeding_strategies,HIGGS,10000,10000,20000,28,2,D_dm_fullP_m1_L3,arc_cosine,3,1,1000,,0.6297,3.36,2026-06-12T18:38:14.973508,D_dm_fullP
exp_feeding_strategies,HIGGS,10000,10000,20000,28,2,D_dm_fullP_m10_L1,arc_cosine,1,10,1000,,0.6227,2.3,2026-06-12T18:38:19.097031,D_dm_fullP
exp_feeding_strategies,HIGGS,10000,10000,20000,28,2,D_dm_fullP_m10_L1,arc_cosine,1,10,1000,,0.6211,2.21,2026-06-12T18:38:23.219067,D_dm_fullP
exp_feeding_strategies,HIGGS,10000,10000,20000,28,2,D_dm_fullP_m10_L1,arc_cosine,1,10,1000,,0.6161,2.31,2026-06-12T18:38:27.366162,D_dm_fullP
exp_feeding_strategies,HIGGS,10000,10000,20000,28,2,D_dm_fullP_m10_L2,arc_cosine,2,10,1000,,0.6339,3.21,2026-06-12T18:38:34.785684,D_dm_fullP
exp_feeding_strategies,HIGGS,10000,10000,20000,28,2,D_dm_fullP_m10_L2,arc_cosine,2,10,1000,,0.6206,3.3,2026-06-12T18:38:44.087171,D_dm_fullP
exp_feeding_strategies,HIGGS,10000,10000,20000,28,2,D_dm_fullP_m10_L2,arc_cosine,2,10,1000,,0.6164,3.32,2026-06-12T18:38:52.386396,D_dm_fullP
exp_feeding_strategies,HIGGS,10000,10000,20000,28,2,D_dm_fullP_m10_L3,arc_cosine,3,10,1000,,0.6341,4.52,2026-06-12T18:39:04.177684,D_dm_fullP
exp_feeding_strategies,HIGGS,10000,10000,20000,28,2,D_dm_fullP_m10_L3,arc_cosine,3,10,1000,,0.6217,5.05,2026-06-12T18:39:15.253614,D_dm_fullP
exp_feeding_strategies,HIGGS,10000,10000,20000,28,2,D_dm_fullP_m10_L3,arc_cosine,3,10,1000,,0.6173,3.98,2026-06-12T18:39:25.127837,D_dm_fullP
exp_feeding_strategies,HIGGS,50000,50000,20000,28,2,C_splitdata_fullcols_m1_L1,arc_cosine,1,1,1000,,0.6734,9.08,2026-06-12T18:39:34.721297,C — split/full-cols
exp_feeding_strategies,HIGGS,50000,50000,20000,28,2,C_splitdata_fullcols_m1_L1,arc_cosine,1,1,1000,,0.6676,10.01,2026-06-12T18:39:45.218172,C — split/full-cols
exp_feeding_strategies,HIGGS,50000,50000,20000,28,2,C_splitdata_fullcols_m1_L1,arc_cosine,1,1,1000,,0.6714,13.57,2026-06-12T18:39:59.251567,C — split/full-cols
exp_feeding_strategies,HIGGS,50000,50000,20000,28,2,C_splitdata_fullcols_m1_L2,arc_cosine,2,1,1000,,0.6736,10.66,2026-06-12T18:40:10.994388,C — split/full-cols
exp_feeding_strategies,HIGGS,50000,50000,20000,28,2,C_splitdata_fullcols_m1_L2,arc_cosine,2,1,1000,,0.6679,16.76,2026-06-12T18:40:29.019821,C — split/full-cols
exp_feeding_strategies,HIGGS,50000,50000,20000,28,2,C_splitdata_fullcols_m1_L2,arc_cosine,2,1,1000,,0.6734,13.9,2026-06-12T18:40:43.839109,C — split/full-cols
exp_feeding_strategies,HIGGS,50000,50000,20000,28,2,C_splitdata_fullcols_m1_L3,arc_cosine,3,1,1000,,0.6737,13.2,2026-06-12T18:40:59.553515,C — split/full-cols
exp_feeding_strategies,HIGGS,50000,50000,20000,28,2,C_splitdata_fullcols_m1_L3,arc_cosine,3,1,1000,,0.6677,13.53,2026-06-12T18:41:14.409335,C — split/full-cols
exp_feeding_strategies,HIGGS,50000,50000,20000,28,2,C_splitdata_fullcols_m1_L3,arc_cosine,3,1,1000,,0.6736,11.34,2026-06-12T18:41:27.089158,C — split/full-cols
exp_feeding_strategies,HIGGS,50000,50000,20000,28,2,C_splitdata_fullcols_m10_L1,arc_cosine,1,10,1000,,0.672,13.1,2026-06-12T18:41:40.883364,C — split/full-cols
exp_feeding_strategies,HIGGS,50000,50000,20000,28,2,C_splitdata_fullcols_m10_L1,arc_cosine,1,10,1000,,0.6674,14.81,2026-06-12T18:41:56.290952,C — split/full-cols
exp_feeding_strategies,HIGGS,50000,50000,20000,28,2,C_splitdata_fullcols_m10_L1,arc_cosine,1,10,1000,,0.6714,13.9,2026-06-12T18:42:10.908557,C — split/full-cols
exp_feeding_strategies,HIGGS,50000,50000,20000,28,2,C_splitdata_fullcols_m10_L2,arc_cosine,2,10,1000,,0.6681,39.01,2026-06-12T18:42:50.950894,C — split/full-cols
exp_feeding_strategies,HIGGS,50000,50000,20000,28,2,C_splitdata_fullcols_m10_L2,arc_cosine,2,10,1000,,0.6618,30.5,2026-06-12T18:43:22.547555,C — split/full-cols
exp_feeding_strategies,HIGGS,50000,50000,20000,28,2,C_splitdata_fullcols_m10_L2,arc_cosine,2,10,1000,,0.6632,33.17,2026-06-12T18:43:56.787301,C — split/full-cols
exp_feeding_strategies,HIGGS,50000,50000,20000,28,2,C_splitdata_fullcols_m10_L3,arc_cosine,3,10,1000,,0.6632,47.67,2026-06-12T18:44:46.258290,C — split/full-cols
exp_feeding_strategies,HIGGS,50000,50000,20000,28,2,C_splitdata_fullcols_m10_L3,arc_cosine,3,10,1000,,0.6602,49.64,2026-06-12T18:45:37.428137,C — split/full-cols
exp_feeding_strategies,HIGGS,50000,50000,20000,28,2,C_splitdata_fullcols_m10_L3,arc_cosine,3,10,1000,,0.6603,43.2,2026-06-12T18:46:22.135945,C — split/full-cols
exp_feeding_strategies,HIGGS,50000,50000,20000,28,2,C_splitdata_fullcols_m50_L1,arc_cosine,1,50,1000,,0.6737,14.98,2026-06-12T18:46:37.737914,C — split/full-cols
exp_feeding_strategies,HIGGS,50000,50000,20000,28,2,C_splitdata_fullcols_m50_L1,arc_cosine,1,50,1000,,0.6701,15.78,2026-06-12T18:46:54.145624,C — split/full-cols
exp_feeding_strategies,HIGGS,50000,50000,20000,28,2,C_splitdata_fullcols_m50_L1,arc_cosine,1,50,1000,,0.6731,17.83,2026-06-12T18:47:12.626320,C — split/full-cols
exp_feeding_strategies,HIGGS,50000,50000,20000,28,2,C_splitdata_fullcols_m50_L2,arc_cosine,2,50,1000,,0.6746,23.55,2026-06-12T18:47:37.307180,C — split/full-cols
exp_feeding_strategies,HIGGS,50000,50000,20000,28,2,C_splitdata_fullcols_m50_L2,arc_cosine,2,50,1000,,0.6659,22.07,2026-06-12T18:48:00.632171,C — split/full-cols
exp_feeding_strategies,HIGGS,50000,50000,20000,28,2,C_splitdata_fullcols_m50_L2,arc_cosine,2,50,1000,,0.6682,23.05,2026-06-12T18:48:25.047594,C — split/full-cols
exp_feeding_strategies,HIGGS,50000,50000,20000,28,2,C_splitdata_fullcols_m50_L3,arc_cosine,3,50,1000,,0.6706,30.96,2026-06-12T18:48:57.499875,C — split/full-cols
exp_feeding_strategies,HIGGS,50000,50000,20000,28,2,C_splitdata_fullcols_m50_L3,arc_cosine,3,50,1000,,0.6633,32.04,2026-06-12T18:49:31.492993,C — split/full-cols
exp_feeding_strategies,HIGGS,50000,50000,20000,28,2,C_splitdata_fullcols_m50_L3,arc_cosine,3,50,1000,,0.6664,34.63,2026-06-12T18:50:07.993558,C — split/full-cols
exp_feeding_strategies,HIGGS,50000,50000,20000,28,2,B_in_sqrt_m1_L1,arc_cosine,1,1,1000,,0.5378,19.35,2026-06-12T18:50:27.855754,B-input-√d-
exp_feeding_strategies,HIGGS,50000,50000,20000,28,2,B_in_sqrt_m1_L1,arc_cosine,1,1,1000,,0.6224,14.89,2026-06-12T18:50:43.229783,B-input-√d-
exp_feeding_strategies,HIGGS,50000,50000,20000,28,2,B_in_sqrt_m1_L1,arc_cosine,1,1,1000,,0.5206,28.91,2026-06-12T18:51:12.622395,B-input-√d-
exp_feeding_strategies,HIGGS,50000,50000,20000,28,2,B_in_sqrt_m1_L2,arc_cosine,2,1,1000,,0.5379,16.99,2026-06-12T18:51:30.456238,B-input-√d-
exp_feeding_strategies,HIGGS,50000,50000,20000,28,2,B_in_sqrt_m1_L2,arc_cosine,2,1,1000,,0.6211,13.67,2026-06-12T18:51:44.954660,B-input-√d-
exp_feeding_strategies,HIGGS,50000,50000,20000,28,2,B_in_sqrt_m1_L2,arc_cosine,2,1,1000,,0.5205,29.72,2026-06-12T18:52:15.505901,B-input-√d-
exp_feeding_strategies,HIGGS,50000,50000,20000,28,2,B_in_sqrt_m1_L3,arc_cosine,3,1,1000,,0.5379,17.79,2026-06-12T18:52:34.595458,B-input-√d-
exp_feeding_strategies,HIGGS,50000,50000,20000,28,2,B_in_sqrt_m1_L3,arc_cosine,3,1,1000,,0.6211,14.93,2026-06-12T18:52:50.726392,B-input-√d-
exp_feeding_strategies,HIGGS,50000,50000,20000,28,2,B_in_sqrt_m1_L3,arc_cosine,3,1,1000,,0.5204,30.93,2026-06-12T18:53:22.918016,B-input-√d-
exp_feeding_strategies,HIGGS,50000,50000,20000,28,2,B_in_sqrt_m10_L1,arc_cosine,1,10,1000,,0.6464,152.56,2026-06-12T18:55:59.228641,B-input-√d-
exp_feeding_strategies,HIGGS,50000,50000,20000,28,2,B_in_sqrt_m10_L1,arc_cosine,1,10,1000,,0.6609,163.53,2026-06-12T18:58:46.560309,B-input-√d-
exp_feeding_strategies,HIGGS,50000,50000,20000,28,2,B_in_sqrt_m10_L1,arc_cosine,1,10,1000,,0.6308,177.45,2026-06-12T19:01:47.946297,B-input-√d-
exp_feeding_strategies,HIGGS,50000,50000,20000,28,2,B_in_sqrt_m10_L2,arc_cosine,2,10,1000,,0.6494,171.25,2026-06-12T19:04:46.698657,B-input-√d-
exp_feeding_strategies,HIGGS,50000,50000,20000,28,2,B_in_sqrt_m10_L2,arc_cosine,2,10,1000,,0.6597,183.7,2026-06-12T19:07:57.749848,B-input-√d-
exp_feeding_strategies,HIGGS,50000,50000,20000,28,2,B_in_sqrt_m10_L2,arc_cosine,2,10,1000,,0.6354,197.92,2026-06-12T19:11:23.246254,B-input-√d-
exp_feeding_strategies,HIGGS,50000,50000,20000,28,2,B_in_sqrt_m10_L3,arc_cosine,3,10,1000,,0.6495,190.74,2026-06-12T19:14:45.150632,B-input-√d-
exp_feeding_strategies,HIGGS,50000,50000,20000,28,2,B_in_sqrt_m10_L3,arc_cosine,3,10,1000,,0.6604,203.2,2026-06-12T19:18:19.596827,B-input-√d-
exp_feeding_strategies,HIGGS,50000,50000,20000,28,2,B_in_sqrt_m10_L3,arc_cosine,3,10,1000,,0.6351,217.42,2026-06-12T19:22:08.135074,B-input-√d-
exp_feeding_strategies,HIGGS,50000,50000,20000,28,2,B_in_sqrt_m50_L1,arc_cosine,1,50,1000,,0.6913,895.4,2026-06-12T19:37:25.007162,B-input-√d-
exp_feeding_strategies,HIGGS,50000,50000,20000,28,2,B_in_sqrt_m50_L1,arc_cosine,1,50,1000,,0.6839,885.78,2026-06-12T19:52:39.501927,B-input-√d-
exp_feeding_strategies,HIGGS,50000,50000,20000,28,2,B_in_sqrt_m50_L1,arc_cosine,1,50,1000,,0.6784,834.75,2026-06-12T20:06:55.298886,B-input-√d-
exp_feeding_strategies,HIGGS,50000,50000,20000,28,2,B_in_sqrt_m50_L2,arc_cosine,2,50,1000,,0.6888,1561.5,2026-06-12T20:33:38.395552,B-input-√d-
exp_feeding_strategies,HIGGS,50000,50000,20000,28,2,B_in_sqrt_m50_L2,arc_cosine,2,50,1000,,0.6802,1620.04,2026-06-12T21:01:15.693416,B-input-√d-
exp_feeding_strategies,HIGGS,50000,50000,20000,28,2,B_in_sqrt_m50_L2,arc_cosine,2,50,1000,,0.6754,1592.1,2026-06-12T21:28:28.715390,B-input-√d-
exp_feeding_strategies,HIGGS,50000,50000,20000,28,2,B_in_sqrt_m50_L3,arc_cosine,3,50,1000,,0.6923,1580.25,2026-06-12T21:55:42.703165,B-input-√d-
exp_feeding_strategies,HIGGS,50000,50000,20000,28,2,B_in_sqrt_m50_L3,arc_cosine,3,50,1000,,0.6846,1404.41,2026-06-12T22:20:00.829743,B-input-√d-
exp_feeding_strategies,HIGGS,50000,50000,20000,28,2,B_in_sqrt_m50_L3,arc_cosine,3,50,1000,,0.6848,1448.11,2026-06-12T22:45:07.789721,B-input-√d-
exp_feeding_strategies,HIGGS,50000,50000,20000,28,2,B_in_dm_m1_L1,arc_cosine,1,1,1000,,0.673,9.26,2026-06-12T22:45:17.621154,B-input-d/m
exp_feeding_strategies,HIGGS,50000,50000,20000,28,2,B_in_dm_m1_L1,arc_cosine,1,1,1000,,0.6671,8.73,2026-06-12T22:45:26.847190,B-input-d/m
exp_feeding_strategies,HIGGS,50000,50000,20000,28,2,B_in_dm_m1_L1,arc_cosine,1,1,1000,,0.6675,8.99,2026-06-12T22:45:36.292139,B-input-d/m
exp_feeding_strategies,HIGGS,50000,50000,20000,28,2,B_in_dm_m1_L2,arc_cosine,2,1,1000,,0.6723,10.99,2026-06-12T22:45:48.252459,B-input-d/m
exp_feeding_strategies,HIGGS,50000,50000,20000,28,2,B_in_dm_m1_L2,arc_cosine,2,1,1000,,0.6683,9.72,2026-06-12T22:45:58.953165,B-input-d/m
exp_feeding_strategies,HIGGS,50000,50000,20000,28,2,B_in_dm_m1_L2,arc_cosine,2,1,1000,,0.6688,10.28,2026-06-12T22:46:10.113755,B-input-d/m
exp_feeding_strategies,HIGGS,50000,50000,20000,28,2,B_in_dm_m1_L3,arc_cosine,3,1,1000,,0.6727,11.46,2026-06-12T22:46:22.778510,B-input-d/m
exp_feeding_strategies,HIGGS,50000,50000,20000,28,2,B_in_dm_m1_L3,arc_cosine,3,1,1000,,0.6677,12.31,2026-06-12T22:46:36.397185,B-input-d/m
exp_feeding_strategies,HIGGS,50000,50000,20000,28,2,B_in_dm_m1_L3,arc_cosine,3,1,1000,,0.669,12.46,2026-06-12T22:46:50.100509,B-input-d/m
exp_feeding_strategies,HIGGS,50000,50000,20000,28,2,B_in_dm_m10_L1,arc_cosine,1,10,1000,,0.6452,71.1,2026-06-12T22:48:04.995237,B-input-d/m
exp_feeding_strategies,HIGGS,50000,50000,20000,28,2,B_in_dm_m10_L1,arc_cosine,1,10,1000,,0.6524,78.72,2026-06-12T22:49:27.558727,B-input-d/m
exp_feeding_strategies,HIGGS,50000,50000,20000,28,2,B_in_dm_m10_L1,arc_cosine,1,10,1000,,0.6546,69.86,2026-06-12T22:50:41.543790,B-input-d/m
exp_feeding_strategies,HIGGS,50000,50000,20000,28,2,B_in_dm_m10_L2,arc_cosine,2,10,1000,,0.6523,98.67,2026-06-12T22:52:28.511764,B-input-d/m
exp_feeding_strategies,HIGGS,50000,50000,20000,28,2,B_in_dm_m10_L2,arc_cosine,2,10,1000,,0.6532,94.73,2026-06-12T22:54:10.838329,B-input-d/m
exp_feeding_strategies,HIGGS,50000,50000,20000,28,2,B_in_dm_m10_L2,arc_cosine,2,10,1000,,0.6576,86.36,2026-06-12T22:55:45.493759,B-input-d/m
exp_feeding_strategies,HIGGS,50000,50000,20000,28,2,B_in_dm_m10_L3,arc_cosine,3,10,1000,,0.6519,98.44,2026-06-12T22:57:37.030740,B-input-d/m
exp_feeding_strategies,HIGGS,50000,50000,20000,28,2,B_in_dm_m10_L3,arc_cosine,3,10,1000,,0.654,108.66,2026-06-12T22:59:38.234238,B-input-d/m
exp_feeding_strategies,HIGGS,50000,50000,20000,28,2,B_in_dm_m10_L3,arc_cosine,3,10,1000,,0.6573,98.04,2026-06-12T23:01:28.831137,B-input-d/m
exp_feeding_strategies,HIGGS,50000,50000,20000,28,2,D_sqrt_fullP_m1_L1,arc_cosine,1,1,1000,,0.538,15.5,2026-06-12T23:01:44.840617,D_sqrt_fullP
exp_feeding_strategies,HIGGS,50000,50000,20000,28,2,D_sqrt_fullP_m1_L1,arc_cosine,1,1,1000,,0.6234,14.84,2026-06-12T23:02:00.151051,D_sqrt_fullP
exp_feeding_strategies,HIGGS,50000,50000,20000,28,2,D_sqrt_fullP_m1_L1,arc_cosine,1,1,1000,,0.5191,28.0,2026-06-12T23:02:28.664009,D_sqrt_fullP
exp_feeding_strategies,HIGGS,50000,50000,20000,28,2,D_sqrt_fullP_m1_L2,arc_cosine,2,1,1000,,0.5387,17.12,2026-06-12T23:02:46.690028,D_sqrt_fullP
exp_feeding_strategies,HIGGS,50000,50000,20000,28,2,D_sqrt_fullP_m1_L2,arc_cosine,2,1,1000,,0.6211,16.29,2026-06-12T23:03:03.926928,D_sqrt_fullP
exp_feeding_strategies,HIGGS,50000,50000,20000,28,2,D_sqrt_fullP_m1_L2,arc_cosine,2,1,1000,,0.5191,29.24,2026-06-12T23:03:34.089725,D_sqrt_fullP
exp_feeding_strategies,HIGGS,50000,50000,20000,28,2,D_sqrt_fullP_m1_L3,arc_cosine,3,1,1000,,0.5386,19.24,2026-06-12T23:03:54.905899,D_sqrt_fullP
exp_feeding_strategies,HIGGS,50000,50000,20000,28,2,D_sqrt_fullP_m1_L3,arc_cosine,3,1,1000,,0.6214,19.3,2026-06-12T23:04:15.652246,D_sqrt_fullP
exp_feeding_strategies,HIGGS,50000,50000,20000,28,2,D_sqrt_fullP_m1_L3,arc_cosine,3,1,1000,,0.5191,31.03,2026-06-12T23:04:48.013071,D_sqrt_fullP
exp_feeding_strategies,HIGGS,50000,50000,20000,28,2,D_sqrt_fullP_m10_L1,arc_cosine,1,10,1000,,0.6198,24.96,2026-06-12T23:05:17.334551,D_sqrt_fullP
exp_feeding_strategies,HIGGS,50000,50000,20000,28,2,D_sqrt_fullP_m10_L1,arc_cosine,1,10,1000,,0.6369,23.19,2026-06-12T23:05:44.816588,D_sqrt_fullP
exp_feeding_strategies,HIGGS,50000,50000,20000,28,2,D_sqrt_fullP_m10_L1,arc_cosine,1,10,1000,,0.6237,23.65,2026-06-12T23:06:12.689178,D_sqrt_fullP
exp_feeding_strategies,HIGGS,50000,50000,20000,28,2,D_sqrt_fullP_m10_L2,arc_cosine,2,10,1000,,0.6194,37.85,2026-06-12T23:06:59.605229,D_sqrt_fullP
exp_feeding_strategies,HIGGS,50000,50000,20000,28,2,D_sqrt_fullP_m10_L2,arc_cosine,2,10,1000,,0.6334,35.66,2026-06-12T23:07:43.881355,D_sqrt_fullP
exp_feeding_strategies,HIGGS,50000,50000,20000,28,2,D_sqrt_fullP_m10_L2,arc_cosine,2,10,1000,,0.619,33.51,2026-06-12T23:08:25.796267,D_sqrt_fullP
exp_feeding_strategies,HIGGS,50000,50000,20000,28,2,D_sqrt_fullP_m10_L3,arc_cosine,3,10,1000,,0.618,46.89,2026-06-12T23:09:24.667205,D_sqrt_fullP
exp_feeding_strategies,HIGGS,50000,50000,20000,28,2,D_sqrt_fullP_m10_L3,arc_cosine,3,10,1000,,0.6299,41.95,2026-06-12T23:10:18.384821,D_sqrt_fullP
exp_feeding_strategies,HIGGS,50000,50000,20000,28,2,D_sqrt_fullP_m10_L3,arc_cosine,3,10,1000,,0.6215,41.53,2026-06-12T23:11:11.577104,D_sqrt_fullP
exp_feeding_strategies,HIGGS,50000,50000,20000,28,2,D_sqrt_fullP_m50_L1,arc_cosine,1,50,1000,,0.6763,25.0,2026-06-12T23:11:56.175522,D_sqrt_fullP
exp_feeding_strategies,HIGGS,50000,50000,20000,28,2,D_sqrt_fullP_m50_L1,arc_cosine,1,50,1000,,0.6674,24.44,2026-06-12T23:12:40.098301,D_sqrt_fullP
exp_feeding_strategies,HIGGS,50000,50000,20000,28,2,D_sqrt_fullP_m50_L1,arc_cosine,1,50,1000,,0.6616,24.71,2026-06-12T23:13:24.408925,D_sqrt_fullP
exp_feeding_strategies,HIGGS,50000,50000,20000,28,2,D_sqrt_fullP_m50_L2,arc_cosine,2,50,1000,,0.6698,52.8,2026-06-12T23:14:56.141953,D_sqrt_fullP
exp_feeding_strategies,HIGGS,50000,50000,20000,28,2,D_sqrt_fullP_m50_L2,arc_cosine,2,50,1000,,0.6575,52.32,2026-06-12T23:16:27.330711,D_sqrt_fullP
exp_feeding_strategies,HIGGS,50000,50000,20000,28,2,D_sqrt_fullP_m50_L2,arc_cosine,2,50,1000,,0.6568,52.84,2026-06-12T23:17:59.032175,D_sqrt_fullP
exp_feeding_strategies,HIGGS,50000,50000,20000,28,2,D_sqrt_fullP_m50_L3,arc_cosine,3,50,1000,,0.6637,81.97,2026-06-12T23:20:19.401288,D_sqrt_fullP
exp_feeding_strategies,HIGGS,50000,50000,20000,28,2,D_sqrt_fullP_m50_L3,arc_cosine,3,50,1000,,0.6565,81.2,2026-06-12T23:22:39.076067,D_sqrt_fullP
exp_feeding_strategies,HIGGS,50000,50000,20000,28,2,D_sqrt_fullP_m50_L3,arc_cosine,3,50,1000,,0.6531,80.92,2026-06-12T23:24:58.547281,D_sqrt_fullP
exp_feeding_strategies,HIGGS,50000,50000,20000,28,2,D_dm_fullP_m1_L1,arc_cosine,1,1,1000,,0.6679,8.92,2026-06-12T23:25:07.966230,D_dm_fullP
exp_feeding_strategies,HIGGS,50000,50000,20000,28,2,D_dm_fullP_m1_L1,arc_cosine,1,1,1000,,0.6686,7.95,2026-06-12T23:25:16.410583,D_dm_fullP
exp_feeding_strategies,HIGGS,50000,50000,20000,28,2,D_dm_fullP_m1_L1,arc_cosine,1,1,1000,,0.6747,8.42,2026-06-12T23:25:25.303403,D_dm_fullP
exp_feeding_strategies,HIGGS,50000,50000,20000,28,2,D_dm_fullP_m1_L2,arc_cosine,2,1,1000,,0.6686,10.45,2026-06-12T23:25:36.636725,D_dm_fullP
exp_feeding_strategies,HIGGS,50000,50000,20000,28,2,D_dm_fullP_m1_L2,arc_cosine,2,1,1000,,0.6696,9.17,2026-06-12T23:25:46.678839,D_dm_fullP
exp_feeding_strategies,HIGGS,50000,50000,20000,28,2,D_dm_fullP_m1_L2,arc_cosine,2,1,1000,,0.6734,9.9,2026-06-12T23:25:57.440990,D_dm_fullP
exp_feeding_strategies,HIGGS,50000,50000,20000,28,2,D_dm_fullP_m1_L3,arc_cosine,3,1,1000,,0.6691,11.6,2026-06-12T23:26:10.311432,D_dm_fullP
exp_feeding_strategies,HIGGS,50000,50000,20000,28,2,D_dm_fullP_m1_L3,arc_cosine,3,1,1000,,0.6699,10.83,2026-06-12T23:26:22.429736,D_dm_fullP
exp_feeding_strategies,HIGGS,50000,50000,20000,28,2,D_dm_fullP_m1_L3,arc_cosine,3,1,1000,,0.6737,11.38,2026-06-12T23:26:35.065823,D_dm_fullP
exp_feeding_strategies,HIGGS,50000,50000,20000,28,2,D_dm_fullP_m10_L1,arc_cosine,1,10,1000,,0.6293,10.85,2026-06-12T23:26:49.876496,D_dm_fullP
exp_feeding_strategies,HIGGS,50000,50000,20000,28,2,D_dm_fullP_m10_L1,arc_cosine,1,10,1000,,0.6426,12.04,2026-06-12T23:27:05.861836,D_dm_fullP
exp_feeding_strategies,HIGGS,50000,50000,20000,28,2,D_dm_fullP_m10_L1,arc_cosine,1,10,1000,,0.6415,11.33,2026-06-12T23:27:21.142304,D_dm_fullP
exp_feeding_strategies,HIGGS,50000,50000,20000,28,2,D_dm_fullP_m10_L2,arc_cosine,2,10,1000,,0.6389,14.53,2026-06-12T23:27:43.639781,D_dm_fullP
exp_feeding_strategies,HIGGS,50000,50000,20000,28,2,D_dm_fullP_m10_L2,arc_cosine,2,10,1000,,0.6424,15.63,2026-06-12T23:28:07.215740,D_dm_fullP
exp_feeding_strategies,HIGGS,50000,50000,20000,28,2,D_dm_fullP_m10_L2,arc_cosine,2,10,1000,,0.6468,15.36,2026-06-12T23:28:30.515920,D_dm_fullP
exp_feeding_strategies,HIGGS,50000,50000,20000,28,2,D_dm_fullP_m10_L3,arc_cosine,3,10,1000,,0.6383,18.15,2026-06-12T23:29:00.515739,D_dm_fullP
exp_feeding_strategies,HIGGS,50000,50000,20000,28,2,D_dm_fullP_m10_L3,arc_cosine,3,10,1000,,0.6438,19.36,2026-06-12T23:29:31.834155,D_dm_fullP
exp_feeding_strategies,HIGGS,50000,50000,20000,28,2,D_dm_fullP_m10_L3,arc_cosine,3,10,1000,,0.6449,18.52,2026-06-12T23:30:02.251783,D_dm_fullP
exp_feeding_strategies,HIGGS,100000,100000,20000,28,2,C_splitdata_fullcols_m1_L1,arc_cosine,1,1,1000,,0.6791,17.38,2026-06-12T23:30:20.392971,C — split/full-cols
exp_feeding_strategies,HIGGS,100000,100000,20000,28,2,C_splitdata_fullcols_m1_L1,arc_cosine,1,1,1000,,0.6653,15.08,2026-06-12T23:30:36.230317,C — split/full-cols
exp_feeding_strategies,HIGGS,100000,100000,20000,28,2,C_splitdata_fullcols_m1_L1,arc_cosine,1,1,1000,,0.6719,17.62,2026-06-12T23:30:54.629655,C — split/full-cols
exp_feeding_strategies,HIGGS,100000,100000,20000,28,2,C_splitdata_fullcols_m1_L2,arc_cosine,2,1,1000,,0.6796,19.5,2026-06-12T23:31:15.949207,C — split/full-cols
exp_feeding_strategies,HIGGS,100000,100000,20000,28,2,C_splitdata_fullcols_m1_L2,arc_cosine,2,1,1000,,0.6653,17.73,2026-06-12T23:31:35.203961,C — split/full-cols
exp_feeding_strategies,HIGGS,100000,100000,20000,28,2,C_splitdata_fullcols_m1_L2,arc_cosine,2,1,1000,,0.6717,20.31,2026-06-12T23:31:56.932610,C — split/full-cols
exp_feeding_strategies,HIGGS,100000,100000,20000,28,2,C_splitdata_fullcols_m1_L3,arc_cosine,3,1,1000,,0.6797,21.68,2026-06-12T23:32:20.657748,C — split/full-cols
exp_feeding_strategies,HIGGS,100000,100000,20000,28,2,C_splitdata_fullcols_m1_L3,arc_cosine,3,1,1000,,0.6648,20.32,2026-06-12T23:32:43.004932,C — split/full-cols
exp_feeding_strategies,HIGGS,100000,100000,20000,28,2,C_splitdata_fullcols_m1_L3,arc_cosine,3,1,1000,,0.672,22.44,2026-06-12T23:33:07.480583,C — split/full-cols
exp_feeding_strategies,HIGGS,100000,100000,20000,28,2,C_splitdata_fullcols_m10_L1,arc_cosine,1,10,1000,,0.6793,22.62,2026-06-12T23:33:31.026284,C — split/full-cols
exp_feeding_strategies,HIGGS,100000,100000,20000,28,2,C_splitdata_fullcols_m10_L1,arc_cosine,1,10,1000,,0.6651,21.9,2026-06-12T23:33:53.853887,C — split/full-cols
exp_feeding_strategies,HIGGS,100000,100000,20000,28,2,C_splitdata_fullcols_m10_L1,arc_cosine,1,10,1000,,0.6734,20.88,2026-06-12T23:34:15.654185,C — split/full-cols
exp_feeding_strategies,HIGGS,100000,100000,20000,28,2,C_splitdata_fullcols_m10_L2,arc_cosine,2,10,1000,,0.6758,50.53,2026-06-12T23:35:07.931283,C — split/full-cols
exp_feeding_strategies,HIGGS,100000,100000,20000,28,2,C_splitdata_fullcols_m10_L2,arc_cosine,2,10,1000,,0.6633,50.67,2026-06-12T23:36:00.318444,C — split/full-cols
exp_feeding_strategies,HIGGS,100000,100000,20000,28,2,C_splitdata_fullcols_m10_L2,arc_cosine,2,10,1000,,0.6734,42.64,2026-06-12T23:36:44.749948,C — split/full-cols
exp_feeding_strategies,HIGGS,100000,100000,20000,28,2,C_splitdata_fullcols_m10_L3,arc_cosine,3,10,1000,,0.6748,66.06,2026-06-12T23:37:53.302446,C — split/full-cols
exp_feeding_strategies,HIGGS,100000,100000,20000,28,2,C_splitdata_fullcols_m10_L3,arc_cosine,3,10,1000,,0.664,68.28,2026-06-12T23:39:04.084668,C — split/full-cols
exp_feeding_strategies,HIGGS,100000,100000,20000,28,2,C_splitdata_fullcols_m10_L3,arc_cosine,3,10,1000,,0.6733,50.51,2026-06-12T23:39:57.082803,C — split/full-cols
exp_feeding_strategies,HIGGS,100000,100000,20000,28,2,C_splitdata_fullcols_m50_L1,arc_cosine,1,50,1000,,0.6795,31.19,2026-06-12T23:40:29.222435,C — split/full-cols
exp_feeding_strategies,HIGGS,100000,100000,20000,28,2,C_splitdata_fullcols_m50_L1,arc_cosine,1,50,1000,,0.6645,31.14,2026-06-12T23:41:01.335694,C — split/full-cols
exp_feeding_strategies,HIGGS,100000,100000,20000,28,2,C_splitdata_fullcols_m50_L1,arc_cosine,1,50,1000,,0.675,33.16,2026-06-12T23:41:35.482366,C — split/full-cols
exp_feeding_strategies,HIGGS,100000,100000,20000,28,2,C_splitdata_fullcols_m50_L2,arc_cosine,2,50,1000,,0.6736,61.04,2026-06-12T23:42:38.373097,C — split/full-cols
exp_feeding_strategies,HIGGS,100000,100000,20000,28,2,C_splitdata_fullcols_m50_L2,arc_cosine,2,50,1000,,0.6655,61.91,2026-06-12T23:43:42.083311,C — split/full-cols
exp_feeding_strategies,HIGGS,100000,100000,20000,28,2,C_splitdata_fullcols_m50_L2,arc_cosine,2,50,1000,,0.6711,64.42,2026-06-12T23:44:48.333960,C — split/full-cols
exp_feeding_strategies,HIGGS,100000,100000,20000,28,2,C_splitdata_fullcols_m50_L3,arc_cosine,3,50,1000,,0.6665,91.9,2026-06-12T23:46:22.951235,C — split/full-cols
exp_feeding_strategies,HIGGS,100000,100000,20000,28,2,C_splitdata_fullcols_m50_L3,arc_cosine,3,50,1000,,0.6602,92.72,2026-06-12T23:47:58.370335,C — split/full-cols
exp_feeding_strategies,HIGGS,100000,100000,20000,28,2,C_splitdata_fullcols_m50_L3,arc_cosine,3,50,1000,,0.6634,95.69,2026-06-12T23:49:36.773384,C — split/full-cols
exp_feeding_strategies,HIGGS,100000,100000,20000,28,2,B_in_sqrt_m1_L1,arc_cosine,1,1,1000,,0.5444,28.41,2026-06-12T23:50:05.953622,B-input-√d-
exp_feeding_strategies,HIGGS,100000,100000,20000,28,2,B_in_sqrt_m1_L1,arc_cosine,1,1,1000,,0.6191,20.26,2026-06-12T23:50:26.969005,B-input-√d-
exp_feeding_strategies,HIGGS,100000,100000,20000,28,2,B_in_sqrt_m1_L1,arc_cosine,1,1,1000,,0.5283,43.34,2026-06-12T23:51:11.065249,B-input-√d-
exp_feeding_strategies,HIGGS,100000,100000,20000,28,2,B_in_sqrt_m1_L2,arc_cosine,2,1,1000,,0.5446,30.97,2026-06-12T23:51:43.451311,B-input-√d-
exp_feeding_strategies,HIGGS,100000,100000,20000,28,2,B_in_sqrt_m1_L2,arc_cosine,2,1,1000,,0.6204,22.7,2026-06-12T23:52:07.583881,B-input-√d-
exp_feeding_strategies,HIGGS,100000,100000,20000,28,2,B_in_sqrt_m1_L2,arc_cosine,2,1,1000,,0.5285,45.96,2026-06-12T23:52:54.936497,B-input-√d-
exp_feeding_strategies,HIGGS,100000,100000,20000,28,2,B_in_sqrt_m1_L3,arc_cosine,3,1,1000,,0.5445,33.41,2026-06-12T23:53:30.382261,B-input-√d-
exp_feeding_strategies,HIGGS,100000,100000,20000,28,2,B_in_sqrt_m1_L3,arc_cosine,3,1,1000,,0.6209,25.17,2026-06-12T23:53:57.590628,B-input-√d-
exp_feeding_strategies,HIGGS,100000,100000,20000,28,2,B_in_sqrt_m1_L3,arc_cosine,3,1,1000,,0.5284,48.32,2026-06-12T23:54:47.950991,B-input-√d-
exp_feeding_strategies,HIGGS,100000,100000,20000,28,2,B_in_sqrt_m10_L1,arc_cosine,1,10,1000,,0.6514,329.67,2026-06-13T00:00:24.144384,B-input-√d-
exp_feeding_strategies,HIGGS,100000,100000,20000,28,2,B_in_sqrt_m10_L1,arc_cosine,1,10,1000,,0.6636,325.17,2026-06-13T00:05:56.673282,B-input-√d-
exp_feeding_strategies,HIGGS,100000,100000,20000,28,2,B_in_sqrt_m10_L1,arc_cosine,1,10,1000,,0.6399,399.28,2026-06-13T00:12:42.609162,B-input-√d-
exp_feeding_strategies,HIGGS,100000,100000,20000,28,2,B_in_sqrt_m10_L2,arc_cosine,2,10,1000,,0.6544,371.04,2026-06-13T00:19:06.714350,B-input-√d-
exp_feeding_strategies,HIGGS,100000,100000,20000,28,2,B_in_sqrt_m10_L2,arc_cosine,2,10,1000,,0.6642,358.62,2026-06-13T00:25:18.463846,B-input-√d-
exp_feeding_strategies,HIGGS,100000,100000,20000,28,2,B_in_sqrt_m10_L2,arc_cosine,2,10,1000,,0.6444,424.12,2026-06-13T00:32:35.590186,B-input-√d-
exp_feeding_strategies,HIGGS,100000,100000,20000,28,2,B_in_sqrt_m10_L3,arc_cosine,3,10,1000,,0.6522,409.87,2026-06-13T00:39:44.874715,B-input-√d-
exp_feeding_strategies,HIGGS,100000,100000,20000,28,2,B_in_sqrt_m10_L3,arc_cosine,3,10,1000,,0.6636,394.0,2026-06-13T00:46:38.630422,B-input-√d-
exp_feeding_strategies,HIGGS,100000,100000,20000,28,2,B_in_sqrt_m10_L3,arc_cosine,3,10,1000,,0.642,461.49,2026-06-13T00:54:39.647524,B-input-√d-
exp_feeding_strategies,HIGGS,100000,100000,20000,28,2,B_in_sqrt_m50_L1,arc_cosine,1,50,1000,,0.7003,1593.75,2026-06-13T01:21:45.989855,B-input-√d-
exp_feeding_strategies,HIGGS,100000,100000,20000,28,2,B_in_sqrt_m50_L1,arc_cosine,1,50,1000,,0.6948,1640.34,2026-06-13T01:49:38.988452,B-input-√d-
exp_feeding_strategies,HIGGS,100000,100000,20000,28,2,B_in_sqrt_m50_L1,arc_cosine,1,50,1000,,0.6861,1648.18,2026-06-13T02:17:39.964380,B-input-√d-
exp_feeding_strategies,HIGGS,100000,100000,20000,28,2,B_in_sqrt_m50_L2,arc_cosine,2,50,1000,,0.701,2331.25,2026-06-13T02:57:36.482095,B-input-√d-
exp_feeding_strategies,HIGGS,100000,100000,20000,28,2,B_in_sqrt_m50_L2,arc_cosine,2,50,1000,,0.6909,2473.49,2026-06-13T03:39:55.008111,B-input-√d-
exp_feeding_strategies,HIGGS,100000,100000,20000,28,2,B_in_sqrt_m50_L2,arc_cosine,2,50,1000,,0.6989,2465.3,2026-06-13T04:22:05.349360,B-input-√d-
exp_feeding_strategies,HIGGS,100000,100000,20000,28,2,B_in_sqrt_m50_L3,arc_cosine,3,50,1000,,0.7002,2540.86,2026-06-13T05:06:03.852957,B-input-√d-
exp_feeding_strategies,HIGGS,100000,100000,20000,28,2,B_in_sqrt_m50_L3,arc_cosine,3,50,1000,,0.6923,2679.93,2026-06-13T05:52:21.492005,B-input-√d-
exp_feeding_strategies,HIGGS,100000,100000,20000,28,2,B_in_sqrt_m50_L3,arc_cosine,3,50,1000,,0.6975,2683.65,2026-06-13T06:38:42.654900,B-input-√d-
exp_feeding_strategies,HIGGS,100000,100000,20000,28,2,B_in_dm_m1_L1,arc_cosine,1,1,1000,,0.6743,16.62,2026-06-13T06:39:00.068067,B-input-d/m
exp_feeding_strategies,HIGGS,100000,100000,20000,28,2,B_in_dm_m1_L1,arc_cosine,1,1,1000,,0.6677,15.98,2026-06-13T06:39:16.853105,B-input-d/m
exp_feeding_strategies,HIGGS,100000,100000,20000,28,2,B_in_dm_m1_L1,arc_cosine,1,1,1000,,0.6774,19.79,2026-06-13T06:39:37.405804,B-input-d/m
exp_feeding_strategies,HIGGS,100000,100000,20000,28,2,B_in_dm_m1_L2,arc_cosine,2,1,1000,,0.6752,19.66,2026-06-13T06:39:58.510813,B-input-d/m
exp_feeding_strategies,HIGGS,100000,100000,20000,28,2,B_in_dm_m1_L2,arc_cosine,2,1,1000,,0.6673,19.3,2026-06-13T06:40:19.219635,B-input-d/m
exp_feeding_strategies,HIGGS,100000,100000,20000,28,2,B_in_dm_m1_L2,arc_cosine,2,1,1000,,0.676,22.94,2026-06-13T06:40:43.607457,B-input-d/m
exp_feeding_strategies,HIGGS,100000,100000,20000,28,2,B_in_dm_m1_L3,arc_cosine,3,1,1000,,0.6746,21.95,2026-06-13T06:41:07.603666,B-input-d/m
exp_feeding_strategies,HIGGS,100000,100000,20000,28,2,B_in_dm_m1_L3,arc_cosine,3,1,1000,,0.6672,21.31,2026-06-13T06:41:30.973569,B-input-d/m
exp_feeding_strategies,HIGGS,100000,100000,20000,28,2,B_in_dm_m1_L3,arc_cosine,3,1,1000,,0.6764,25.81,2026-06-13T06:41:58.821472,B-input-d/m
exp_feeding_strategies,HIGGS,100000,100000,20000,28,2,B_in_dm_m10_L1,arc_cosine,1,10,1000,,0.6481,131.29,2026-06-13T06:44:16.673289,B-input-d/m
exp_feeding_strategies,HIGGS,100000,100000,20000,28,2,B_in_dm_m10_L1,arc_cosine,1,10,1000,,0.6515,131.72,2026-06-13T06:46:34.958944,B-input-d/m
exp_feeding_strategies,HIGGS,100000,100000,20000,28,2,B_in_dm_m10_L1,arc_cosine,1,10,1000,,0.6615,118.4,2026-06-13T06:48:39.923475,B-input-d/m
exp_feeding_strategies,HIGGS,100000,100000,20000,28,2,B_in_dm_m10_L2,arc_cosine,2,10,1000,,0.6533,155.73,2026-06-13T06:51:28.519767,B-input-d/m
exp_feeding_strategies,HIGGS,100000,100000,20000,28,2,B_in_dm_m10_L2,arc_cosine,2,10,1000,,0.6525,156.84,2026-06-13T06:54:18.298533,B-input-d/m
exp_feeding_strategies,HIGGS,100000,100000,20000,28,2,B_in_dm_m10_L2,arc_cosine,2,10,1000,,0.659,143.47,2026-06-13T06:56:54.791189,B-input-d/m
exp_feeding_strategies,HIGGS,100000,100000,20000,28,2,B_in_dm_m10_L3,arc_cosine,3,10,1000,,0.6531,180.1,2026-06-13T07:00:14.171407,B-input-d/m
exp_feeding_strategies,HIGGS,100000,100000,20000,28,2,B_in_dm_m10_L3,arc_cosine,3,10,1000,,0.6532,181.24,2026-06-13T07:03:34.709841,B-input-d/m
exp_feeding_strategies,HIGGS,100000,100000,20000,28,2,B_in_dm_m10_L3,arc_cosine,3,10,1000,,0.6589,167.13,2026-06-13T07:06:41.143847,B-input-d/m
exp_feeding_strategies,HIGGS,100000,100000,20000,28,2,D_sqrt_fullP_m1_L1,arc_cosine,1,1,1000,,0.5426,42.62,2026-06-13T07:07:24.526538,D_sqrt_fullP
exp_feeding_strategies,HIGGS,100000,100000,20000,28,2,D_sqrt_fullP_m1_L1,arc_cosine,1,1,1000,,0.6206,42.76,2026-06-13T07:08:08.032085,D_sqrt_fullP
exp_feeding_strategies,HIGGS,100000,100000,20000,28,2,D_sqrt_fullP_m1_L1,arc_cosine,1,1,1000,,0.5311,31.24,2026-06-13T07:08:40.019994,D_sqrt_fullP
exp_feeding_strategies,HIGGS,100000,100000,20000,28,2,D_sqrt_fullP_m1_L2,arc_cosine,2,1,1000,,0.5421,45.26,2026-06-13T07:09:26.693158,D_sqrt_fullP
exp_feeding_strategies,HIGGS,100000,100000,20000,28,2,D_sqrt_fullP_m1_L2,arc_cosine,2,1,1000,,0.621,45.09,2026-06-13T07:10:13.172196,D_sqrt_fullP
exp_feeding_strategies,HIGGS,100000,100000,20000,28,2,D_sqrt_fullP_m1_L2,arc_cosine,2,1,1000,,0.5312,33.82,2026-06-13T07:10:48.412821,D_sqrt_fullP
exp_feeding_strategies,HIGGS,100000,100000,20000,28,2,D_sqrt_fullP_m1_L3,arc_cosine,3,1,1000,,0.5421,47.52,2026-06-13T07:11:37.978432,D_sqrt_fullP
exp_feeding_strategies,HIGGS,100000,100000,20000,28,2,D_sqrt_fullP_m1_L3,arc_cosine,3,1,1000,,0.6209,47.64,2026-06-13T07:12:27.652193,D_sqrt_fullP
exp_feeding_strategies,HIGGS,100000,100000,20000,28,2,D_sqrt_fullP_m1_L3,arc_cosine,3,1,1000,,0.5311,36.16,2026-06-13T07:13:05.838546,D_sqrt_fullP
exp_feeding_strategies,HIGGS,100000,100000,20000,28,2,D_sqrt_fullP_m10_L1,arc_cosine,1,10,1000,,0.6354,47.57,2026-06-13T07:13:59.988887,D_sqrt_fullP
exp_feeding_strategies,HIGGS,100000,100000,20000,28,2,D_sqrt_fullP_m10_L1,arc_cosine,1,10,1000,,0.6492,46.57,2026-06-13T07:14:53.161011,D_sqrt_fullP
exp_feeding_strategies,HIGGS,100000,100000,20000,28,2,D_sqrt_fullP_m10_L1,arc_cosine,1,10,1000,,0.6297,51.91,2026-06-13T07:15:51.724463,D_sqrt_fullP
exp_feeding_strategies,HIGGS,100000,100000,20000,28,2,D_sqrt_fullP_m10_L2,arc_cosine,2,10,1000,,0.6347,65.5,2026-06-13T07:17:10.320782,D_sqrt_fullP
exp_feeding_strategies,HIGGS,100000,100000,20000,28,2,D_sqrt_fullP_m10_L2,arc_cosine,2,10,1000,,0.6503,63.74,2026-06-13T07:18:27.028619,D_sqrt_fullP
exp_feeding_strategies,HIGGS,100000,100000,20000,28,2,D_sqrt_fullP_m10_L2,arc_cosine,2,10,1000,,0.6307,70.06,2026-06-13T07:19:50.079017,D_sqrt_fullP
exp_feeding_strategies,HIGGS,100000,100000,20000,28,2,D_sqrt_fullP_m10_L3,arc_cosine,3,10,1000,,0.6365,81.12,2026-06-13T07:21:30.795912,D_sqrt_fullP
exp_feeding_strategies,HIGGS,100000,100000,20000,28,2,D_sqrt_fullP_m10_L3,arc_cosine,3,10,1000,,0.65,76.45,2026-06-13T07:23:06.688913,D_sqrt_fullP
exp_feeding_strategies,HIGGS,100000,100000,20000,28,2,D_sqrt_fullP_m10_L3,arc_cosine,3,10,1000,,0.6296,85.82,2026-06-13T07:24:52.113637,D_sqrt_fullP
exp_feeding_strategies,HIGGS,100000,100000,20000,28,2,D_sqrt_fullP_m50_L1,arc_cosine,1,50,1000,,0.6743,58.6,2026-06-13T07:26:23.122157,D_sqrt_fullP
exp_feeding_strategies,HIGGS,100000,100000,20000,28,2,D_sqrt_fullP_m50_L1,arc_cosine,1,50,1000,,0.6769,59.01,2026-06-13T07:27:54.738463,D_sqrt_fullP
exp_feeding_strategies,HIGGS,100000,100000,20000,28,2,D_sqrt_fullP_m50_L1,arc_cosine,1,50,1000,,0.6721,58.64,2026-06-13T07:29:25.899062,D_sqrt_fullP
exp_feeding_strategies,HIGGS,100000,100000,20000,28,2,D_sqrt_fullP_m50_L2,arc_cosine,2,50,1000,,0.6652,123.08,2026-06-13T07:32:33.883653,D_sqrt_fullP
exp_feeding_strategies,HIGGS,100000,100000,20000,28,2,D_sqrt_fullP_m50_L2,arc_cosine,2,50,1000,,0.6748,122.22,2026-06-13T07:35:41.100606,D_sqrt_fullP
exp_feeding_strategies,HIGGS,100000,100000,20000,28,2,D_sqrt_fullP_m50_L2,arc_cosine,2,50,1000,,0.6735,123.02,2026-06-13T07:38:49.085964,D_sqrt_fullP
exp_feeding_strategies,HIGGS,100000,100000,20000,28,2,D_sqrt_fullP_m50_L3,arc_cosine,3,50,1000,,0.6648,187.17,2026-06-13T07:43:34.038945,D_sqrt_fullP
exp_feeding_strategies,HIGGS,100000,100000,20000,28,2,D_sqrt_fullP_m50_L3,arc_cosine,3,50,1000,,0.6703,186.6,2026-06-13T07:48:18.333429,D_sqrt_fullP
exp_feeding_strategies,HIGGS,100000,100000,20000,28,2,D_sqrt_fullP_m50_L3,arc_cosine,3,50,1000,,0.6724,188.7,2026-06-13T07:53:04.508187,D_sqrt_fullP
exp_feeding_strategies,HIGGS,100000,100000,20000,28,2,D_dm_fullP_m1_L1,arc_cosine,1,1,1000,,0.6781,19.55,2026-06-13T07:53:24.877129,D_dm_fullP
exp_feeding_strategies,HIGGS,100000,100000,20000,28,2,D_dm_fullP_m1_L1,arc_cosine,1,1,1000,,0.6711,17.28,2026-06-13T07:53:42.944089,D_dm_fullP
exp_feeding_strategies,HIGGS,100000,100000,20000,28,2,D_dm_fullP_m1_L1,arc_cosine,1,1,1000,,0.6808,20.31,2026-06-13T07:54:04.044351,D_dm_fullP
exp_feeding_strategies,HIGGS,100000,100000,20000,28,2,D_dm_fullP_m1_L2,arc_cosine,2,1,1000,,0.6778,22.71,2026-06-13T07:54:28.153610,D_dm_fullP
exp_feeding_strategies,HIGGS,100000,100000,20000,28,2,D_dm_fullP_m1_L2,arc_cosine,2,1,1000,,0.6705,20.15,2026-06-13T07:54:49.741066,D_dm_fullP
exp_feeding_strategies,HIGGS,100000,100000,20000,28,2,D_dm_fullP_m1_L2,arc_cosine,2,1,1000,,0.68,23.26,2026-06-13T07:55:14.431142,D_dm_fullP
exp_feeding_strategies,HIGGS,100000,100000,20000,28,2,D_dm_fullP_m1_L3,arc_cosine,3,1,1000,,0.6778,24.99,2026-06-13T07:55:41.491212,D_dm_fullP
exp_feeding_strategies,HIGGS,100000,100000,20000,28,2,D_dm_fullP_m1_L3,arc_cosine,3,1,1000,,0.6716,22.61,2026-06-13T07:56:06.179708,D_dm_fullP
exp_feeding_strategies,HIGGS,100000,100000,20000,28,2,D_dm_fullP_m1_L3,arc_cosine,3,1,1000,,0.6806,25.98,2026-06-13T07:56:34.218718,D_dm_fullP
exp_feeding_strategies,HIGGS,100000,100000,20000,28,2,D_dm_fullP_m10_L1,arc_cosine,1,10,1000,,0.637,21.38,2026-06-13T07:57:02.112773,D_dm_fullP
exp_feeding_strategies,HIGGS,100000,100000,20000,28,2,D_dm_fullP_m10_L1,arc_cosine,1,10,1000,,0.6439,21.15,2026-06-13T07:57:29.861971,D_dm_fullP
exp_feeding_strategies,HIGGS,100000,100000,20000,28,2,D_dm_fullP_m10_L1,arc_cosine,1,10,1000,,0.6493,20.8,2026-06-13T07:57:57.195444,D_dm_fullP
exp_feeding_strategies,HIGGS,100000,100000,20000,28,2,D_dm_fullP_m10_L2,arc_cosine,2,10,1000,,0.6424,28.44,2026-06-13T07:58:38.483834,D_dm_fullP
exp_feeding_strategies,HIGGS,100000,100000,20000,28,2,D_dm_fullP_m10_L2,arc_cosine,2,10,1000,,0.6453,28.36,2026-06-13T07:59:19.884561,D_dm_fullP
exp_feeding_strategies,HIGGS,100000,100000,20000,28,2,D_dm_fullP_m10_L2,arc_cosine,2,10,1000,,0.6489,28.02,2026-06-13T08:00:00.858358,D_dm_fullP
exp_feeding_strategies,HIGGS,100000,100000,20000,28,2,D_dm_fullP_m10_L3,arc_cosine,3,10,1000,,0.642,35.46,2026-06-13T08:00:55.609907,D_dm_fullP
exp_feeding_strategies,HIGGS,100000,100000,20000,28,2,D_dm_fullP_m10_L3,arc_cosine,3,10,1000,,0.6433,35.44,2026-06-13T08:01:50.163573,D_dm_fullP
exp_feeding_strategies,HIGGS,100000,100000,20000,28,2,D_dm_fullP_m10_L3,arc_cosine,3,10,1000,,0.6496,35.02,2026-06-13T08:02:44.386665,D_dm_fullP
exp_feeding_strategies,HIGGS,200000,200000,20000,28,2,C_splitdata_fullcols_m1_L1,arc_cosine,1,1,1000,,0.6823,35.82,2026-06-13T08:03:21.636997,C — split/full-cols
exp_feeding_strategies,HIGGS,200000,200000,20000,28,2,C_splitdata_fullcols_m1_L1,arc_cosine,1,1,1000,,0.6725,28.11,2026-06-13T08:03:51.084821,C — split/full-cols
exp_feeding_strategies,HIGGS,200000,200000,20000,28,2,C_splitdata_fullcols_m1_L1,arc_cosine,1,1,1000,,0.668,38.31,2026-06-13T08:04:30.736529,C — split/full-cols
exp_feeding_strategies,HIGGS,200000,200000,20000,28,2,C_splitdata_fullcols_m1_L2,arc_cosine,2,1,1000,,0.6821,40.41,2026-06-13T08:05:16.846307,C — split/full-cols
exp_feeding_strategies,HIGGS,200000,200000,20000,28,2,C_splitdata_fullcols_m1_L2,arc_cosine,2,1,1000,,0.6743,33.01,2026-06-13T08:05:55.592862,C — split/full-cols
exp_feeding_strategies,HIGGS,200000,200000,20000,28,2,C_splitdata_fullcols_m1_L2,arc_cosine,2,1,1000,,0.6713,45.29,2026-06-13T08:06:47.072498,C — split/full-cols
exp_feeding_strategies,HIGGS,200000,200000,20000,28,2,C_splitdata_fullcols_m1_L3,arc_cosine,3,1,1000,,0.6828,44.03,2026-06-13T08:07:38.204041,C — split/full-cols
exp_feeding_strategies,HIGGS,200000,200000,20000,28,2,C_splitdata_fullcols_m1_L3,arc_cosine,3,1,1000,,0.674,36.79,2026-06-13T08:08:21.991804,C — split/full-cols
exp_feeding_strategies,HIGGS,200000,200000,20000,28,2,C_splitdata_fullcols_m1_L3,arc_cosine,3,1,1000,,0.6703,48.02,2026-06-13T08:09:17.078722,C — split/full-cols
exp_feeding_strategies,HIGGS,200000,200000,20000,28,2,C_splitdata_fullcols_m10_L1,arc_cosine,1,10,1000,,0.6825,38.66,2026-06-13T08:09:57.366935,C — split/full-cols
exp_feeding_strategies,HIGGS,200000,200000,20000,28,2,C_splitdata_fullcols_m10_L1,arc_cosine,1,10,1000,,0.6734,36.55,2026-06-13T08:10:35.586706,C — split/full-cols
exp_feeding_strategies,HIGGS,200000,200000,20000,28,2,C_splitdata_fullcols_m10_L1,arc_cosine,1,10,1000,,0.6698,36.59,2026-06-13T08:11:13.830768,C — split/full-cols
exp_feeding_strategies,HIGGS,200000,200000,20000,28,2,C_splitdata_fullcols_m10_L2,arc_cosine,2,10,1000,,0.6827,46.59,2026-06-13T08:12:07.643203,C — split/full-cols
exp_feeding_strategies,HIGGS,200000,200000,20000,28,2,C_splitdata_fullcols_m10_L2,arc_cosine,2,10,1000,,0.6762,44.22,2026-06-13T08:12:58.409275,C — split/full-cols
exp_feeding_strategies,HIGGS,200000,200000,20000,28,2,C_splitdata_fullcols_m10_L2,arc_cosine,2,10,1000,,0.6712,44.22,2026-06-13T08:13:49.646243,C — split/full-cols
exp_feeding_strategies,HIGGS,200000,200000,20000,28,2,C_splitdata_fullcols_m10_L3,arc_cosine,3,10,1000,,0.6835,53.82,2026-06-13T08:14:51.958878,C — split/full-cols
exp_feeding_strategies,HIGGS,200000,200000,20000,28,2,C_splitdata_fullcols_m10_L3,arc_cosine,3,10,1000,,0.6734,51.61,2026-06-13T08:15:51.700465,C — split/full-cols
exp_feeding_strategies,HIGGS,200000,200000,20000,28,2,C_splitdata_fullcols_m10_L3,arc_cosine,3,10,1000,,0.6706,51.37,2026-06-13T08:16:51.150464,C — split/full-cols
exp_feeding_strategies,HIGGS,200000,200000,20000,28,2,C_splitdata_fullcols_m50_L1,arc_cosine,1,50,1000,,0.6839,51.1,2026-06-13T08:17:43.952105,C — split/full-cols
exp_feeding_strategies,HIGGS,200000,200000,20000,28,2,C_splitdata_fullcols_m50_L1,arc_cosine,1,50,1000,,0.6741,52.98,2026-06-13T08:18:38.680966,C — split/full-cols
exp_feeding_strategies,HIGGS,200000,200000,20000,28,2,C_splitdata_fullcols_m50_L1,arc_cosine,1,50,1000,,0.6715,51.11,2026-06-13T08:19:31.497042,C — split/full-cols
exp_feeding_strategies,HIGGS,200000,200000,20000,28,2,C_splitdata_fullcols_m50_L2,arc_cosine,2,50,1000,,0.6794,86.22,2026-06-13T08:21:05.234008,C — split/full-cols
exp_feeding_strategies,HIGGS,200000,200000,20000,28,2,C_splitdata_fullcols_m50_L2,arc_cosine,2,50,1000,,0.6741,88.88,2026-06-13T08:22:40.860898,C — split/full-cols
exp_feeding_strategies,HIGGS,200000,200000,20000,28,2,C_splitdata_fullcols_m50_L2,arc_cosine,2,50,1000,,0.6702,88.08,2026-06-13T08:24:14.786696,C — split/full-cols
exp_feeding_strategies,HIGGS,200000,200000,20000,28,2,C_splitdata_fullcols_m50_L3,arc_cosine,3,50,1000,,0.6741,123.43,2026-06-13T08:26:27.275303,C — split/full-cols
exp_feeding_strategies,HIGGS,200000,200000,20000,28,2,C_splitdata_fullcols_m50_L3,arc_cosine,3,50,1000,,0.6702,125.33,2026-06-13T08:28:41.620513,C — split/full-cols
exp_feeding_strategies,HIGGS,200000,200000,20000,28,2,C_splitdata_fullcols_m50_L3,arc_cosine,3,50,1000,,0.6683,124.88,2026-06-13T08:30:53.884699,C — split/full-cols
exp_feeding_strategies,HIGGS,200000,200000,20000,28,2,B_in_sqrt_m1_L1,arc_cosine,1,1,1000,,0.5451,79.92,2026-06-13T08:32:15.165463,B-input-√d-
exp_feeding_strategies,HIGGS,200000,200000,20000,28,2,B_in_sqrt_m1_L1,arc_cosine,1,1,1000,,0.6196,57.6,2026-06-13T08:33:14.083385,B-input-√d-
exp_feeding_strategies,HIGGS,200000,200000,20000,28,2,B_in_sqrt_m1_L1,arc_cosine,1,1,1000,,0.5349,36.28,2026-06-13T08:33:51.692353,B-input-√d-
exp_feeding_strategies,HIGGS,200000,200000,20000,28,2,B_in_sqrt_m1_L2,arc_cosine,2,1,1000,,0.5453,86.56,2026-06-13T08:35:23.981829,B-input-√d-
exp_feeding_strategies,HIGGS,200000,200000,20000,28,2,B_in_sqrt_m1_L2,arc_cosine,2,1,1000,,0.6223,64.41,2026-06-13T08:36:33.033063,B-input-√d-
exp_feeding_strategies,HIGGS,200000,200000,20000,28,2,B_in_sqrt_m1_L2,arc_cosine,2,1,1000,,0.5349,41.7,2026-06-13T08:37:19.535993,B-input-√d-
exp_feeding_strategies,HIGGS,200000,200000,20000,28,2,B_in_sqrt_m1_L3,arc_cosine,3,1,1000,,0.5453,93.18,2026-06-13T08:38:59.214086,B-input-√d-
exp_feeding_strategies,HIGGS,200000,200000,20000,28,2,B_in_sqrt_m1_L3,arc_cosine,3,1,1000,,0.6222,72.34,2026-06-13T08:40:17.748232,B-input-√d-
exp_feeding_strategies,HIGGS,200000,200000,20000,28,2,B_in_sqrt_m1_L3,arc_cosine,3,1,1000,,0.5349,48.54,2026-06-13T08:41:12.596479,B-input-√d-
exp_feeding_strategies,HIGGS,200000,200000,20000,28,2,B_in_sqrt_m10_L1,arc_cosine,1,10,1000,,0.6593,687.09,2026-06-13T08:53:08.809014,B-input-√d-
exp_feeding_strategies,HIGGS,200000,200000,20000,28,2,B_in_sqrt_m10_L1,arc_cosine,1,10,1000,,0.6642,621.22,2026-06-13T09:04:04.171205,B-input-√d-
exp_feeding_strategies,HIGGS,1000,1000,20000,28,2,C_splitdata_fullcols_m1_L1,arc_cosine,1,1,1000,,0.5737,0.28,2026-06-13T09:15:02.042966,C — split/full-cols
exp_feeding_strategies,HIGGS,1000,1000,20000,28,2,C_splitdata_fullcols_m1_L1,arc_cosine,1,1,1000,,0.5768,0.2,2026-06-13T09:15:02.401346,C — split/full-cols
exp_feeding_strategies,HIGGS,1000,1000,20000,28,2,C_splitdata_fullcols_m1_L1,arc_cosine,1,1,1000,,0.5709,0.27,2026-06-13T09:15:02.823821,C — split/full-cols
exp_feeding_strategies,HIGGS,1000,1000,20000,28,2,C_splitdata_fullcols_m1_L2,arc_cosine,2,1,1000,,0.5739,0.27,2026-06-13T09:15:03.362160,C — split/full-cols
exp_feeding_strategies,HIGGS,1000,1000,20000,28,2,C_splitdata_fullcols_m1_L2,arc_cosine,2,1,1000,,0.5757,0.22,2026-06-13T09:15:03.912908,C — split/full-cols
exp_feeding_strategies,HIGGS,1000,1000,20000,28,2,C_splitdata_fullcols_m1_L2,arc_cosine,2,1,1000,,0.5713,0.29,2026-06-13T09:15:04.483617,C — split/full-cols
exp_feeding_strategies,HIGGS,1000,1000,20000,28,2,B_in_sqrt_m1_L1,arc_cosine,1,1,1000,,0.5199,0.18,2026-06-13T09:15:04.816614,B-input-√d-
exp_feeding_strategies,HIGGS,1000,1000,20000,28,2,B_in_sqrt_m1_L1,arc_cosine,1,1,1000,,0.5836,0.17,2026-06-13T09:15:05.137865,B-input-√d-
exp_feeding_strategies,HIGGS,1000,1000,20000,28,2,B_in_sqrt_m1_L1,arc_cosine,1,1,1000,,0.5065,0.15,2026-06-13T09:15:05.443347,B-input-√d-
exp_feeding_strategies,HIGGS,1000,1000,20000,28,2,B_in_sqrt_m1_L2,arc_cosine,2,1,1000,,0.5199,0.28,2026-06-13T09:15:05.986121,B-input-√d-
exp_feeding_strategies,HIGGS,1000,1000,20000,28,2,B_in_sqrt_m1_L2,arc_cosine,2,1,1000,,0.5797,0.2,2026-06-13T09:15:06.530432,B-input-√d-
exp_feeding_strategies,HIGGS,1000,1000,20000,28,2,B_in_sqrt_m1_L2,arc_cosine,2,1,1000,,0.5071,0.17,2026-06-13T09:15:06.948890,B-input-√d-
exp_feeding_strategies,HIGGS,1000,1000,20000,28,2,B_in_sqrt_m10_L1,arc_cosine,1,10,1000,,0.5726,2.09,2026-06-13T09:15:10.273944,B-input-√d-
exp_feeding_strategies,HIGGS,1000,1000,20000,28,2,B_in_sqrt_m10_L1,arc_cosine,1,10,1000,,0.5844,1.69,2026-06-13T09:15:13.147873,B-input-√d-
exp_feeding_strategies,HIGGS,1000,1000,20000,28,2,B_in_sqrt_m10_L1,arc_cosine,1,10,1000,,0.5667,1.69,2026-06-13T09:15:15.966010,B-input-√d-
exp_feeding_strategies,HIGGS,1000,1000,20000,28,2,B_in_sqrt_m10_L2,arc_cosine,2,10,1000,,0.5766,2.79,2026-06-13T09:15:21.259205,B-input-√d-
exp_feeding_strategies,HIGGS,1000,1000,20000,28,2,B_in_sqrt_m10_L2,arc_cosine,2,10,1000,,0.5878,2.43,2026-06-13T09:15:26.468444,B-input-√d-
exp_feeding_strategies,HIGGS,1000,1000,20000,28,2,B_in_sqrt_m10_L2,arc_cosine,2,10,1000,,0.5724,2.72,2026-06-13T09:15:32.081665,B-input-√d-
exp_feeding_strategies,HIGGS,1000,1000,20000,28,2,B_in_sqrt_m50_L1,arc_cosine,1,50,1000,,0.6002,11.02,2026-06-13T09:15:49.092405,B-input-√d-
exp_feeding_strategies,HIGGS,1000,1000,20000,28,2,B_in_sqrt_m50_L1,arc_cosine,1,50,1000,,0.5818,10.15,2026-06-13T09:16:06.149897,B-input-√d-
exp_feeding_strategies,HIGGS,1000,1000,20000,28,2,B_in_sqrt_m50_L1,arc_cosine,1,50,1000,,0.5833,12.0,2026-06-13T09:16:25.349597,B-input-√d-
exp_feeding_strategies,HIGGS,1000,1000,20000,28,2,B_in_sqrt_m50_L2,arc_cosine,2,50,1000,,0.6264,16.05,2026-06-13T09:16:57.777543,B-input-√d-
exp_feeding_strategies,HIGGS,1000,1000,20000,28,2,B_in_sqrt_m50_L2,arc_cosine,2,50,1000,,0.61,13.72,2026-06-13T09:17:24.641990,B-input-√d-
exp_feeding_strategies,HIGGS,1000,1000,20000,28,2,B_in_sqrt_m50_L2,arc_cosine,2,50,1000,,0.6243,16.07,2026-06-13T09:17:55.213990,B-input-√d-
exp_feeding_strategies,HIGGS,1000,1000,20000,28,2,B_in_dm_m1_L1,arc_cosine,1,1,1000,,0.5692,0.47,2026-06-13T09:17:55.870570,B-input-d/m
exp_feeding_strategies,HIGGS,1000,1000,20000,28,2,B_in_dm_m1_L1,arc_cosine,1,1,1000,,0.5728,0.4,2026-06-13T09:17:56.476900,B-input-d/m
exp_feeding_strategies,HIGGS,1000,1000,20000,28,2,B_in_dm_m1_L1,arc_cosine,1,1,1000,,0.5815,0.4,2026-06-13T09:17:57.056408,B-input-d/m
exp_feeding_strategies,HIGGS,1000,1000,20000,28,2,B_in_dm_m1_L2,arc_cosine,2,1,1000,,0.5693,0.48,2026-06-13T09:17:57.888460,B-input-d/m
exp_feeding_strategies,HIGGS,1000,1000,20000,28,2,B_in_dm_m1_L2,arc_cosine,2,1,1000,,0.5709,0.46,2026-06-13T09:17:58.681052,B-input-d/m
exp_feeding_strategies,HIGGS,1000,1000,20000,28,2,B_in_dm_m1_L2,arc_cosine,2,1,1000,,0.5824,0.39,2026-06-13T09:17:59.415247,B-input-d/m
exp_feeding_strategies,HIGGS,1000,1000,20000,28,2,B_in_dm_m10_L1,arc_cosine,1,10,1000,,0.5925,1.55,2026-06-13T09:18:02.314054,B-input-d/m
exp_feeding_strategies,HIGGS,1000,1000,20000,28,2,B_in_dm_m10_L1,arc_cosine,1,10,1000,,0.5932,1.54,2026-06-13T09:18:05.210551,B-input-d/m
exp_feeding_strategies,HIGGS,1000,1000,20000,28,2,B_in_dm_m10_L1,arc_cosine,1,10,1000,,0.5984,1.5,2026-06-13T09:18:07.954481,B-input-d/m
exp_feeding_strategies,HIGGS,1000,1000,20000,28,2,B_in_dm_m10_L2,arc_cosine,2,10,1000,,0.5918,2.48,2026-06-13T09:18:13.429548,B-input-d/m
exp_feeding_strategies,HIGGS,1000,1000,20000,28,2,B_in_dm_m10_L2,arc_cosine,2,10,1000,,0.5919,1.85,2026-06-13T09:18:18.125764,B-input-d/m
exp_feeding_strategies,HIGGS,1000,1000,20000,28,2,B_in_dm_m10_L2,arc_cosine,2,10,1000,,0.5995,1.83,2026-06-13T09:18:22.607385,B-input-d/m
exp_feeding_strategies,HIGGS,1000,1000,20000,28,2,D_sqrt_fullP_m1_L1,arc_cosine,1,1,1000,,0.519,0.27,2026-06-13T09:18:23.041286,D_sqrt_fullP
exp_feeding_strategies,HIGGS,1000,1000,20000,28,2,D_sqrt_fullP_m1_L1,arc_cosine,1,1,1000,,0.5817,0.18,2026-06-13T09:18:23.437695,D_sqrt_fullP
exp_feeding_strategies,HIGGS,1000,1000,20000,28,2,D_sqrt_fullP_m1_L1,arc_cosine,1,1,1000,,0.5064,0.19,2026-06-13T09:18:23.828265,D_sqrt_fullP
exp_feeding_strategies,HIGGS,1000,1000,20000,28,2,D_sqrt_fullP_m1_L2,arc_cosine,2,1,1000,,0.5191,0.3,2026-06-13T09:18:24.442652,D_sqrt_fullP
exp_feeding_strategies,HIGGS,1000,1000,20000,28,2,D_sqrt_fullP_m1_L2,arc_cosine,2,1,1000,,0.5818,0.24,2026-06-13T09:18:25.011156,D_sqrt_fullP
exp_feeding_strategies,HIGGS,1000,1000,20000,28,2,D_sqrt_fullP_m1_L2,arc_cosine,2,1,1000,,0.5061,0.23,2026-06-13T09:18:25.564735,D_sqrt_fullP
exp_feeding_strategies,HIGGS,1000,1000,20000,28,2,D_dm_fullP_m1_L1,arc_cosine,1,1,1000,,0.5668,0.5,2026-06-13T09:18:26.266809,D_dm_fullP
exp_feeding_strategies,HIGGS,1000,1000,20000,28,2,D_dm_fullP_m1_L1,arc_cosine,1,1,1000,,0.5877,0.52,2026-06-13T09:18:27.051352,D_dm_fullP
exp_feeding_strategies,HIGGS,1000,1000,20000,28,2,D_dm_fullP_m1_L1,arc_cosine,1,1,1000,,0.5682,0.45,2026-06-13T09:18:27.679448,D_dm_fullP
exp_feeding_strategies,HIGGS,1000,1000,20000,28,2,D_dm_fullP_m1_L2,arc_cosine,2,1,1000,,0.5677,0.41,2026-06-13T09:18:28.431754,D_dm_fullP
exp_feeding_strategies,HIGGS,1000,1000,20000,28,2,D_dm_fullP_m1_L2,arc_cosine,2,1,1000,,0.5871,0.41,2026-06-13T09:18:29.163388,D_dm_fullP
exp_feeding_strategies,HIGGS,1000,1000,20000,28,2,D_dm_fullP_m1_L2,arc_cosine,2,1,1000,,0.5681,0.47,2026-06-13T09:18:29.931671,D_dm_fullP
exp_feeding_strategies,HIGGS,5000,5000,20000,28,2,C_splitdata_fullcols_m1_L1,arc_cosine,1,1,1000,,0.6173,1.38,2026-06-13T09:18:31.530282,C — split/full-cols
exp_feeding_strategies,HIGGS,5000,5000,20000,28,2,C_splitdata_fullcols_m1_L1,arc_cosine,1,1,1000,,0.6197,1.24,2026-06-13T09:18:32.945476,C — split/full-cols
exp_feeding_strategies,HIGGS,5000,5000,20000,28,2,C_splitdata_fullcols_m1_L1,arc_cosine,1,1,1000,,0.6075,1.4,2026-06-13T09:18:34.533923,C — split/full-cols
exp_feeding_strategies,HIGGS,5000,5000,20000,28,2,C_splitdata_fullcols_m1_L2,arc_cosine,2,1,1000,,0.6183,1.52,2026-06-13T09:18:36.427104,C — split/full-cols
exp_feeding_strategies,HIGGS,5000,5000,20000,28,2,C_splitdata_fullcols_m1_L2,arc_cosine,2,1,1000,,0.6207,1.4,2026-06-13T09:18:38.170755,C — split/full-cols
exp_feeding_strategies,HIGGS,5000,5000,20000,28,2,C_splitdata_fullcols_m1_L2,arc_cosine,2,1,1000,,0.607,1.6,2026-06-13T09:18:40.112386,C — split/full-cols
exp_feeding_strategies,HIGGS,5000,5000,20000,28,2,C_splitdata_fullcols_m10_L1,arc_cosine,1,10,1000,,0.6381,2.0,2026-06-13T09:18:42.360436,C — split/full-cols
exp_feeding_strategies,HIGGS,5000,5000,20000,28,2,C_splitdata_fullcols_m10_L1,arc_cosine,1,10,1000,,0.6411,2.08,2026-06-13T09:18:44.687101,C — split/full-cols
exp_feeding_strategies,HIGGS,5000,5000,20000,28,2,C_splitdata_fullcols_m10_L1,arc_cosine,1,10,1000,,0.6368,2.13,2026-06-13T09:18:47.031254,C — split/full-cols
exp_feeding_strategies,HIGGS,5000,5000,20000,28,2,C_splitdata_fullcols_m10_L2,arc_cosine,2,10,1000,,0.6306,6.36,2026-06-13T09:18:53.801821,C — split/full-cols
exp_feeding_strategies,HIGGS,5000,5000,20000,28,2,C_splitdata_fullcols_m10_L2,arc_cosine,2,10,1000,,0.6323,6.18,2026-06-13T09:19:00.421205,C — split/full-cols
exp_feeding_strategies,HIGGS,5000,5000,20000,28,2,C_splitdata_fullcols_m10_L2,arc_cosine,2,10,1000,,0.63,5.21,2026-06-13T09:19:06.025135,C — split/full-cols
exp_feeding_strategies,HIGGS,5000,5000,20000,28,2,B_in_sqrt_m1_L1,arc_cosine,1,1,1000,,0.5191,2.5,2026-06-13T09:19:08.733395,B-input-√d-
exp_feeding_strategies,HIGGS,5000,5000,20000,28,2,B_in_sqrt_m1_L1,arc_cosine,1,1,1000,,0.615,2.31,2026-06-13T09:19:11.249783,B-input-√d-
exp_feeding_strategies,HIGGS,5000,5000,20000,28,2,B_in_sqrt_m1_L1,arc_cosine,1,1,1000,,0.5111,2.36,2026-06-13T09:19:13.814623,B-input-√d-
exp_feeding_strategies,HIGGS,5000,5000,20000,28,2,B_in_sqrt_m1_L2,arc_cosine,2,1,1000,,0.5191,2.62,2026-06-13T09:19:16.804977,B-input-√d-
exp_feeding_strategies,HIGGS,5000,5000,20000,28,2,B_in_sqrt_m1_L2,arc_cosine,2,1,1000,,0.6139,2.41,2026-06-13T09:19:19.592738,B-input-√d-
exp_feeding_strategies,HIGGS,5000,5000,20000,28,2,B_in_sqrt_m1_L2,arc_cosine,2,1,1000,,0.5107,2.44,2026-06-13T09:19:22.400402,B-input-√d-
exp_feeding_strategies,HIGGS,5000,5000,20000,28,2,B_in_sqrt_m10_L1,arc_cosine,1,10,1000,,0.6042,21.13,2026-06-13T09:19:45.163188,B-input-√d-
exp_feeding_strategies,HIGGS,5000,5000,20000,28,2,B_in_sqrt_m10_L1,arc_cosine,1,10,1000,,0.621,22.97,2026-06-13T09:20:09.681276,B-input-√d-
exp_feeding_strategies,HIGGS,5000,5000,20000,28,2,B_in_sqrt_m10_L1,arc_cosine,1,10,1000,,0.5943,20.2,2026-06-13T09:20:31.266037,B-input-√d-
exp_feeding_strategies,HIGGS,5000,5000,20000,28,2,B_in_sqrt_m10_L2,arc_cosine,2,10,1000,,0.6119,22.85,2026-06-13T09:20:57.069510,B-input-√d-
exp_feeding_strategies,HIGGS,5000,5000,20000,28,2,B_in_sqrt_m10_L2,arc_cosine,2,10,1000,,0.6254,23.99,2026-06-13T09:21:23.739002,B-input-√d-
exp_feeding_strategies,HIGGS,5000,5000,20000,28,2,B_in_sqrt_m10_L2,arc_cosine,2,10,1000,,0.5958,22.24,2026-06-13T09:21:48.716640,B-input-√d-
exp_feeding_strategies,HIGGS,5000,5000,20000,28,2,B_in_sqrt_m50_L1,arc_cosine,1,50,1000,,0.6204,90.51,2026-06-13T09:23:26.907106,B-input-√d-
exp_feeding_strategies,HIGGS,5000,5000,20000,28,2,B_in_sqrt_m50_L1,arc_cosine,1,50,1000,,0.6241,114.56,2026-06-13T09:25:29.812860,B-input-√d-
exp_feeding_strategies,HIGGS,5000,5000,20000,28,2,B_in_sqrt_m50_L1,arc_cosine,1,50,1000,,0.6198,105.89,2026-06-13T09:27:24.271935,B-input-√d-
exp_feeding_strategies,HIGGS,5000,5000,20000,28,2,B_in_sqrt_m50_L2,arc_cosine,2,50,1000,,0.644,148.31,2026-06-13T09:30:06.012172,B-input-√d-
exp_feeding_strategies,HIGGS,5000,5000,20000,28,2,B_in_sqrt_m50_L2,arc_cosine,2,50,1000,,0.631,166.04,2026-06-13T09:33:08.225311,B-input-√d-
exp_feeding_strategies,HIGGS,5000,5000,20000,28,2,B_in_sqrt_m50_L2,arc_cosine,2,50,1000,,0.6355,164.42,2026-06-13T09:36:10.323422,B-input-√d-
exp_feeding_strategies,HIGGS,5000,5000,20000,28,2,B_in_dm_m1_L1,arc_cosine,1,1,1000,,0.6196,1.83,2026-06-13T09:36:12.381572,B-input-d/m
exp_feeding_strategies,HIGGS,5000,5000,20000,28,2,B_in_dm_m1_L1,arc_cosine,1,1,1000,,0.6202,1.45,2026-06-13T09:36:14.060826,B-input-d/m
exp_feeding_strategies,HIGGS,5000,5000,20000,28,2,B_in_dm_m1_L1,arc_cosine,1,1,1000,,0.6142,1.82,2026-06-13T09:36:16.105883,B-input-d/m
exp_feeding_strategies,HIGGS,5000,5000,20000,28,2,B_in_dm_m1_L2,arc_cosine,2,1,1000,,0.6199,2.12,2026-06-13T09:36:18.661012,B-input-d/m
exp_feeding_strategies,HIGGS,5000,5000,20000,28,2,B_in_dm_m1_L2,arc_cosine,2,1,1000,,0.6202,1.48,2026-06-13T09:36:20.519201,B-input-d/m
exp_feeding_strategies,HIGGS,5000,5000,20000,28,2,B_in_dm_m1_L2,arc_cosine,2,1,1000,,0.6132,1.57,2026-06-13T09:36:22.496955,B-input-d/m
exp_feeding_strategies,HIGGS,5000,5000,20000,28,2,B_in_dm_m10_L1,arc_cosine,1,10,1000,,0.6146,8.89,2026-06-13T09:36:32.907757,B-input-d/m
exp_feeding_strategies,HIGGS,5000,5000,20000,28,2,B_in_dm_m10_L1,arc_cosine,1,10,1000,,0.6239,10.29,2026-06-13T09:36:44.904472,B-input-d/m
exp_feeding_strategies,HIGGS,5000,5000,20000,28,2,B_in_dm_m10_L1,arc_cosine,1,10,1000,,0.627,9.37,2026-06-13T09:36:55.838128,B-input-d/m
exp_feeding_strategies,HIGGS,5000,5000,20000,28,2,B_in_dm_m10_L2,arc_cosine,2,10,1000,,0.6201,10.29,2026-06-13T09:37:09.370213,B-input-d/m
exp_feeding_strategies,HIGGS,5000,5000,20000,28,2,B_in_dm_m10_L2,arc_cosine,2,10,1000,,0.6255,12.05,2026-06-13T09:37:24.893890,B-input-d/m
exp_feeding_strategies,HIGGS,5000,5000,20000,28,2,B_in_dm_m10_L2,arc_cosine,2,10,1000,,0.6304,10.9,2026-06-13T09:37:39.115833,B-input-d/m
exp_feeding_strategies,HIGGS,5000,5000,20000,28,2,D_sqrt_fullP_m1_L1,arc_cosine,1,1,1000,,0.5237,2.13,2026-06-13T09:37:41.440924,D_sqrt_fullP
exp_feeding_strategies,HIGGS,5000,5000,20000,28,2,D_sqrt_fullP_m1_L1,arc_cosine,1,1,1000,,0.6164,1.48,2026-06-13T09:37:43.105956,D_sqrt_fullP
exp_feeding_strategies,HIGGS,5000,5000,20000,28,2,D_sqrt_fullP_m1_L1,arc_cosine,1,1,1000,,0.5134,1.53,2026-06-13T09:37:44.829950,D_sqrt_fullP
exp_feeding_strategies,HIGGS,5000,5000,20000,28,2,D_sqrt_fullP_m1_L2,arc_cosine,2,1,1000,,0.5233,2.27,2026-06-13T09:37:47.498501,D_sqrt_fullP
exp_feeding_strategies,HIGGS,5000,5000,20000,28,2,D_sqrt_fullP_m1_L2,arc_cosine,2,1,1000,,0.6129,1.7,2026-06-13T09:37:49.558899,D_sqrt_fullP
exp_feeding_strategies,HIGGS,5000,5000,20000,28,2,D_sqrt_fullP_m1_L2,arc_cosine,2,1,1000,,0.5137,1.66,2026-06-13T09:37:51.585525,D_sqrt_fullP
exp_feeding_strategies,HIGGS,5000,5000,20000,28,2,D_sqrt_fullP_m10_L1,arc_cosine,1,10,1000,,0.5839,4.82,2026-06-13T09:37:57.939186,D_sqrt_fullP
exp_feeding_strategies,HIGGS,5000,5000,20000,28,2,D_sqrt_fullP_m10_L1,arc_cosine,1,10,1000,,0.596,4.79,2026-06-13T09:38:04.290664,D_sqrt_fullP
exp_feeding_strategies,HIGGS,5000,5000,20000,28,2,D_sqrt_fullP_m10_L1,arc_cosine,1,10,1000,,0.5724,4.87,2026-06-13T09:38:10.710548,D_sqrt_fullP
exp_feeding_strategies,HIGGS,5000,5000,20000,28,2,D_sqrt_fullP_m10_L2,arc_cosine,2,10,1000,,0.5757,10.5,2026-06-13T09:38:24.375796,D_sqrt_fullP
exp_feeding_strategies,HIGGS,5000,5000,20000,28,2,D_sqrt_fullP_m10_L2,arc_cosine,2,10,1000,,0.5935,9.59,2026-06-13T09:38:37.540747,D_sqrt_fullP
exp_feeding_strategies,HIGGS,5000,5000,20000,28,2,D_sqrt_fullP_m10_L2,arc_cosine,2,10,1000,,0.5646,10.33,2026-06-13T09:38:51.542247,D_sqrt_fullP
exp_feeding_strategies,HIGGS,5000,5000,20000,28,2,D_dm_fullP_m1_L1,arc_cosine,1,1,1000,,0.6181,1.55,2026-06-13T09:38:53.311202,D_dm_fullP
exp_feeding_strategies,HIGGS,5000,5000,20000,28,2,D_dm_fullP_m1_L1,arc_cosine,1,1,1000,,0.613,1.8,2026-06-13T09:38:55.321477,D_dm_fullP
exp_feeding_strategies,HIGGS,5000,5000,20000,28,2,D_dm_fullP_m1_L1,arc_cosine,1,1,1000,,0.6136,1.58,2026-06-13T09:38:57.119139,D_dm_fullP
exp_feeding_strategies,HIGGS,5000,5000,20000,28,2,D_dm_fullP_m1_L2,arc_cosine,2,1,1000,,0.6192,1.64,2026-06-13T09:38:59.141211,D_dm_fullP
exp_feeding_strategies,HIGGS,5000,5000,20000,28,2,D_dm_fullP_m1_L2,arc_cosine,2,1,1000,,0.6128,1.93,2026-06-13T09:39:01.559610,D_dm_fullP
exp_feeding_strategies,HIGGS,5000,5000,20000,28,2,D_dm_fullP_m1_L2,arc_cosine,2,1,1000,,0.6127,1.75,2026-06-13T09:39:03.706390,D_dm_fullP
exp_feeding_strategies,HIGGS,5000,5000,20000,28,2,D_dm_fullP_m10_L1,arc_cosine,1,10,1000,,0.587,5.16,2026-06-13T09:39:10.542571,D_dm_fullP
exp_feeding_strategies,HIGGS,5000,5000,20000,28,2,D_dm_fullP_m10_L1,arc_cosine,1,10,1000,,0.6193,5.26,2026-06-13T09:39:17.779835,D_dm_fullP
exp_feeding_strategies,HIGGS,5000,5000,20000,28,2,D_dm_fullP_m10_L1,arc_cosine,1,10,1000,,0.6039,5.36,2026-06-13T09:39:24.823135,D_dm_fullP
exp_feeding_strategies,HIGGS,5000,5000,20000,28,2,D_dm_fullP_m10_L2,arc_cosine,2,10,1000,,0.588,9.85,2026-06-13T09:39:37.914946,D_dm_fullP
exp_feeding_strategies,HIGGS,5000,5000,20000,28,2,D_dm_fullP_m10_L2,arc_cosine,2,10,1000,,0.6213,10.09,2026-06-13T09:39:51.975079,D_dm_fullP
exp_feeding_strategies,HIGGS,5000,5000,20000,28,2,D_dm_fullP_m10_L2,arc_cosine,2,10,1000,,0.6013,9.9,2026-06-13T09:40:05.641012,D_dm_fullP
exp_feeding_strategies,HIGGS,10000,10000,20000,28,2,C_splitdata_fullcols_m1_L1,arc_cosine,1,1,1000,,0.6346,2.78,2026-06-13T09:40:08.729183,C — split/full-cols
exp_feeding_strategies,HIGGS,10000,10000,20000,28,2,C_splitdata_fullcols_m1_L1,arc_cosine,1,1,1000,,0.6401,3.23,2026-06-13T09:40:12.326140,C — split/full-cols
exp_feeding_strategies,HIGGS,10000,10000,20000,28,2,C_splitdata_fullcols_m1_L1,arc_cosine,1,1,1000,,0.6319,2.5,2026-06-13T09:40:15.175033,C — split/full-cols
exp_feeding_strategies,HIGGS,10000,10000,20000,28,2,C_splitdata_fullcols_m1_L2,arc_cosine,2,1,1000,,0.6344,2.99,2026-06-13T09:40:18.731724,C — split/full-cols
exp_feeding_strategies,HIGGS,10000,10000,20000,28,2,C_splitdata_fullcols_m1_L2,arc_cosine,2,1,1000,,0.6401,3.47,2026-06-13T09:40:22.678663,C — split/full-cols
exp_feeding_strategies,HIGGS,10000,10000,20000,28,2,C_splitdata_fullcols_m1_L2,arc_cosine,2,1,1000,,0.632,2.64,2026-06-13T09:40:25.774692,C — split/full-cols
exp_feeding_strategies,HIGGS,10000,10000,20000,28,2,C_splitdata_fullcols_m10_L1,arc_cosine,1,10,1000,,0.6445,2.99,2026-06-13T09:40:29.037905,C — split/full-cols
exp_feeding_strategies,HIGGS,10000,10000,20000,28,2,C_splitdata_fullcols_m10_L1,arc_cosine,1,10,1000,,0.6511,3.66,2026-06-13T09:40:32.948433,C — split/full-cols
exp_feeding_strategies,HIGGS,10000,10000,20000,28,2,C_splitdata_fullcols_m10_L1,arc_cosine,1,10,1000,,0.6378,2.78,2026-06-13T09:40:35.993090,C — split/full-cols
exp_feeding_strategies,HIGGS,10000,10000,20000,28,2,C_splitdata_fullcols_m10_L2,arc_cosine,2,10,1000,,0.6371,6.06,2026-06-13T09:40:42.563887,C — split/full-cols
exp_feeding_strategies,HIGGS,10000,10000,20000,28,2,C_splitdata_fullcols_m10_L2,arc_cosine,2,10,1000,,0.6437,6.44,2026-06-13T09:40:49.542017,C — split/full-cols
exp_feeding_strategies,HIGGS,10000,10000,20000,28,2,C_splitdata_fullcols_m10_L2,arc_cosine,2,10,1000,,0.6317,6.29,2026-06-13T09:40:56.437587,C — split/full-cols
exp_feeding_strategies,HIGGS,10000,10000,20000,28,2,C_splitdata_fullcols_m50_L1,arc_cosine,1,50,1000,,0.6522,2.05,2026-06-13T09:40:58.891873,C — split/full-cols
exp_feeding_strategies,HIGGS,10000,10000,20000,28,2,C_splitdata_fullcols_m50_L1,arc_cosine,1,50,1000,,0.6561,1.45,2026-06-13T09:41:00.651563,C — split/full-cols
exp_feeding_strategies,HIGGS,10000,10000,20000,28,2,C_splitdata_fullcols_m50_L1,arc_cosine,1,50,1000,,0.6437,1.43,2026-06-13T09:41:02.417802,C — split/full-cols
exp_feeding_strategies,HIGGS,10000,10000,20000,28,2,C_splitdata_fullcols_m50_L2,arc_cosine,2,50,1000,,0.6533,2.57,2026-06-13T09:41:05.542555,C — split/full-cols
exp_feeding_strategies,HIGGS,10000,10000,20000,28,2,C_splitdata_fullcols_m50_L2,arc_cosine,2,50,1000,,0.6593,2.35,2026-06-13T09:41:08.469317,C — split/full-cols
exp_feeding_strategies,HIGGS,10000,10000,20000,28,2,C_splitdata_fullcols_m50_L2,arc_cosine,2,50,1000,,0.6446,2.4,2026-06-13T09:41:11.508820,C — split/full-cols
exp_feeding_strategies,HIGGS,10000,10000,20000,28,2,B_in_sqrt_m1_L1,arc_cosine,1,1,1000,,0.5194,4.69,2026-06-13T09:41:16.457782,B-input-√d-
exp_feeding_strategies,HIGGS,10000,10000,20000,28,2,B_in_sqrt_m1_L1,arc_cosine,1,1,1000,,0.6219,2.66,2026-06-13T09:41:19.373568,B-input-√d-
exp_feeding_strategies,HIGGS,10000,10000,20000,28,2,B_in_sqrt_m1_L1,arc_cosine,1,1,1000,,0.5077,4.09,2026-06-13T09:41:23.736224,B-input-√d-
exp_feeding_strategies,HIGGS,10000,10000,20000,28,2,B_in_sqrt_m1_L2,arc_cosine,2,1,1000,,0.5196,5.53,2026-06-13T09:41:29.785610,B-input-√d-
exp_feeding_strategies,HIGGS,10000,10000,20000,28,2,B_in_sqrt_m1_L2,arc_cosine,2,1,1000,,0.6197,3.08,2026-06-13T09:41:33.308833,B-input-√d-
exp_feeding_strategies,HIGGS,10000,10000,20000,28,2,B_in_sqrt_m1_L2,arc_cosine,2,1,1000,,0.5072,4.57,2026-06-13T09:41:38.304710,B-input-√d-
exp_feeding_strategies,HIGGS,10000,10000,20000,28,2,B_in_sqrt_m10_L1,arc_cosine,1,10,1000,,0.6226,44.47,2026-06-13T09:42:24.769658,B-input-√d-
exp_feeding_strategies,HIGGS,10000,10000,20000,28,2,B_in_sqrt_m10_L1,arc_cosine,1,10,1000,,0.6389,43.74,2026-06-13T09:43:10.437120,B-input-√d-
exp_feeding_strategies,HIGGS,10000,10000,20000,28,2,B_in_sqrt_m10_L1,arc_cosine,1,10,1000,,0.6039,51.76,2026-06-13T09:44:03.949077,B-input-√d-
exp_feeding_strategies,HIGGS,10000,10000,20000,28,2,B_in_sqrt_m10_L2,arc_cosine,2,10,1000,,0.6319,53.28,2026-06-13T09:45:01.239315,B-input-√d-
exp_feeding_strategies,HIGGS,10000,10000,20000,28,2,B_in_sqrt_m10_L2,arc_cosine,2,10,1000,,0.6394,45.53,2026-06-13T09:45:50.329880,B-input-√d-
exp_feeding_strategies,HIGGS,10000,10000,20000,28,2,B_in_sqrt_m10_L2,arc_cosine,2,10,1000,,0.6044,56.37,2026-06-13T09:46:50.576911,B-input-√d-
exp_feeding_strategies,HIGGS,10000,10000,20000,28,2,B_in_sqrt_m50_L1,arc_cosine,1,50,1000,,0.6395,201.67,2026-06-13T09:50:20.591097,B-input-√d-
exp_feeding_strategies,HIGGS,10000,10000,20000,28,2,B_in_sqrt_m50_L1,arc_cosine,1,50,1000,,0.6405,219.02,2026-06-13T09:54:08.684455,B-input-√d-
exp_feeding_strategies,HIGGS,10000,10000,20000,28,2,B_in_sqrt_m50_L1,arc_cosine,1,50,1000,,0.6359,212.06,2026-06-13T09:57:49.508915,B-input-√d-
exp_feeding_strategies,HIGGS,10000,10000,20000,28,2,B_in_sqrt_m50_L2,arc_cosine,2,50,1000,,0.6496,335.98,2026-06-13T10:03:43.009354,B-input-√d-
exp_feeding_strategies,HIGGS,10000,10000,20000,28,2,B_in_sqrt_m50_L2,arc_cosine,2,50,1000,,0.6406,317.76,2026-06-13T10:09:16.855698,B-input-√d-
exp_feeding_strategies,HIGGS,10000,10000,20000,28,2,B_in_sqrt_m50_L2,arc_cosine,2,50,1000,,0.6383,335.17,2026-06-13T10:15:08.636055,B-input-√d-
exp_feeding_strategies,HIGGS,10000,10000,20000,28,2,B_in_dm_m1_L1,arc_cosine,1,1,1000,,0.6391,2.61,2026-06-13T10:15:11.531428,B-input-d/m
exp_feeding_strategies,HIGGS,10000,10000,20000,28,2,B_in_dm_m1_L1,arc_cosine,1,1,1000,,0.6442,2.39,2026-06-13T10:15:14.276558,B-input-d/m
exp_feeding_strategies,HIGGS,10000,10000,20000,28,2,B_in_dm_m1_L1,arc_cosine,1,1,1000,,0.6351,2.54,2026-06-13T10:15:17.157866,B-input-d/m
exp_feeding_strategies,HIGGS,10000,10000,20000,28,2,B_in_dm_m1_L2,arc_cosine,2,1,1000,,0.6391,3.12,2026-06-13T10:15:20.812851,B-input-d/m
exp_feeding_strategies,HIGGS,10000,10000,20000,28,2,B_in_dm_m1_L2,arc_cosine,2,1,1000,,0.6441,2.92,2026-06-13T10:15:24.257362,B-input-d/m
exp_feeding_strategies,HIGGS,10000,10000,20000,28,2,B_in_dm_m1_L2,arc_cosine,2,1,1000,,0.6351,2.59,2026-06-13T10:15:27.438685,B-input-d/m
exp_feeding_strategies,HIGGS,10000,10000,20000,28,2,B_in_dm_m10_L1,arc_cosine,1,10,1000,,0.6254,19.12,2026-06-13T10:15:48.368404,B-input-d/m
exp_feeding_strategies,HIGGS,10000,10000,20000,28,2,B_in_dm_m10_L1,arc_cosine,1,10,1000,,0.6431,20.25,2026-06-13T10:16:10.452817,B-input-d/m
exp_feeding_strategies,HIGGS,10000,10000,20000,28,2,B_in_dm_m10_L1,arc_cosine,1,10,1000,,0.6374,20.12,2026-06-13T10:16:32.572094,B-input-d/m
exp_feeding_strategies,HIGGS,10000,10000,20000,28,2,B_in_dm_m10_L2,arc_cosine,2,10,1000,,0.6305,23.11,2026-06-13T10:16:59.920131,B-input-d/m
exp_feeding_strategies,HIGGS,10000,10000,20000,28,2,B_in_dm_m10_L2,arc_cosine,2,10,1000,,0.644,22.87,2026-06-13T10:17:26.400587,B-input-d/m
exp_feeding_strategies,HIGGS,10000,10000,20000,28,2,B_in_dm_m10_L2,arc_cosine,2,10,1000,,0.638,22.06,2026-06-13T10:17:51.958054,B-input-d/m
exp_feeding_strategies,HIGGS,10000,10000,20000,28,2,D_sqrt_fullP_m1_L1,arc_cosine,1,1,1000,,0.5256,2.49,2026-06-13T10:17:54.650545,D_sqrt_fullP
exp_feeding_strategies,HIGGS,10000,10000,20000,28,2,D_sqrt_fullP_m1_L1,arc_cosine,1,1,1000,,0.6176,4.27,2026-06-13T10:17:59.138188,D_sqrt_fullP
exp_feeding_strategies,HIGGS,10000,10000,20000,28,2,D_sqrt_fullP_m1_L1,arc_cosine,1,1,1000,,0.5084,4.34,2026-06-13T10:18:03.691745,D_sqrt_fullP
exp_feeding_strategies,HIGGS,10000,10000,20000,28,2,D_sqrt_fullP_m1_L2,arc_cosine,2,1,1000,,0.5255,2.73,2026-06-13T10:18:06.803659,D_sqrt_fullP
exp_feeding_strategies,HIGGS,10000,10000,20000,28,2,D_sqrt_fullP_m1_L2,arc_cosine,2,1,1000,,0.6207,4.32,2026-06-13T10:18:11.500575,D_sqrt_fullP
exp_feeding_strategies,HIGGS,10000,10000,20000,28,2,D_sqrt_fullP_m1_L2,arc_cosine,2,1,1000,,0.5083,4.37,2026-06-13T10:18:16.252997,D_sqrt_fullP
exp_feeding_strategies,HIGGS,10000,10000,20000,28,2,D_sqrt_fullP_m10_L1,arc_cosine,1,10,1000,,0.6028,2.77,2026-06-13T10:18:20.673563,D_sqrt_fullP
exp_feeding_strategies,HIGGS,10000,10000,20000,28,2,D_sqrt_fullP_m10_L1,arc_cosine,1,10,1000,,0.6217,2.7,2026-06-13T10:18:25.121905,D_sqrt_fullP
exp_feeding_strategies,HIGGS,10000,10000,20000,28,2,D_sqrt_fullP_m10_L1,arc_cosine,1,10,1000,,0.5903,2.95,2026-06-13T10:18:30.094306,D_sqrt_fullP
exp_feeding_strategies,HIGGS,10000,10000,20000,28,2,D_sqrt_fullP_m10_L2,arc_cosine,2,10,1000,,0.6005,5.1,2026-06-13T10:18:38.719613,D_sqrt_fullP
exp_feeding_strategies,HIGGS,10000,10000,20000,28,2,D_sqrt_fullP_m10_L2,arc_cosine,2,10,1000,,0.6154,4.79,2026-06-13T10:18:47.224148,D_sqrt_fullP
exp_feeding_strategies,HIGGS,10000,10000,20000,28,2,D_sqrt_fullP_m10_L2,arc_cosine,2,10,1000,,0.5917,5.07,2026-06-13T10:18:55.985030,D_sqrt_fullP
exp_feeding_strategies,HIGGS,10000,10000,20000,28,2,D_sqrt_fullP_m50_L1,arc_cosine,1,50,1000,,0.6461,13.18,2026-06-13T10:19:18.685883,D_sqrt_fullP
exp_feeding_strategies,HIGGS,10000,10000,20000,28,2,D_sqrt_fullP_m50_L1,arc_cosine,1,50,1000,,0.6452,13.28,2026-06-13T10:19:41.357896,D_sqrt_fullP
exp_feeding_strategies,HIGGS,10000,10000,20000,28,2,D_sqrt_fullP_m50_L1,arc_cosine,1,50,1000,,0.6431,13.64,2026-06-13T10:20:05.600012,D_sqrt_fullP
exp_feeding_strategies,HIGGS,10000,10000,20000,28,2,D_sqrt_fullP_m50_L2,arc_cosine,2,50,1000,,0.6365,24.09,2026-06-13T10:20:47.631759,D_sqrt_fullP
exp_feeding_strategies,HIGGS,10000,10000,20000,28,2,D_sqrt_fullP_m50_L2,arc_cosine,2,50,1000,,0.6297,24.1,2026-06-13T10:21:33.837035,D_sqrt_fullP
exp_feeding_strategies,HIGGS,10000,10000,20000,28,2,D_sqrt_fullP_m50_L2,arc_cosine,2,50,1000,,0.6321,24.72,2026-06-13T10:22:14.849715,D_sqrt_fullP
exp_feeding_strategies,HIGGS,10000,10000,20000,28,2,D_dm_fullP_m1_L1,arc_cosine,1,1,1000,,0.6373,2.5,2026-06-13T10:22:17.570913,D_dm_fullP
exp_feeding_strategies,HIGGS,10000,10000,20000,28,2,D_dm_fullP_m1_L1,arc_cosine,1,1,1000,,0.6377,2.38,2026-06-13T10:22:20.161691,D_dm_fullP
exp_feeding_strategies,HIGGS,10000,10000,20000,28,2,D_dm_fullP_m1_L1,arc_cosine,1,1,1000,,0.6297,1.99,2026-06-13T10:22:22.372971,D_dm_fullP
exp_feeding_strategies,HIGGS,10000,10000,20000,28,2,D_dm_fullP_m1_L2,arc_cosine,2,1,1000,,0.6361,2.8,2026-06-13T10:22:25.575089,D_dm_fullP
exp_feeding_strategies,HIGGS,10000,10000,20000,28,2,D_dm_fullP_m1_L2,arc_cosine,2,1,1000,,0.6372,2.7,2026-06-13T10:22:28.671363,D_dm_fullP
exp_feeding_strategies,HIGGS,10000,10000,20000,28,2,D_dm_fullP_m1_L2,arc_cosine,2,1,1000,,0.6297,2.33,2026-06-13T10:22:31.408114,D_dm_fullP
exp_feeding_strategies,HIGGS,10000,10000,20000,28,2,D_dm_fullP_m10_L1,arc_cosine,1,10,1000,,0.6227,1.94,2026-06-13T10:22:35.008427,D_dm_fullP
exp_feeding_strategies,HIGGS,10000,10000,20000,28,2,D_dm_fullP_m10_L1,arc_cosine,1,10,1000,,0.6211,1.84,2026-06-13T10:22:38.507584,D_dm_fullP
exp_feeding_strategies,HIGGS,10000,10000,20000,28,2,D_dm_fullP_m10_L1,arc_cosine,1,10,1000,,0.6161,1.99,2026-06-13T10:22:42.238646,D_dm_fullP
exp_feeding_strategies,HIGGS,10000,10000,20000,28,2,D_dm_fullP_m10_L2,arc_cosine,2,10,1000,,0.6339,2.81,2026-06-13T10:22:48.559623,D_dm_fullP
exp_feeding_strategies,HIGGS,10000,10000,20000,28,2,D_dm_fullP_m10_L2,arc_cosine,2,10,1000,,0.6206,2.72,2026-06-13T10:22:54.797419,D_dm_fullP
exp_feeding_strategies,HIGGS,10000,10000,20000,28,2,D_dm_fullP_m10_L2,arc_cosine,2,10,1000,,0.6164,2.79,2026-06-13T10:23:01.074690,D_dm_fullP
exp_feeding_strategies,HIGGS,50000,50000,20000,28,2,C_splitdata_fullcols_m1_L1,arc_cosine,1,1,1000,,0.6734,7.89,2026-06-13T10:23:09.404502,C — split/full-cols
exp_feeding_strategies,HIGGS,50000,50000,20000,28,2,C_splitdata_fullcols_m1_L1,arc_cosine,1,1,1000,,0.6676,9.31,2026-06-13T10:23:19.155116,C — split/full-cols
exp_feeding_strategies,HIGGS,50000,50000,20000,28,2,C_splitdata_fullcols_m1_L1,arc_cosine,1,1,1000,,0.6714,8.06,2026-06-13T10:23:27.656665,C — split/full-cols
exp_feeding_strategies,HIGGS,50000,50000,20000,28,2,C_splitdata_fullcols_m1_L2,arc_cosine,2,1,1000,,0.6736,9.62,2026-06-13T10:23:38.124627,C — split/full-cols
exp_feeding_strategies,HIGGS,50000,50000,20000,28,2,C_splitdata_fullcols_m1_L2,arc_cosine,2,1,1000,,0.6679,10.71,2026-06-13T10:23:49.661325,C — split/full-cols
exp_feeding_strategies,HIGGS,50000,50000,20000,28,2,C_splitdata_fullcols_m1_L2,arc_cosine,2,1,1000,,0.6734,9.33,2026-06-13T10:23:59.840650,C — split/full-cols
exp_feeding_strategies,HIGGS,50000,50000,20000,28,2,C_splitdata_fullcols_m10_L1,arc_cosine,1,10,1000,,0.672,11.89,2026-06-13T10:24:12.315895,C — split/full-cols
exp_feeding_strategies,HIGGS,50000,50000,20000,28,2,C_splitdata_fullcols_m10_L1,arc_cosine,1,10,1000,,0.6674,14.42,2026-06-13T10:24:27.319150,C — split/full-cols
exp_feeding_strategies,HIGGS,50000,50000,20000,28,2,C_splitdata_fullcols_m10_L1,arc_cosine,1,10,1000,,0.6714,13.16,2026-06-13T10:24:41.073541,C — split/full-cols
exp_feeding_strategies,HIGGS,50000,50000,20000,28,2,C_splitdata_fullcols_m10_L2,arc_cosine,2,10,1000,,0.6681,31.23,2026-06-13T10:25:13.320739,C — split/full-cols
exp_feeding_strategies,HIGGS,50000,50000,20000,28,2,C_splitdata_fullcols_m10_L2,arc_cosine,2,10,1000,,0.6618,28.31,2026-06-13T10:25:42.776959,C — split/full-cols
exp_feeding_strategies,HIGGS,50000,50000,20000,28,2,C_splitdata_fullcols_m10_L2,arc_cosine,2,10,1000,,0.6632,33.06,2026-06-13T10:26:17.140705,C — split/full-cols
exp_feeding_strategies,HIGGS,50000,50000,20000,28,2,C_splitdata_fullcols_m50_L1,arc_cosine,1,50,1000,,0.6737,16.09,2026-06-13T10:26:33.862838,C — split/full-cols
exp_feeding_strategies,HIGGS,50000,50000,20000,28,2,C_splitdata_fullcols_m50_L1,arc_cosine,1,50,1000,,0.6701,15.97,2026-06-13T10:26:50.416816,C — split/full-cols
exp_feeding_strategies,HIGGS,50000,50000,20000,28,2,C_splitdata_fullcols_m50_L1,arc_cosine,1,50,1000,,0.6731,16.89,2026-06-13T10:27:07.948806,C — split/full-cols
exp_feeding_strategies,HIGGS,50000,50000,20000,28,2,C_splitdata_fullcols_m50_L2,arc_cosine,2,50,1000,,0.6746,23.76,2026-06-13T10:27:32.789070,C — split/full-cols
exp_feeding_strategies,HIGGS,50000,50000,20000,28,2,C_splitdata_fullcols_m50_L2,arc_cosine,2,50,1000,,0.6659,26.27,2026-06-13T10:28:00.451972,C — split/full-cols
exp_feeding_strategies,HIGGS,50000,50000,20000,28,2,C_splitdata_fullcols_m50_L2,arc_cosine,2,50,1000,,0.6682,24.16,2026-06-13T10:28:25.795168,C — split/full-cols
exp_feeding_strategies,HIGGS,50000,50000,20000,28,2,B_in_sqrt_m1_L1,arc_cosine,1,1,1000,,0.5378,16.12,2026-06-13T10:28:42.395704,B-input-√d-
exp_feeding_strategies,HIGGS,50000,50000,20000,28,2,B_in_sqrt_m1_L1,arc_cosine,1,1,1000,,0.6224,13.34,2026-06-13T10:28:56.236482,B-input-√d-
exp_feeding_strategies,HIGGS,50000,50000,20000,28,2,B_in_sqrt_m1_L1,arc_cosine,1,1,1000,,0.5206,28.53,2026-06-13T10:29:25.229866,B-input-√d-
exp_feeding_strategies,HIGGS,50000,50000,20000,28,2,B_in_sqrt_m1_L2,arc_cosine,2,1,1000,,0.5379,17.76,2026-06-13T10:29:43.902811,B-input-√d-
exp_feeding_strategies,HIGGS,50000,50000,20000,28,2,B_in_sqrt_m1_L2,arc_cosine,2,1,1000,,0.6211,15.27,2026-06-13T10:30:00.154059,B-input-√d-
exp_feeding_strategies,HIGGS,50000,50000,20000,28,2,B_in_sqrt_m1_L2,arc_cosine,2,1,1000,,0.5205,32.02,2026-06-13T10:30:33.045343,B-input-√d-
exp_feeding_strategies,HIGGS,50000,50000,20000,28,2,B_in_sqrt_m10_L1,arc_cosine,1,10,1000,,0.6464,153.37,2026-06-13T10:33:10.068585,B-input-√d-
exp_feeding_strategies,HIGGS,50000,50000,20000,28,2,B_in_sqrt_m10_L1,arc_cosine,1,10,1000,,0.6609,173.05,2026-06-13T10:36:07.718208,B-input-√d-
exp_feeding_strategies,HIGGS,50000,50000,20000,28,2,B_in_sqrt_m10_L1,arc_cosine,1,10,1000,,0.6308,191.75,2026-06-13T10:39:23.768000,B-input-√d-
exp_feeding_strategies,HIGGS,50000,50000,20000,28,2,B_in_sqrt_m10_L2,arc_cosine,2,10,1000,,0.6494,186.94,2026-06-13T10:42:38.278772,B-input-√d-
exp_feeding_strategies,HIGGS,50000,50000,20000,28,2,B_in_sqrt_m10_L2,arc_cosine,2,10,1000,,0.6597,199.59,2026-06-13T10:46:06.346501,B-input-√d-
exp_feeding_strategies,HIGGS,50000,50000,20000,28,2,B_in_sqrt_m10_L2,arc_cosine,2,10,1000,,0.6354,210.82,2026-06-13T10:49:44.759341,B-input-√d-
exp_feeding_strategies,HIGGS,50000,50000,20000,28,2,B_in_sqrt_m50_L1,arc_cosine,1,50,1000,,0.6913,952.27,2026-06-13T11:05:54.970181,B-input-√d-
exp_feeding_strategies,HIGGS,50000,50000,20000,28,2,B_in_sqrt_m50_L1,arc_cosine,1,50,1000,,0.6839,846.92,2026-06-13T11:20:19.650067,B-input-√d-
exp_feeding_strategies,HIGGS,50000,50000,20000,28,2,B_in_sqrt_m50_L1,arc_cosine,1,50,1000,,0.6784,812.58,2026-06-13T11:34:10.142349,B-input-√d-
exp_feeding_strategies,HIGGS,50000,50000,20000,28,2,B_in_sqrt_m50_L2,arc_cosine,2,50,1000,,0.6888,1351.04,2026-06-13T11:57:18.883642,B-input-√d-
exp_feeding_strategies,HIGGS,50000,50000,20000,28,2,B_in_sqrt_m50_L2,arc_cosine,2,50,1000,,0.6802,1388.25,2026-06-13T12:21:03.611875,B-input-√d-
exp_feeding_strategies,HIGGS,50000,50000,20000,28,2,B_in_sqrt_m50_L2,arc_cosine,2,50,1000,,0.6754,1386.51,2026-06-13T12:44:47.393678,B-input-√d-
exp_feeding_strategies,HIGGS,50000,50000,20000,28,2,B_in_dm_m1_L1,arc_cosine,1,1,1000,,0.673,9.31,2026-06-13T12:44:57.165109,B-input-d/m
exp_feeding_strategies,HIGGS,50000,50000,20000,28,2,B_in_dm_m1_L1,arc_cosine,1,1,1000,,0.6671,7.56,2026-06-13T12:45:05.201391,B-input-d/m
exp_feeding_strategies,HIGGS,50000,50000,20000,28,2,B_in_dm_m1_L1,arc_cosine,1,1,1000,,0.6675,9.63,2026-06-13T12:45:15.348477,B-input-d/m
exp_feeding_strategies,HIGGS,50000,50000,20000,28,2,B_in_dm_m1_L2,arc_cosine,2,1,1000,,0.6723,10.61,2026-06-13T12:45:26.793278,B-input-d/m
exp_feeding_strategies,HIGGS,50000,50000,20000,28,2,B_in_dm_m1_L2,arc_cosine,2,1,1000,,0.6683,9.37,2026-06-13T12:45:37.033860,B-input-d/m
exp_feeding_strategies,HIGGS,50000,50000,20000,28,2,B_in_dm_m1_L2,arc_cosine,2,1,1000,,0.6688,11.21,2026-06-13T12:45:49.113290,B-input-d/m
exp_feeding_strategies,HIGGS,50000,50000,20000,28,2,B_in_dm_m10_L1,arc_cosine,1,10,1000,,0.6452,66.12,2026-06-13T12:46:59.186959,B-input-d/m
exp_feeding_strategies,HIGGS,50000,50000,20000,28,2,B_in_dm_m10_L1,arc_cosine,1,10,1000,,0.6524,77.06,2026-06-13T12:48:20.753336,B-input-d/m
exp_feeding_strategies,HIGGS,50000,50000,20000,28,2,B_in_dm_m10_L1,arc_cosine,1,10,1000,,0.6546,68.19,2026-06-13T12:49:32.797945,B-input-d/m
exp_feeding_strategies,HIGGS,50000,50000,20000,28,2,B_in_dm_m10_L2,arc_cosine,2,10,1000,,0.6523,82.95,2026-06-13T12:51:04.296767,B-input-d/m
exp_feeding_strategies,HIGGS,50000,50000,20000,28,2,B_in_dm_m10_L2,arc_cosine,2,10,1000,,0.6532,91.95,2026-06-13T12:52:45.105893,B-input-d/m
exp_feeding_strategies,HIGGS,50000,50000,20000,28,2,B_in_dm_m10_L2,arc_cosine,2,10,1000,,0.6576,77.35,2026-06-13T12:54:10.630772,B-input-d/m
exp_feeding_strategies,HIGGS,50000,50000,20000,28,2,D_sqrt_fullP_m1_L1,arc_cosine,1,1,1000,,0.538,15.86,2026-06-13T12:54:26.937419,D_sqrt_fullP
exp_feeding_strategies,HIGGS,50000,50000,20000,28,2,D_sqrt_fullP_m1_L1,arc_cosine,1,1,1000,,0.6234,13.92,2026-06-13T12:54:41.287379,D_sqrt_fullP
exp_feeding_strategies,HIGGS,50000,50000,20000,28,2,D_sqrt_fullP_m1_L1,arc_cosine,1,1,1000,,0.5191,24.13,2026-06-13T12:55:05.851291,D_sqrt_fullP
exp_feeding_strategies,HIGGS,50000,50000,20000,28,2,D_sqrt_fullP_m1_L2,arc_cosine,2,1,1000,,0.5387,15.53,2026-06-13T12:55:22.199986,D_sqrt_fullP
exp_feeding_strategies,HIGGS,50000,50000,20000,28,2,D_sqrt_fullP_m1_L2,arc_cosine,2,1,1000,,0.6211,14.77,2026-06-13T12:55:37.780233,D_sqrt_fullP
exp_feeding_strategies,HIGGS,50000,50000,20000,28,2,D_sqrt_fullP_m1_L2,arc_cosine,2,1,1000,,0.5191,24.65,2026-06-13T12:56:03.248804,D_sqrt_fullP
exp_feeding_strategies,HIGGS,50000,50000,20000,28,2,D_sqrt_fullP_m10_L1,arc_cosine,1,10,1000,,0.6198,21.52,2026-06-13T12:56:28.400534,D_sqrt_fullP
exp_feeding_strategies,HIGGS,50000,50000,20000,28,2,D_sqrt_fullP_m10_L1,arc_cosine,1,10,1000,,0.6369,19.73,2026-06-13T12:56:52.283226,D_sqrt_fullP
exp_feeding_strategies,HIGGS,50000,50000,20000,28,2,D_sqrt_fullP_m10_L1,arc_cosine,1,10,1000,,0.6237,19.77,2026-06-13T12:57:16.011063,D_sqrt_fullP
exp_feeding_strategies,HIGGS,50000,50000,20000,28,2,D_sqrt_fullP_m10_L2,arc_cosine,2,10,1000,,0.6194,31.56,2026-06-13T12:57:55.071110,D_sqrt_fullP
exp_feeding_strategies,HIGGS,50000,50000,20000,28,2,D_sqrt_fullP_m10_L2,arc_cosine,2,10,1000,,0.6334,31.36,2026-06-13T12:58:34.622484,D_sqrt_fullP
exp_feeding_strategies,HIGGS,50000,50000,20000,28,2,D_sqrt_fullP_m10_L2,arc_cosine,2,10,1000,,0.619,31.16,2026-06-13T12:59:13.176487,D_sqrt_fullP
exp_feeding_strategies,HIGGS,50000,50000,20000,28,2,D_sqrt_fullP_m50_L1,arc_cosine,1,50,1000,,0.6763,27.7,2026-06-13T12:59:59.854074,D_sqrt_fullP
exp_feeding_strategies,HIGGS,50000,50000,20000,28,2,D_sqrt_fullP_m50_L1,arc_cosine,1,50,1000,,0.6674,24.36,2026-06-13T13:00:43.529448,D_sqrt_fullP
exp_feeding_strategies,HIGGS,50000,50000,20000,28,2,D_sqrt_fullP_m50_L1,arc_cosine,1,50,1000,,0.6616,23.8,2026-06-13T13:01:27.413823,D_sqrt_fullP
exp_feeding_strategies,HIGGS,50000,50000,20000,28,2,D_sqrt_fullP_m50_L2,arc_cosine,2,50,1000,,0.6698,54.78,2026-06-13T13:03:02.353387,D_sqrt_fullP
exp_feeding_strategies,HIGGS,50000,50000,20000,28,2,D_sqrt_fullP_m50_L2,arc_cosine,2,50,1000,,0.6575,53.9,2026-06-13T13:04:36.620418,D_sqrt_fullP
exp_feeding_strategies,HIGGS,50000,50000,20000,28,2,D_sqrt_fullP_m50_L2,arc_cosine,2,50,1000,,0.6568,53.83,2026-06-13T13:06:10.713776,D_sqrt_fullP
exp_feeding_strategies,HIGGS,50000,50000,20000,28,2,D_dm_fullP_m1_L1,arc_cosine,1,1,1000,,0.6679,9.3,2026-06-13T13:06:20.531864,D_dm_fullP
exp_feeding_strategies,HIGGS,50000,50000,20000,28,2,D_dm_fullP_m1_L1,arc_cosine,1,1,1000,,0.6686,8.18,2026-06-13T13:06:29.180978,D_dm_fullP
exp_feeding_strategies,HIGGS,50000,50000,20000,28,2,D_dm_fullP_m1_L1,arc_cosine,1,1,1000,,0.6747,8.66,2026-06-13T13:06:38.331127,D_dm_fullP
exp_feeding_strategies,HIGGS,50000,50000,20000,28,2,D_dm_fullP_m1_L2,arc_cosine,2,1,1000,,0.6686,10.94,2026-06-13T13:06:50.169364,D_dm_fullP
exp_feeding_strategies,HIGGS,50000,50000,20000,28,2,D_dm_fullP_m1_L2,arc_cosine,2,1,1000,,0.6696,9.58,2026-06-13T13:07:00.654962,D_dm_fullP
exp_feeding_strategies,HIGGS,50000,50000,20000,28,2,D_dm_fullP_m1_L2,arc_cosine,2,1,1000,,0.6734,10.25,2026-06-13T13:07:11.862552,D_dm_fullP
exp_feeding_strategies,HIGGS,50000,50000,20000,28,2,D_dm_fullP_m10_L1,arc_cosine,1,10,1000,,0.6293,11.75,2026-06-13T13:07:27.687457,D_dm_fullP
exp_feeding_strategies,HIGGS,50000,50000,20000,28,2,D_dm_fullP_m10_L1,arc_cosine,1,10,1000,,0.6426,12.84,2026-06-13T13:07:44.573597,D_dm_fullP
exp_feeding_strategies,HIGGS,50000,50000,20000,28,2,D_dm_fullP_m10_L1,arc_cosine,1,10,1000,,0.6415,12.0,2026-06-13T13:08:00.650984,D_dm_fullP
exp_feeding_strategies,HIGGS,50000,50000,20000,28,2,D_dm_fullP_m10_L2,arc_cosine,2,10,1000,,0.6389,15.58,2026-06-13T13:08:24.387880,D_dm_fullP
exp_feeding_strategies,HIGGS,50000,50000,20000,28,2,D_dm_fullP_m10_L2,arc_cosine,2,10,1000,,0.6424,16.74,2026-06-13T13:08:49.311668,D_dm_fullP
exp_feeding_strategies,HIGGS,50000,50000,20000,28,2,D_dm_fullP_m10_L2,arc_cosine,2,10,1000,,0.6468,15.91,2026-06-13T13:09:13.486312,D_dm_fullP
exp_feeding_strategies,HIGGS,100000,100000,20000,28,2,C_splitdata_fullcols_m1_L1,arc_cosine,1,1,1000,,0.6791,18.01,2026-06-13T13:09:32.287257,C — split/full-cols
exp_feeding_strategies,HIGGS,100000,100000,20000,28,2,C_splitdata_fullcols_m1_L1,arc_cosine,1,1,1000,,0.6653,15.55,2026-06-13T13:09:48.653092,C — split/full-cols
exp_feeding_strategies,HIGGS,100000,100000,20000,28,2,C_splitdata_fullcols_m1_L1,arc_cosine,1,1,1000,,0.6719,18.16,2026-06-13T13:10:07.599774,C — split/full-cols
exp_feeding_strategies,HIGGS,100000,100000,20000,28,2,C_splitdata_fullcols_m1_L2,arc_cosine,2,1,1000,,0.6796,20.17,2026-06-13T13:10:29.200482,C — split/full-cols
exp_feeding_strategies,HIGGS,100000,100000,20000,28,2,C_splitdata_fullcols_m1_L2,arc_cosine,2,1,1000,,0.6653,18.32,2026-06-13T13:10:48.971462,C — split/full-cols
exp_feeding_strategies,HIGGS,100000,100000,20000,28,2,C_splitdata_fullcols_m1_L2,arc_cosine,2,1,1000,,0.6717,20.94,2026-06-13T13:11:11.382034,C — split/full-cols
exp_feeding_strategies,HIGGS,100000,100000,20000,28,2,C_splitdata_fullcols_m10_L1,arc_cosine,1,10,1000,,0.6793,23.47,2026-06-13T13:11:35.843844,C — split/full-cols
exp_feeding_strategies,HIGGS,100000,100000,20000,28,2,C_splitdata_fullcols_m10_L1,arc_cosine,1,10,1000,,0.6651,24.39,2026-06-13T13:12:01.101933,C — split/full-cols
exp_feeding_strategies,HIGGS,100000,100000,20000,28,2,C_splitdata_fullcols_m10_L1,arc_cosine,1,10,1000,,0.6734,20.93,2026-06-13T13:12:22.917706,C — split/full-cols
exp_feeding_strategies,HIGGS,100000,100000,20000,28,2,C_splitdata_fullcols_m10_L2,arc_cosine,2,10,1000,,0.6758,46.32,2026-06-13T13:13:10.800189,C — split/full-cols
exp_feeding_strategies,HIGGS,100000,100000,20000,28,2,C_splitdata_fullcols_m10_L2,arc_cosine,2,10,1000,,0.6633,45.89,2026-06-13T13:13:58.560020,C — split/full-cols
exp_feeding_strategies,HIGGS,100000,100000,20000,28,2,C_splitdata_fullcols_m10_L2,arc_cosine,2,10,1000,,0.6734,38.63,2026-06-13T13:14:38.732699,C — split/full-cols
exp_feeding_strategies,HIGGS,100000,100000,20000,28,2,B_in_sqrt_m1_L1,arc_cosine,1,1,1000,,0.5444,26.13,2026-06-13T13:15:05.551958,B-input-√d-
exp_feeding_strategies,HIGGS,100000,100000,20000,28,2,B_in_sqrt_m1_L1,arc_cosine,1,1,1000,,0.6191,18.61,2026-06-13T13:15:24.848297,B-input-√d-
exp_feeding_strategies,HIGGS,100000,100000,20000,28,2,B_in_sqrt_m1_L1,arc_cosine,1,1,1000,,0.5283,39.86,2026-06-13T13:16:05.395993,B-input-√d-
exp_feeding_strategies,HIGGS,100000,100000,20000,28,2,B_in_sqrt_m1_L2,arc_cosine,2,1,1000,,0.5446,28.45,2026-06-13T13:16:35.133515,B-input-√d-
exp_feeding_strategies,HIGGS,100000,100000,20000,28,2,B_in_sqrt_m1_L2,arc_cosine,2,1,1000,,0.6204,20.82,2026-06-13T13:16:57.232459,B-input-√d-
exp_feeding_strategies,HIGGS,100000,100000,20000,28,2,B_in_sqrt_m1_L2,arc_cosine,2,1,1000,,0.5285,42.13,2026-06-13T13:17:40.635695,B-input-√d-
exp_feeding_strategies,HIGGS,100000,100000,20000,28,2,B_in_sqrt_m10_L1,arc_cosine,1,10,1000,,0.6514,301.86,2026-06-13T13:22:48.378761,B-input-√d-
exp_feeding_strategies,HIGGS,100000,100000,20000,28,2,B_in_sqrt_m10_L1,arc_cosine,1,10,1000,,0.6636,290.58,2026-06-13T13:27:44.874217,B-input-√d-
exp_feeding_strategies,HIGGS,100000,100000,20000,28,2,B_in_sqrt_m10_L1,arc_cosine,1,10,1000,,0.6399,388.49,2026-06-13T13:34:19.919003,B-input-√d-
exp_feeding_strategies,HIGGS,100000,100000,20000,28,2,B_in_sqrt_m10_L2,arc_cosine,2,10,1000,,0.6544,369.49,2026-06-13T13:40:42.442959,B-input-√d-
exp_feeding_strategies,HIGGS,100000,100000,20000,28,2,B_in_sqrt_m10_L2,arc_cosine,2,10,1000,,0.6642,340.02,2026-06-13T13:46:34.598120,B-input-√d-
exp_feeding_strategies,HIGGS,100000,100000,20000,28,2,B_in_sqrt_m10_L2,arc_cosine,2,10,1000,,0.6444,418.22,2026-06-13T13:53:44.488469,B-input-√d-
exp_feeding_strategies,HIGGS,100000,100000,20000,28,2,B_in_dm_m1_L1,arc_cosine,1,1,1000,,0.6743,15.25,2026-06-13T13:54:00.474179,B-input-d/m
exp_feeding_strategies,HIGGS,100000,100000,20000,28,2,B_in_dm_m1_L1,arc_cosine,1,1,1000,,0.6677,14.55,2026-06-13T13:54:15.734704,B-input-d/m
exp_feeding_strategies,HIGGS,100000,100000,20000,28,2,B_in_dm_m1_L1,arc_cosine,1,1,1000,,0.6774,18.1,2026-06-13T13:54:34.552965,B-input-d/m
exp_feeding_strategies,HIGGS,100000,100000,20000,28,2,B_in_dm_m1_L2,arc_cosine,2,1,1000,,0.6752,18.09,2026-06-13T13:54:53.957186,B-input-d/m
exp_feeding_strategies,HIGGS,100000,100000,20000,28,2,B_in_dm_m1_L2,arc_cosine,2,1,1000,,0.6673,17.27,2026-06-13T13:55:12.536670,B-input-d/m
exp_feeding_strategies,HIGGS,100000,100000,20000,28,2,B_in_dm_m1_L2,arc_cosine,2,1,1000,,0.676,20.97,2026-06-13T13:55:34.813669,B-input-d/m
exp_feeding_strategies,HIGGS,100000,100000,20000,28,2,B_in_dm_m10_L1,arc_cosine,1,10,1000,,0.6481,120.79,2026-06-13T13:57:41.529207,B-input-d/m
exp_feeding_strategies,HIGGS,100000,100000,20000,28,2,B_in_dm_m10_L1,arc_cosine,1,10,1000,,0.6515,121.01,2026-06-13T13:59:48.471968,B-input-d/m
exp_feeding_strategies,HIGGS,100000,100000,20000,28,2,B_in_dm_m10_L1,arc_cosine,1,10,1000,,0.6615,109.37,2026-06-13T14:01:43.694774,B-input-d/m
exp_feeding_strategies,HIGGS,100000,100000,20000,28,2,B_in_dm_m10_L2,arc_cosine,2,10,1000,,0.6533,142.59,2026-06-13T14:04:18.098315,B-input-d/m
exp_feeding_strategies,HIGGS,100000,100000,20000,28,2,B_in_dm_m10_L2,arc_cosine,2,10,1000,,0.6525,143.18,2026-06-13T14:06:53.039324,B-input-d/m
exp_feeding_strategies,HIGGS,100000,100000,20000,28,2,B_in_dm_m10_L2,arc_cosine,2,10,1000,,0.659,131.12,2026-06-13T14:09:15.923617,B-input-d/m
exp_feeding_strategies,HIGGS,100000,100000,20000,28,2,D_sqrt_fullP_m1_L1,arc_cosine,1,1,1000,,0.5426,39.08,2026-06-13T14:09:55.696427,D_sqrt_fullP
exp_feeding_strategies,HIGGS,100000,100000,20000,28,2,D_sqrt_fullP_m1_L1,arc_cosine,1,1,1000,,0.6206,39.03,2026-06-13T14:10:35.409792,D_sqrt_fullP
exp_feeding_strategies,HIGGS,100000,100000,20000,28,2,D_sqrt_fullP_m1_L1,arc_cosine,1,1,1000,,0.5311,28.56,2026-06-13T14:11:04.658753,D_sqrt_fullP
exp_feeding_strategies,HIGGS,100000,100000,20000,28,2,D_sqrt_fullP_m1_L2,arc_cosine,2,1,1000,,0.5421,41.38,2026-06-13T14:11:47.319315,D_sqrt_fullP
exp_feeding_strategies,HIGGS,100000,100000,20000,28,2,D_sqrt_fullP_m1_L2,arc_cosine,2,1,1000,,0.621,41.19,2026-06-13T14:12:29.793547,D_sqrt_fullP
exp_feeding_strategies,HIGGS,100000,100000,20000,28,2,D_sqrt_fullP_m1_L2,arc_cosine,2,1,1000,,0.5312,30.83,2026-06-13T14:13:01.907971,D_sqrt_fullP
exp_feeding_strategies,HIGGS,100000,100000,20000,28,2,D_sqrt_fullP_m10_L1,arc_cosine,1,10,1000,,0.6354,43.11,2026-06-13T14:13:50.914551,D_sqrt_fullP
exp_feeding_strategies,HIGGS,100000,100000,20000,28,2,D_sqrt_fullP_m10_L1,arc_cosine,1,10,1000,,0.6492,41.96,2026-06-13T14:14:38.756549,D_sqrt_fullP
exp_feeding_strategies,HIGGS,100000,100000,20000,28,2,D_sqrt_fullP_m10_L1,arc_cosine,1,10,1000,,0.6297,46.97,2026-06-13T14:15:31.619667,D_sqrt_fullP
exp_feeding_strategies,HIGGS,100000,100000,20000,28,2,D_sqrt_fullP_m10_L2,arc_cosine,2,10,1000,,0.6347,59.28,2026-06-13T14:16:42.558121,D_sqrt_fullP
exp_feeding_strategies,HIGGS,100000,100000,20000,28,2,D_sqrt_fullP_m10_L2,arc_cosine,2,10,1000,,0.6503,57.63,2026-06-13T14:17:51.813926,D_sqrt_fullP
exp_feeding_strategies,HIGGS,100000,100000,20000,28,2,D_sqrt_fullP_m10_L2,arc_cosine,2,10,1000,,0.6307,63.41,2026-06-13T14:19:06.874921,D_sqrt_fullP
exp_feeding_strategies,HIGGS,100000,100000,20000,28,2,D_dm_fullP_m1_L1,arc_cosine,1,1,1000,,0.6781,17.92,2026-06-13T14:19:25.520906,D_dm_fullP
exp_feeding_strategies,HIGGS,100000,100000,20000,28,2,D_dm_fullP_m1_L1,arc_cosine,1,1,1000,,0.6711,15.7,2026-06-13T14:19:41.933673,D_dm_fullP
exp_feeding_strategies,HIGGS,100000,100000,20000,28,2,D_dm_fullP_m1_L1,arc_cosine,1,1,1000,,0.6808,18.47,2026-06-13T14:20:01.122902,D_dm_fullP
exp_feeding_strategies,HIGGS,100000,100000,20000,28,2,D_dm_fullP_m1_L2,arc_cosine,2,1,1000,,0.6778,20.86,2026-06-13T14:20:23.292284,D_dm_fullP
exp_feeding_strategies,HIGGS,100000,100000,20000,28,2,D_dm_fullP_m1_L2,arc_cosine,2,1,1000,,0.6705,18.46,2026-06-13T14:20:43.049100,D_dm_fullP
exp_feeding_strategies,HIGGS,100000,100000,20000,28,2,D_dm_fullP_m1_L2,arc_cosine,2,1,1000,,0.68,21.19,2026-06-13T14:21:05.544511,D_dm_fullP
exp_feeding_strategies,HIGGS,100000,100000,20000,28,2,D_dm_fullP_m10_L1,arc_cosine,1,10,1000,,0.637,19.54,2026-06-13T14:21:30.927098,D_dm_fullP
exp_feeding_strategies,HIGGS,100000,100000,20000,28,2,D_dm_fullP_m10_L1,arc_cosine,1,10,1000,,0.6439,19.21,2026-06-13T14:21:55.982376,D_dm_fullP
exp_feeding_strategies,HIGGS,100000,100000,20000,28,2,D_dm_fullP_m10_L1,arc_cosine,1,10,1000,,0.6493,18.83,2026-06-13T14:22:20.672730,D_dm_fullP
exp_feeding_strategies,HIGGS,100000,100000,20000,28,2,D_dm_fullP_m10_L2,arc_cosine,2,10,1000,,0.6424,26.17,2026-06-13T14:22:58.599999,D_dm_fullP
exp_feeding_strategies,HIGGS,100000,100000,20000,28,2,D_dm_fullP_m10_L2,arc_cosine,2,10,1000,,0.6453,25.8,2026-06-13T14:23:36.176201,D_dm_fullP
exp_feeding_strategies,HIGGS,100000,100000,20000,28,2,D_dm_fullP_m10_L2,arc_cosine,2,10,1000,,0.6489,25.45,2026-06-13T14:24:13.579088,D_dm_fullP
exp_feeding_strategies,HIGGS,200000,200000,20000,28,2,C_splitdata_fullcols_m1_L1,arc_cosine,1,1,1000,,0.6823,32.7,2026-06-13T14:24:47.705712,C — split/full-cols
exp_feeding_strategies,HIGGS,200000,200000,20000,28,2,C_splitdata_fullcols_m1_L1,arc_cosine,1,1,1000,,0.6725,25.94,2026-06-13T14:25:15.308318,C — split/full-cols
exp_feeding_strategies,HIGGS,200000,200000,20000,28,2,C_splitdata_fullcols_m1_L1,arc_cosine,1,1,1000,,0.668,35.05,2026-06-13T14:25:51.691518,C — split/full-cols
exp_feeding_strategies,HIGGS,200000,200000,20000,28,2,C_splitdata_fullcols_m1_L2,arc_cosine,2,1,1000,,0.6821,37.23,2026-06-13T14:26:33.442112,C — split/full-cols
exp_feeding_strategies,HIGGS,200000,200000,20000,28,2,C_splitdata_fullcols_m1_L2,arc_cosine,2,1,1000,,0.6743,30.85,2026-06-13T14:27:11.379644,C — split/full-cols
exp_feeding_strategies,HIGGS,200000,200000,20000,28,2,C_splitdata_fullcols_m1_L2,arc_cosine,2,1,1000,,0.6713,40.14,2026-06-13T14:27:58.210021,C — split/full-cols
exp_feeding_strategies,HIGGS,200000,200000,20000,28,2,C_splitdata_fullcols_m10_L1,arc_cosine,1,10,1000,,0.6825,35.67,2026-06-13T14:28:35.429979,C — split/full-cols
exp_feeding_strategies,HIGGS,200000,200000,20000,28,2,C_splitdata_fullcols_m10_L1,arc_cosine,1,10,1000,,0.6734,33.4,2026-06-13T14:29:10.324667,C — split/full-cols
exp_feeding_strategies,HIGGS,200000,200000,20000,28,2,C_splitdata_fullcols_m10_L1,arc_cosine,1,10,1000,,0.6698,33.49,2026-06-13T14:29:45.395087,C — split/full-cols
exp_feeding_strategies,HIGGS,200000,200000,20000,28,2,C_splitdata_fullcols_m10_L2,arc_cosine,2,10,1000,,0.6827,42.52,2026-06-13T14:30:35.352876,C — split/full-cols
exp_feeding_strategies,HIGGS,200000,200000,20000,28,2,C_splitdata_fullcols_m10_L2,arc_cosine,2,10,1000,,0.6762,40.77,2026-06-13T14:31:22.709391,C — split/full-cols
exp_feeding_strategies,HIGGS,200000,200000,20000,28,2,C_splitdata_fullcols_m10_L2,arc_cosine,2,10,1000,,0.6712,40.63,2026-06-13T14:32:09.948187,C — split/full-cols
exp_feeding_strategies,HIGGS,200000,200000,20000,28,2,B_in_sqrt_m1_L1,arc_cosine,1,1,1000,,0.5451,74.85,2026-06-13T14:33:26.157996,B-input-√d-
exp_feeding_strategies,HIGGS,200000,200000,20000,28,2,B_in_sqrt_m1_L1,arc_cosine,1,1,1000,,0.6196,54.17,2026-06-13T14:34:21.671184,B-input-√d-
exp_feeding_strategies,HIGGS,200000,200000,20000,28,2,B_in_sqrt_m1_L1,arc_cosine,1,1,1000,,0.5349,32.83,2026-06-13T14:34:55.869693,B-input-√d-
exp_feeding_strategies,HIGGS,200000,200000,20000,28,2,B_in_sqrt_m1_L2,arc_cosine,2,1,1000,,0.5453,80.36,2026-06-13T14:36:22.027442,B-input-√d-
exp_feeding_strategies,HIGGS,200000,200000,20000,28,2,B_in_sqrt_m1_L2,arc_cosine,2,1,1000,,0.6223,57.89,2026-06-13T14:37:26.147890,B-input-√d-
exp_feeding_strategies,HIGGS,200000,200000,20000,28,2,B_in_sqrt_m1_L2,arc_cosine,2,1,1000,,0.5349,38.03,2026-06-13T14:38:10.681702,B-input-√d-
exp_feeding_strategies,HIGGS,200000,200000,20000,28,2,B_in_sqrt_m10_L1,arc_cosine,1,10,1000,,0.6593,689.57,2026-06-13T14:50:09.980678,B-input-√d-
exp_feeding_strategies,HIGGS,200000,200000,20000,28,2,B_in_sqrt_m10_L1,arc_cosine,1,10,1000,,0.6642,610.79,2026-06-13T15:00:56.053512,B-input-√d-
exp_feeding_strategies,HIGGS,200000,200000,20000,28,2,B_in_sqrt_m10_L1,arc_cosine,1,10,1000,,0.6381,654.54,2026-06-13T15:12:28.338012,B-input-√d-
exp_feeding_strategies,HIGGS,200000,200000,20000,28,2,B_in_sqrt_m10_L2,arc_cosine,2,10,1000,,0.6614,853.45,2026-06-13T15:27:56.475765,B-input-√d-
exp_feeding_strategies,HIGGS,200000,200000,20000,28,2,B_in_sqrt_m10_L2,arc_cosine,2,10,1000,,0.6643,723.15,2026-06-13T15:41:11.130235,B-input-√d-
exp_feeding_strategies,HIGGS,200000,200000,20000,28,2,B_in_sqrt_m10_L2,arc_cosine,2,10,1000,,0.6372,764.39,2026-06-13T15:55:11.265461,B-input-√d-
exp_feeding_strategies,HIGGS,200000,200000,20000,28,2,B_in_dm_m1_L1,arc_cosine,1,1,1000,,0.6805,44.69,2026-06-13T15:55:57.250213,B-input-d/m
exp_feeding_strategies,HIGGS,200000,200000,20000,28,2,B_in_dm_m1_L1,arc_cosine,1,1,1000,,0.678,37.98,2026-06-13T15:56:36.558238,B-input-d/m
exp_feeding_strategies,HIGGS,200000,200000,20000,28,2,B_in_dm_m1_L1,arc_cosine,1,1,1000,,0.6674,48.85,2026-06-13T15:57:26.735960,B-input-d/m
exp_feeding_strategies,HIGGS,200000,200000,20000,28,2,B_in_dm_m1_L2,arc_cosine,2,1,1000,,0.6801,52.55,2026-06-13T15:58:26.288037,B-input-d/m
exp_feeding_strategies,HIGGS,200000,200000,20000,28,2,B_in_dm_m1_L2,arc_cosine,2,1,1000,,0.679,45.15,2026-06-13T15:59:18.779079,B-input-d/m
exp_feeding_strategies,HIGGS,200000,200000,20000,28,2,B_in_dm_m1_L2,arc_cosine,2,1,1000,,0.6674,59.7,2026-06-13T16:00:25.185637,B-input-d/m
exp_feeding_strategies,HIGGS,200000,200000,20000,28,2,B_in_dm_m10_L1,arc_cosine,1,10,1000,,0.649,246.19,2026-06-13T16:05:03.696682,B-input-d/m
exp_feeding_strategies,HIGGS,200000,200000,20000,28,2,B_in_dm_m10_L1,arc_cosine,1,10,1000,,0.6572,323.74,2026-06-13T16:11:02.731023,B-input-d/m
exp_feeding_strategies,HIGGS,200000,200000,20000,28,2,B_in_dm_m10_L1,arc_cosine,1,10,1000,,0.6516,283.03,2026-06-13T16:16:16.979494,B-input-d/m
exp_feeding_strategies,HIGGS,200000,200000,20000,28,2,B_in_dm_m10_L2,arc_cosine,2,10,1000,,0.652,310.89,2026-06-13T16:22:38.922739,B-input-d/m
exp_feeding_strategies,HIGGS,200000,200000,20000,28,2,B_in_dm_m10_L2,arc_cosine,2,10,1000,,0.6573,434.67,2026-06-13T16:30:49.380918,B-input-d/m
exp_feeding_strategies,HIGGS,200000,200000,20000,28,2,B_in_dm_m10_L2,arc_cosine,2,10,1000,,0.6513,366.93,2026-06-13T16:38:00.395924,B-input-d/m
exp_feeding_strategies,HIGGS,200000,200000,20000,28,2,D_sqrt_fullP_m1_L1,arc_cosine,1,1,1000,,0.546,39.5,2026-06-13T16:38:41.525320,D_sqrt_fullP
exp_feeding_strategies,HIGGS,200000,200000,20000,28,2,D_sqrt_fullP_m1_L1,arc_cosine,1,1,1000,,0.6213,62.63,2026-06-13T16:39:45.504688,D_sqrt_fullP
exp_feeding_strategies,HIGGS,200000,200000,20000,28,2,D_sqrt_fullP_m1_L1,arc_cosine,1,1,1000,,0.5344,80.68,2026-06-13T16:41:07.424189,D_sqrt_fullP
exp_feeding_strategies,HIGGS,200000,200000,20000,28,2,D_sqrt_fullP_m1_L2,arc_cosine,2,1,1000,,0.5461,41.41,2026-06-13T16:41:55.335212,D_sqrt_fullP
exp_feeding_strategies,HIGGS,200000,200000,20000,28,2,D_sqrt_fullP_m1_L2,arc_cosine,2,1,1000,,0.6256,67.67,2026-06-13T16:43:09.912440,D_sqrt_fullP
exp_feeding_strategies,HIGGS,200000,200000,20000,28,2,D_sqrt_fullP_m1_L2,arc_cosine,2,1,1000,,0.5345,99.91,2026-06-13T16:44:56.201954,D_sqrt_fullP
exp_feeding_strategies,HIGGS,200000,200000,20000,28,2,D_sqrt_fullP_m10_L1,arc_cosine,1,10,1000,,0.6452,128.71,2026-06-13T16:47:38.361341,D_sqrt_fullP
exp_feeding_strategies,HIGGS,200000,200000,20000,28,2,D_sqrt_fullP_m10_L1,arc_cosine,1,10,1000,,0.657,124.07,2026-06-13T16:50:13.764335,D_sqrt_fullP
exp_feeding_strategies,HIGGS,200000,200000,20000,28,2,D_sqrt_fullP_m10_L1,arc_cosine,1,10,1000,,0.6361,129.34,2026-06-13T16:52:58.263871,D_sqrt_fullP
exp_feeding_strategies,HIGGS,200000,200000,20000,28,2,D_sqrt_fullP_m10_L2,arc_cosine,2,10,1000,,0.6459,176.78,2026-06-13T16:56:59.125220,D_sqrt_fullP
exp_feeding_strategies,HIGGS,200000,200000,20000,28,2,D_sqrt_fullP_m10_L2,arc_cosine,2,10,1000,,0.6529,176.37,2026-06-13T17:00:55.536913,D_sqrt_fullP
exp_feeding_strategies,HIGGS,200000,200000,20000,28,2,D_sqrt_fullP_m10_L2,arc_cosine,2,10,1000,,0.637,184.64,2026-06-13T17:05:00.911499,D_sqrt_fullP
exp_feeding_strategies,HIGGS,200000,200000,20000,28,2,D_dm_fullP_m1_L1,arc_cosine,1,1,1000,,0.6841,46.92,2026-06-13T17:05:49.408186,D_dm_fullP
exp_feeding_strategies,HIGGS,200000,200000,20000,28,2,D_dm_fullP_m1_L1,arc_cosine,1,1,1000,,0.6781,45.61,2026-06-13T17:06:36.513183,D_dm_fullP
exp_feeding_strategies,HIGGS,200000,200000,20000,28,2,D_dm_fullP_m1_L1,arc_cosine,1,1,1000,,0.6679,47.5,2026-06-13T17:07:25.596496,D_dm_fullP
exp_feeding_strategies,HIGGS,200000,200000,20000,28,2,D_dm_fullP_m1_L2,arc_cosine,2,1,1000,,0.6848,58.54,2026-06-13T17:08:31.060204,D_dm_fullP
exp_feeding_strategies,HIGGS,200000,200000,20000,28,2,D_dm_fullP_m1_L2,arc_cosine,2,1,1000,,0.6798,58.91,2026-06-13T17:09:37.352847,D_dm_fullP
exp_feeding_strategies,HIGGS,200000,200000,20000,28,2,D_dm_fullP_m1_L2,arc_cosine,2,1,1000,,0.667,59.54,2026-06-13T17:10:44.869515,D_dm_fullP
exp_feeding_strategies,HIGGS,200000,200000,20000,28,2,D_dm_fullP_m10_L1,arc_cosine,1,10,1000,,0.6383,64.76,2026-06-13T17:12:24.065188,D_dm_fullP
exp_feeding_strategies,HIGGS,200000,200000,20000,28,2,D_dm_fullP_m10_L1,arc_cosine,1,10,1000,,0.6505,65.82,2026-06-13T17:14:04.124558,D_dm_fullP
exp_feeding_strategies,HIGGS,200000,200000,20000,28,2,D_dm_fullP_m10_L1,arc_cosine,1,10,1000,,0.6505,59.57,2026-06-13T17:15:38.352972,D_dm_fullP
exp_feeding_strategies,HIGGS,200000,200000,20000,28,2,D_dm_fullP_m10_L2,arc_cosine,2,10,1000,,0.6436,91.87,2026-06-13T17:18:21.147894,D_dm_fullP
exp_feeding_strategies,HIGGS,200000,200000,20000,28,2,D_dm_fullP_m10_L2,arc_cosine,2,10,1000,,0.6505,95.48,2026-06-13T17:21:00.506682,D_dm_fullP
exp_feeding_strategies,HIGGS,200000,200000,20000,28,2,D_dm_fullP_m10_L2,arc_cosine,2,10,1000,,0.6512,90.41,2026-06-13T17:23:36.360812,D_dm_fullP
exp_feeding_strategies,MNIST,1000,1000,14000,784,10,C_splitdata_fullcols_m1_L1,arc_cosine,1,1,1000,,0.8548,0.24,2026-06-13T17:23:42.678702,C — split/full-cols
exp_feeding_strategies,MNIST,1000,1000,14000,784,10,C_splitdata_fullcols_m1_L1,arc_cosine,1,1,1000,,0.8537,0.28,2026-06-13T17:23:43.401670,C — split/full-cols
exp_feeding_strategies,MNIST,1000,1000,14000,784,10,C_splitdata_fullcols_m1_L1,arc_cosine,1,1,1000,,0.8513,0.26,2026-06-13T17:23:44.074212,C — split/full-cols
exp_feeding_strategies,MNIST,1000,1000,14000,784,10,C_splitdata_fullcols_m1_L2,arc_cosine,2,1,1000,,0.859,0.46,2026-06-13T17:23:45.110463,C — split/full-cols
exp_feeding_strategies,MNIST,1000,1000,14000,784,10,C_splitdata_fullcols_m1_L2,arc_cosine,2,1,1000,,0.8566,0.44,2026-06-13T17:23:46.076195,C — split/full-cols
exp_feeding_strategies,MNIST,1000,1000,14000,784,10,C_splitdata_fullcols_m1_L2,arc_cosine,2,1,1000,,0.8544,0.44,2026-06-13T17:23:47.015427,C — split/full-cols
exp_feeding_strategies,MNIST,1000,1000,14000,784,10,B_in_sqrt_m1_L1,arc_cosine,1,1,1000,,0.5409,1.14,2026-06-13T17:23:48.480289,B-input-√d-
exp_feeding_strategies,MNIST,1000,1000,14000,784,10,B_in_sqrt_m1_L1,arc_cosine,1,1,1000,,0.5575,1.53,2026-06-13T17:23:50.288616,B-input-√d-
exp_feeding_strategies,MNIST,1000,1000,14000,784,10,B_in_sqrt_m1_L1,arc_cosine,1,1,1000,,0.6106,1.13,2026-06-13T17:23:51.691248,B-input-√d-
exp_feeding_strategies,MNIST,1000,1000,14000,784,10,B_in_sqrt_m1_L2,arc_cosine,2,1,1000,,0.4091,1.87,2026-06-13T17:23:53.950240,B-input-√d-
exp_feeding_strategies,MNIST,1000,1000,14000,784,10,B_in_sqrt_m1_L2,arc_cosine,2,1,1000,,0.3649,2.38,2026-06-13T17:23:56.701252,B-input-√d-
exp_feeding_strategies,MNIST,1000,1000,14000,784,10,B_in_sqrt_m1_L2,arc_cosine,2,1,1000,,0.402,1.82,2026-06-13T17:23:58.883583,B-input-√d-
exp_feeding_strategies,MNIST,1000,1000,14000,784,10,B_in_sqrt_m10_L1,arc_cosine,1,10,1000,,0.8036,12.37,2026-06-13T17:24:12.509769,B-input-√d-
exp_feeding_strategies,MNIST,1000,1000,14000,784,10,B_in_sqrt_m10_L1,arc_cosine,1,10,1000,,0.8467,11.52,2026-06-13T17:24:25.474181,B-input-√d-
exp_feeding_strategies,MNIST,1000,1000,14000,784,10,B_in_sqrt_m10_L1,arc_cosine,1,10,1000,,0.8325,13.78,2026-06-13T17:24:40.638996,B-input-√d-
exp_feeding_strategies,MNIST,1000,1000,14000,784,10,B_in_sqrt_m10_L2,arc_cosine,2,10,1000,,0.7895,19.37,2026-06-13T17:25:02.185572,B-input-√d-
exp_feeding_strategies,MNIST,1000,1000,14000,784,10,B_in_sqrt_m10_L2,arc_cosine,2,10,1000,,0.8344,15.08,2026-06-13T17:25:19.341957,B-input-√d-
exp_feeding_strategies,MNIST,1000,1000,14000,784,10,B_in_sqrt_m10_L2,arc_cosine,2,10,1000,,0.8127,16.84,2026-06-13T17:25:38.252694,B-input-√d-
exp_feeding_strategies,MNIST,1000,1000,14000,784,10,B_in_sqrt_m50_L1,arc_cosine,1,50,1000,,0.8625,57.96,2026-06-13T17:26:41.478209,B-input-√d-
exp_feeding_strategies,MNIST,1000,1000,14000,784,10,B_in_sqrt_m50_L1,arc_cosine,1,50,1000,,0.8751,59.72,2026-06-13T17:27:47.022744,B-input-√d-
exp_feeding_strategies,MNIST,1000,1000,14000,784,10,B_in_sqrt_m50_L1,arc_cosine,1,50,1000,,0.8701,63.46,2026-06-13T17:28:56.779501,B-input-√d-
exp_feeding_strategies,MNIST,1000,1000,14000,784,10,B_in_sqrt_m50_L2,arc_cosine,2,50,1000,,0.8829,70.71,2026-06-13T17:30:17.527563,B-input-√d-
exp_feeding_strategies,MNIST,1000,1000,14000,784,10,B_in_sqrt_m50_L2,arc_cosine,2,50,1000,,0.8912,66.98,2026-06-13T17:31:35.202285,B-input-√d-
exp_feeding_strategies,MNIST,1000,1000,14000,784,10,B_in_sqrt_m50_L2,arc_cosine,2,50,1000,,0.8856,80.85,2026-06-13T17:33:07.702070,B-input-√d-
exp_feeding_strategies,MNIST,1000,1000,14000,784,10,B_in_dm_m1_L1,arc_cosine,1,1,1000,,0.8454,0.29,2026-06-13T17:33:08.609534,B-input-d/m
exp_feeding_strategies,MNIST,1000,1000,14000,784,10,B_in_dm_m1_L1,arc_cosine,1,1,1000,,0.8611,0.28,2026-06-13T17:33:09.426901,B-input-d/m
exp_feeding_strategies,MNIST,1000,1000,14000,784,10,B_in_dm_m1_L1,arc_cosine,1,1,1000,,0.8535,0.28,2026-06-13T17:33:10.256595,B-input-d/m
exp_feeding_strategies,MNIST,1000,1000,14000,784,10,B_in_dm_m1_L2,arc_cosine,2,1,1000,,0.8465,0.46,2026-06-13T17:33:11.377439,B-input-d/m
exp_feeding_strategies,MNIST,1000,1000,14000,784,10,B_in_dm_m1_L2,arc_cosine,2,1,1000,,0.8628,0.47,2026-06-13T17:33:12.551998,B-input-d/m
exp_feeding_strategies,MNIST,1000,1000,14000,784,10,B_in_dm_m1_L2,arc_cosine,2,1,1000,,0.8556,0.44,2026-06-13T17:33:13.618365,B-input-d/m
exp_feeding_strategies,MNIST,1000,1000,14000,784,10,B_in_dm_m10_L1,arc_cosine,1,10,1000,,0.8845,4.04,2026-06-13T17:33:18.969382,B-input-d/m
exp_feeding_strategies,MNIST,1000,1000,14000,784,10,B_in_dm_m10_L1,arc_cosine,1,10,1000,,0.8879,3.63,2026-06-13T17:33:23.923982,B-input-d/m
exp_feeding_strategies,MNIST,1000,1000,14000,784,10,B_in_dm_m10_L1,arc_cosine,1,10,1000,,0.8855,3.75,2026-06-13T17:33:28.949706,B-input-d/m
exp_feeding_strategies,MNIST,1000,1000,14000,784,10,B_in_dm_m10_L2,arc_cosine,2,10,1000,,0.8879,7.32,2026-06-13T17:33:38.529685,B-input-d/m
exp_feeding_strategies,MNIST,1000,1000,14000,784,10,B_in_dm_m10_L2,arc_cosine,2,10,1000,,0.897,7.81,2026-06-13T17:33:48.598059,B-input-d/m
exp_feeding_strategies,MNIST,1000,1000,14000,784,10,B_in_dm_m10_L2,arc_cosine,2,10,1000,,0.8936,7.36,2026-06-13T17:33:58.202608,B-input-d/m
exp_feeding_strategies,MNIST,1000,1000,14000,784,10,B_in_dm_m50_L1,arc_cosine,1,50,1000,,0.8316,77.64,2026-06-13T17:35:21.098335,B-input-d/m
exp_feeding_strategies,MNIST,1000,1000,14000,784,10,B_in_dm_m50_L1,arc_cosine,1,50,1000,,0.8454,80.9,2026-06-13T17:36:47.566143,B-input-d/m
exp_feeding_strategies,MNIST,1000,1000,14000,784,10,B_in_dm_m50_L1,arc_cosine,1,50,1000,,0.8358,88.78,2026-06-13T17:38:22.583200,B-input-d/m
exp_feeding_strategies,MNIST,1000,1000,14000,784,10,B_in_dm_m50_L2,arc_cosine,2,50,1000,,0.8545,118.53,2026-06-13T17:40:32.241569,B-input-d/m
exp_feeding_strategies,MNIST,1000,1000,14000,784,10,B_in_dm_m50_L2,arc_cosine,2,50,1000,,0.8658,122.32,2026-06-13T17:42:44.789322,B-input-d/m
exp_feeding_strategies,MNIST,1000,1000,14000,784,10,B_in_dm_m50_L2,arc_cosine,2,50,1000,,0.8559,128.65,2026-06-13T17:45:03.131239,B-input-d/m
exp_feeding_strategies,MNIST,1000,1000,14000,784,10,D_sqrt_fullP_m1_L1,arc_cosine,1,1,1000,,0.5411,1.05,2026-06-13T17:45:04.516483,D_sqrt_fullP
exp_feeding_strategies,MNIST,1000,1000,14000,784,10,D_sqrt_fullP_m1_L1,arc_cosine,1,1,1000,,0.5545,1.45,2026-06-13T17:45:06.237298,D_sqrt_fullP
exp_feeding_strategies,MNIST,1000,1000,14000,784,10,D_sqrt_fullP_m1_L1,arc_cosine,1,1,1000,,0.6088,0.95,2026-06-13T17:45:07.454741,D_sqrt_fullP
exp_feeding_strategies,MNIST,1000,1000,14000,784,10,D_sqrt_fullP_m1_L2,arc_cosine,2,1,1000,,0.4062,1.73,2026-06-13T17:45:09.615726,D_sqrt_fullP
exp_feeding_strategies,MNIST,1000,1000,14000,784,10,D_sqrt_fullP_m1_L2,arc_cosine,2,1,1000,,0.3739,2.55,2026-06-13T17:45:12.625582,D_sqrt_fullP
exp_feeding_strategies,MNIST,1000,1000,14000,784,10,D_sqrt_fullP_m1_L2,arc_cosine,2,1,1000,,0.4306,1.79,2026-06-13T17:45:14.863201,D_sqrt_fullP
exp_feeding_strategies,MNIST,1000,1000,14000,784,10,D_dm_fullP_m1_L1,arc_cosine,1,1,1000,,0.8534,0.29,2026-06-13T17:45:15.792595,D_dm_fullP
exp_feeding_strategies,MNIST,1000,1000,14000,784,10,D_dm_fullP_m1_L1,arc_cosine,1,1,1000,,0.8672,0.33,2026-06-13T17:45:16.691459,D_dm_fullP
exp_feeding_strategies,MNIST,1000,1000,14000,784,10,D_dm_fullP_m1_L1,arc_cosine,1,1,1000,,0.8556,0.29,2026-06-13T17:45:17.531882,D_dm_fullP
exp_feeding_strategies,MNIST,1000,1000,14000,784,10,D_dm_fullP_m1_L2,arc_cosine,2,1,1000,,0.8604,0.55,2026-06-13T17:45:18.767551,D_dm_fullP
exp_feeding_strategies,MNIST,1000,1000,14000,784,10,D_dm_fullP_m1_L2,arc_cosine,2,1,1000,,0.8684,0.44,2026-06-13T17:45:19.838521,D_dm_fullP
exp_feeding_strategies,MNIST,1000,1000,14000,784,10,D_dm_fullP_m1_L2,arc_cosine,2,1,1000,,0.8557,0.47,2026-06-13T17:45:20.962320,D_dm_fullP
exp_feeding_strategies,MNIST,5000,5000,14000,784,10,C_splitdata_fullcols_m1_L1,arc_cosine,1,1,1000,,0.9055,2.12,2026-06-13T17:45:23.652474,C — split/full-cols
exp_feeding_strategies,MNIST,5000,5000,14000,784,10,C_splitdata_fullcols_m1_L1,arc_cosine,1,1,1000,,0.9024,1.69,2026-06-13T17:45:25.918751,C — split/full-cols
exp_feeding_strategies,MNIST,5000,5000,14000,784,10,C_splitdata_fullcols_m1_L1,arc_cosine,1,1,1000,,0.9074,1.6,2026-06-13T17:45:28.033215,C — split/full-cols
exp_feeding_strategies,MNIST,5000,5000,14000,784,10,C_splitdata_fullcols_m1_L2,arc_cosine,2,1,1000,,0.9077,2.62,2026-06-13T17:45:31.291392,C — split/full-cols
exp_feeding_strategies,MNIST,5000,5000,14000,784,10,C_splitdata_fullcols_m1_L2,arc_cosine,2,1,1000,,0.9062,2.62,2026-06-13T17:45:34.530027,C — split/full-cols
exp_feeding_strategies,MNIST,5000,5000,14000,784,10,C_splitdata_fullcols_m1_L2,arc_cosine,2,1,1000,,0.9102,2.61,2026-06-13T17:45:37.784740,C — split/full-cols
exp_feeding_strategies,MNIST,5000,5000,14000,784,10,C_splitdata_fullcols_m10_L1,arc_cosine,1,10,1000,,0.9031,1.26,2026-06-13T17:45:39.621294,C — split/full-cols
exp_feeding_strategies,MNIST,5000,5000,14000,784,10,C_splitdata_fullcols_m10_L1,arc_cosine,1,10,1000,,0.8972,1.19,2026-06-13T17:45:41.356124,C — split/full-cols
exp_feeding_strategies,MNIST,5000,5000,14000,784,10,C_splitdata_fullcols_m10_L1,arc_cosine,1,10,1000,,0.8975,1.19,2026-06-13T17:45:43.073508,C — split/full-cols
exp_feeding_strategies,MNIST,5000,5000,14000,784,10,C_splitdata_fullcols_m10_L2,arc_cosine,2,10,1000,,0.9151,1.94,2026-06-13T17:45:45.715549,C — split/full-cols
exp_feeding_strategies,MNIST,5000,5000,14000,784,10,C_splitdata_fullcols_m10_L2,arc_cosine,2,10,1000,,0.9136,1.82,2026-06-13T17:45:48.222827,C — split/full-cols
exp_feeding_strategies,MNIST,5000,5000,14000,784,10,C_splitdata_fullcols_m10_L2,arc_cosine,2,10,1000,,0.9114,1.79,2026-06-13T17:45:50.718834,C — split/full-cols
exp_feeding_strategies,MNIST,5000,5000,14000,784,10,B_in_sqrt_m1_L1,arc_cosine,1,1,1000,,0.6121,12.51,2026-06-13T17:46:03.611804,B-input-√d-
exp_feeding_strategies,MNIST,5000,5000,14000,784,10,B_in_sqrt_m1_L1,arc_cosine,1,1,1000,,0.6216,12.25,2026-06-13T17:46:16.205421,B-input-√d-
exp_feeding_strategies,MNIST,5000,5000,14000,784,10,B_in_sqrt_m1_L1,arc_cosine,1,1,1000,,0.6765,10.05,2026-06-13T17:46:26.663158,B-input-√d-
exp_feeding_strategies,MNIST,5000,5000,14000,784,10,B_in_sqrt_m1_L2,arc_cosine,2,1,1000,,0.421,16.29,2026-06-13T17:46:43.428838,B-input-√d-
exp_feeding_strategies,MNIST,5000,5000,14000,784,10,B_in_sqrt_m1_L2,arc_cosine,2,1,1000,,0.4354,16.18,2026-06-13T17:47:00.053633,B-input-√d-
exp_feeding_strategies,MNIST,5000,5000,14000,784,10,B_in_sqrt_m1_L2,arc_cosine,2,1,1000,,0.4897,13.53,2026-06-13T17:47:14.204326,B-input-√d-
exp_feeding_strategies,MNIST,5000,5000,14000,784,10,B_in_sqrt_m10_L1,arc_cosine,1,10,1000,,0.8928,148.06,2026-06-13T17:49:43.846202,B-input-√d-
exp_feeding_strategies,MNIST,5000,5000,14000,784,10,B_in_sqrt_m10_L1,arc_cosine,1,10,1000,,0.9028,103.09,2026-06-13T17:51:28.378164,B-input-√d-
exp_feeding_strategies,MNIST,5000,5000,14000,784,10,B_in_sqrt_m10_L1,arc_cosine,1,10,1000,,0.8982,115.44,2026-06-13T17:53:25.350973,B-input-√d-
exp_feeding_strategies,MNIST,5000,5000,14000,784,10,B_in_sqrt_m10_L2,arc_cosine,2,10,1000,,0.8738,193.65,2026-06-13T17:56:41.554562,B-input-√d-
exp_feeding_strategies,MNIST,5000,5000,14000,784,10,B_in_sqrt_m10_L2,arc_cosine,2,10,1000,,0.8914,159.89,2026-06-13T17:59:24.203499,B-input-√d-
exp_feeding_strategies,MNIST,5000,5000,14000,784,10,B_in_sqrt_m10_L2,arc_cosine,2,10,1000,,0.8871,156.7,2026-06-13T18:02:03.309890,B-input-√d-
exp_feeding_strategies,MNIST,5000,5000,14000,784,10,B_in_sqrt_m50_L1,arc_cosine,1,50,1000,,0.9261,526.6,2026-06-13T18:10:55.635739,B-input-√d-
exp_feeding_strategies,MNIST,5000,5000,14000,784,10,B_in_sqrt_m50_L1,arc_cosine,1,50,1000,,0.9269,587.65,2026-06-13T18:20:50.101115,B-input-√d-
exp_feeding_strategies,MNIST,5000,5000,14000,784,10,B_in_sqrt_m50_L1,arc_cosine,1,50,1000,,0.9322,619.16,2026-06-13T18:31:17.070632,B-input-√d-
exp_feeding_strategies,MNIST,5000,5000,14000,784,10,B_in_sqrt_m50_L2,arc_cosine,2,50,1000,,0.9322,711.45,2026-06-13T18:43:20.771488,B-input-√d-
exp_feeding_strategies,MNIST,5000,5000,14000,784,10,B_in_sqrt_m50_L2,arc_cosine,2,50,1000,,0.9374,616.73,2026-06-13T18:53:49.063630,B-input-√d-
exp_feeding_strategies,MNIST,5000,5000,14000,784,10,B_in_sqrt_m50_L2,arc_cosine,2,50,1000,,0.9391,632.86,2026-06-13T19:04:34.183063,B-input-√d-
exp_feeding_strategies,MNIST,5000,5000,14000,784,10,B_in_dm_m1_L1,arc_cosine,1,1,1000,,0.9086,1.75,2026-06-13T19:04:36.581901,B-input-d/m
exp_feeding_strategies,MNIST,5000,5000,14000,784,10,B_in_dm_m1_L1,arc_cosine,1,1,1000,,0.905,1.6,2026-06-13T19:04:38.810695,B-input-d/m
exp_feeding_strategies,MNIST,5000,5000,14000,784,10,B_in_dm_m1_L1,arc_cosine,1,1,1000,,0.9079,1.64,2026-06-13T19:04:41.087917,B-input-d/m
exp_feeding_strategies,MNIST,5000,5000,14000,784,10,B_in_dm_m1_L2,arc_cosine,2,1,1000,,0.9108,2.77,2026-06-13T19:04:44.600240,B-input-d/m
exp_feeding_strategies,MNIST,5000,5000,14000,784,10,B_in_dm_m1_L2,arc_cosine,2,1,1000,,0.9071,2.57,2026-06-13T19:04:47.906535,B-input-d/m
exp_feeding_strategies,MNIST,5000,5000,14000,784,10,B_in_dm_m1_L2,arc_cosine,2,1,1000,,0.9104,2.65,2026-06-13T19:04:51.288320,B-input-d/m
exp_feeding_strategies,MNIST,5000,5000,14000,784,10,B_in_dm_m10_L1,arc_cosine,1,10,1000,,0.9421,30.45,2026-06-13T19:05:23.309627,B-input-d/m
exp_feeding_strategies,MNIST,5000,5000,14000,784,10,B_in_dm_m10_L1,arc_cosine,1,10,1000,,0.9398,28.85,2026-06-13T19:05:53.753652,B-input-d/m
exp_feeding_strategies,MNIST,5000,5000,14000,784,10,B_in_dm_m10_L1,arc_cosine,1,10,1000,,0.9441,28.98,2026-06-13T19:06:24.281985,B-input-d/m
exp_feeding_strategies,MNIST,5000,5000,14000,784,10,B_in_dm_m10_L2,arc_cosine,2,10,1000,,0.9446,58.28,2026-06-13T19:07:25.287727,B-input-d/m
exp_feeding_strategies,MNIST,5000,5000,14000,784,10,B_in_dm_m10_L2,arc_cosine,2,10,1000,,0.9392,64.19,2026-06-13T19:08:32.195350,B-input-d/m
exp_feeding_strategies,MNIST,5000,5000,14000,784,10,B_in_dm_m10_L2,arc_cosine,2,10,1000,,0.9451,56.27,2026-06-13T19:09:31.188529,B-input-d/m
exp_feeding_strategies,MNIST,5000,5000,14000,784,10,B_in_dm_m50_L1,arc_cosine,1,50,1000,,0.9077,694.55,2026-06-13T19:21:11.766343,B-input-d/m
exp_feeding_strategies,MNIST,5000,5000,14000,784,10,B_in_dm_m50_L1,arc_cosine,1,50,1000,,0.906,711.25,2026-06-13T19:33:09.123104,B-input-d/m
exp_feeding_strategies,MNIST,5000,5000,14000,784,10,B_in_dm_m50_L1,arc_cosine,1,50,1000,,0.9112,704.23,2026-06-13T19:44:59.426484,B-input-d/m
exp_feeding_strategies,MNIST,5000,5000,14000,784,10,B_in_dm_m50_L2,arc_cosine,2,50,1000,,0.9183,1056.31,2026-06-13T20:02:47.633512,B-input-d/m
exp_feeding_strategies,MNIST,5000,5000,14000,784,10,B_in_dm_m50_L2,arc_cosine,2,50,1000,,0.9151,1047.02,2026-06-13T20:20:26.331450,B-input-d/m
exp_feeding_strategies,MNIST,5000,5000,14000,784,10,B_in_dm_m50_L2,arc_cosine,2,50,1000,,0.9204,1037.57,2026-06-13T20:37:55.767062,B-input-d/m
exp_feeding_strategies,MNIST,5000,5000,14000,784,10,D_sqrt_fullP_m1_L1,arc_cosine,1,1,1000,,0.6076,12.49,2026-06-13T20:38:08.604997,D_sqrt_fullP
exp_feeding_strategies,MNIST,5000,5000,14000,784,10,D_sqrt_fullP_m1_L1,arc_cosine,1,1,1000,,0.6237,12.97,2026-06-13T20:38:21.910482,D_sqrt_fullP
exp_feeding_strategies,MNIST,5000,5000,14000,784,10,D_sqrt_fullP_m1_L1,arc_cosine,1,1,1000,,0.6786,8.67,2026-06-13T20:38:30.909028,D_sqrt_fullP
exp_feeding_strategies,MNIST,5000,5000,14000,784,10,D_sqrt_fullP_m1_L2,arc_cosine,2,1,1000,,0.4072,16.15,2026-06-13T20:38:47.515628,D_sqrt_fullP
exp_feeding_strategies,MNIST,5000,5000,14000,784,10,D_sqrt_fullP_m1_L2,arc_cosine,2,1,1000,,0.4101,17.06,2026-06-13T20:39:05.022718,D_sqrt_fullP
exp_feeding_strategies,MNIST,5000,5000,14000,784,10,D_sqrt_fullP_m1_L2,arc_cosine,2,1,1000,,0.4422,12.25,2026-06-13T20:39:17.716299,D_sqrt_fullP
exp_feeding_strategies,MNIST,5000,5000,14000,784,10,D_sqrt_fullP_m10_L1,arc_cosine,1,10,1000,,0.8745,11.24,2026-06-13T20:39:30.362863,D_sqrt_fullP
exp_feeding_strategies,MNIST,5000,5000,14000,784,10,D_sqrt_fullP_m10_L1,arc_cosine,1,10,1000,,0.8867,9.54,2026-06-13T20:39:41.297312,D_sqrt_fullP
exp_feeding_strategies,MNIST,5000,5000,14000,784,10,D_sqrt_fullP_m10_L1,arc_cosine,1,10,1000,,0.8787,11.06,2026-06-13T20:39:53.747604,D_sqrt_fullP
exp_feeding_strategies,MNIST,5000,5000,14000,784,10,D_sqrt_fullP_m10_L2,arc_cosine,2,10,1000,,0.8474,19.01,2026-06-13T20:40:15.333637,D_sqrt_fullP
exp_feeding_strategies,MNIST,5000,5000,14000,784,10,D_sqrt_fullP_m10_L2,arc_cosine,2,10,1000,,0.8504,16.53,2026-06-13T20:40:34.419150,D_sqrt_fullP
exp_feeding_strategies,MNIST,5000,5000,14000,784,10,D_sqrt_fullP_m10_L2,arc_cosine,2,10,1000,,0.8539,18.41,2026-06-13T20:40:55.376689,D_sqrt_fullP
exp_feeding_strategies,MNIST,5000,5000,14000,784,10,D_dm_fullP_m1_L1,arc_cosine,1,1,1000,,0.9072,1.69,2026-06-13T20:40:57.693816,D_dm_fullP
exp_feeding_strategies,MNIST,5000,5000,14000,784,10,D_dm_fullP_m1_L1,arc_cosine,1,1,1000,,0.9049,1.6,2026-06-13T20:40:59.911955,D_dm_fullP
exp_feeding_strategies,MNIST,5000,5000,14000,784,10,D_dm_fullP_m1_L1,arc_cosine,1,1,1000,,0.9099,1.67,2026-06-13T20:41:02.255328,D_dm_fullP
exp_feeding_strategies,MNIST,5000,5000,14000,784,10,D_dm_fullP_m1_L2,arc_cosine,2,1,1000,,0.9094,2.59,2026-06-13T20:41:05.588184,D_dm_fullP
exp_feeding_strategies,MNIST,5000,5000,14000,784,10,D_dm_fullP_m1_L2,arc_cosine,2,1,1000,,0.9066,2.62,2026-06-13T20:41:08.938437,D_dm_fullP
exp_feeding_strategies,MNIST,5000,5000,14000,784,10,D_dm_fullP_m1_L2,arc_cosine,2,1,1000,,0.9125,2.61,2026-06-13T20:41:12.323225,D_dm_fullP
exp_feeding_strategies,MNIST,5000,5000,14000,784,10,D_dm_fullP_m10_L1,arc_cosine,1,10,1000,,0.9099,3.2,2026-06-13T20:41:17.269475,D_dm_fullP
exp_feeding_strategies,MNIST,5000,5000,14000,784,10,D_dm_fullP_m10_L1,arc_cosine,1,10,1000,,0.9074,2.84,2026-06-13T20:41:21.646096,D_dm_fullP
exp_feeding_strategies,MNIST,5000,5000,14000,784,10,D_dm_fullP_m10_L1,arc_cosine,1,10,1000,,0.9084,3.21,2026-06-13T20:41:26.401828,D_dm_fullP
exp_feeding_strategies,MNIST,5000,5000,14000,784,10,D_dm_fullP_m10_L2,arc_cosine,2,10,1000,,0.9059,8.22,2026-06-13T20:41:37.309389,D_dm_fullP
exp_feeding_strategies,MNIST,5000,5000,14000,784,10,D_dm_fullP_m10_L2,arc_cosine,2,10,1000,,0.9009,8.06,2026-06-13T20:41:48.038181,D_dm_fullP
exp_feeding_strategies,MNIST,5000,5000,14000,784,10,D_dm_fullP_m10_L2,arc_cosine,2,10,1000,,0.9077,8.42,2026-06-13T20:41:59.165659,D_dm_fullP
exp_feeding_strategies,MNIST,10000,10000,14000,784,10,C_splitdata_fullcols_m1_L1,arc_cosine,1,1,1000,,0.9196,3.61,2026-06-13T20:42:03.423964,C — split/full-cols
exp_feeding_strategies,MNIST,10000,10000,14000,784,10,C_splitdata_fullcols_m1_L1,arc_cosine,1,1,1000,,0.9177,3.73,2026-06-13T20:42:07.795804,C — split/full-cols
exp_feeding_strategies,MNIST,10000,10000,14000,784,10,C_splitdata_fullcols_m1_L1,arc_cosine,1,1,1000,,0.9239,3.61,2026-06-13T20:42:12.085350,C — split/full-cols
exp_feeding_strategies,MNIST,10000,10000,14000,784,10,C_splitdata_fullcols_m1_L2,arc_cosine,2,1,1000,,0.9219,5.71,2026-06-13T20:42:18.622866,C — split/full-cols
exp_feeding_strategies,MNIST,10000,10000,14000,784,10,C_splitdata_fullcols_m1_L2,arc_cosine,2,1,1000,,0.9207,5.85,2026-06-13T20:42:25.276229,C — split/full-cols
exp_feeding_strategies,MNIST,10000,10000,14000,784,10,C_splitdata_fullcols_m1_L2,arc_cosine,2,1,1000,,0.9263,5.75,2026-06-13T20:42:31.804604,C — split/full-cols
exp_feeding_strategies,MNIST,10000,10000,14000,784,10,C_splitdata_fullcols_m10_L1,arc_cosine,1,10,1000,,0.9164,2.68,2026-06-13T20:42:35.141649,C — split/full-cols
exp_feeding_strategies,MNIST,10000,10000,14000,784,10,C_splitdata_fullcols_m10_L1,arc_cosine,1,10,1000,,0.9136,2.55,2026-06-13T20:42:38.457697,C — split/full-cols
exp_feeding_strategies,MNIST,10000,10000,14000,784,10,C_splitdata_fullcols_m10_L1,arc_cosine,1,10,1000,,0.9154,2.56,2026-06-13T20:42:41.697283,C — split/full-cols
exp_feeding_strategies,MNIST,10000,10000,14000,784,10,C_splitdata_fullcols_m10_L2,arc_cosine,2,10,1000,,0.931,4.27,2026-06-13T20:42:46.819925,C — split/full-cols
exp_feeding_strategies,MNIST,10000,10000,14000,784,10,C_splitdata_fullcols_m10_L2,arc_cosine,2,10,1000,,0.9239,4.29,2026-06-13T20:42:51.958589,C — split/full-cols
exp_feeding_strategies,MNIST,10000,10000,14000,784,10,C_splitdata_fullcols_m10_L2,arc_cosine,2,10,1000,,0.9296,4.33,2026-06-13T20:42:57.121892,C — split/full-cols
exp_feeding_strategies,MNIST,10000,10000,14000,784,10,C_splitdata_fullcols_m50_L1,arc_cosine,1,50,1000,,0.9199,8.9,2026-06-13T20:43:06.867046,C — split/full-cols
exp_feeding_strategies,MNIST,10000,10000,14000,784,10,C_splitdata_fullcols_m50_L1,arc_cosine,1,50,1000,,0.9135,8.35,2026-06-13T20:43:16.043930,C — split/full-cols
exp_feeding_strategies,MNIST,10000,10000,14000,784,10,C_splitdata_fullcols_m50_L1,arc_cosine,1,50,1000,,0.9212,7.81,2026-06-13T20:43:24.670022,C — split/full-cols
exp_feeding_strategies,MNIST,10000,10000,14000,784,10,C_splitdata_fullcols_m50_L2,arc_cosine,2,50,1000,,0.9325,8.29,2026-06-13T20:43:34.299808,C — split/full-cols
exp_feeding_strategies,MNIST,10000,10000,14000,784,10,C_splitdata_fullcols_m50_L2,arc_cosine,2,50,1000,,0.933,8.17,2026-06-13T20:43:43.784096,C — split/full-cols
exp_feeding_strategies,MNIST,10000,10000,14000,784,10,C_splitdata_fullcols_m50_L2,arc_cosine,2,50,1000,,0.9344,7.94,2026-06-13T20:43:53.046173,C — split/full-cols
exp_feeding_strategies,MNIST,10000,10000,14000,784,10,B_in_sqrt_m1_L1,arc_cosine,1,1,1000,,0.6236,20.74,2026-06-13T20:44:14.245077,B-input-√d-
exp_feeding_strategies,MNIST,10000,10000,14000,784,10,B_in_sqrt_m1_L1,arc_cosine,1,1,1000,,0.6354,22.86,2026-06-13T20:44:37.545256,B-input-√d-
exp_feeding_strategies,MNIST,10000,10000,14000,784,10,B_in_sqrt_m1_L1,arc_cosine,1,1,1000,,0.6941,20.64,2026-06-13T20:44:58.617756,B-input-√d-
exp_feeding_strategies,MNIST,10000,10000,14000,784,10,B_in_sqrt_m1_L2,arc_cosine,2,1,1000,,0.4282,29.69,2026-06-13T20:45:28.907471,B-input-√d-
exp_feeding_strategies,MNIST,10000,10000,14000,784,10,B_in_sqrt_m1_L2,arc_cosine,2,1,1000,,0.4256,29.98,2026-06-13T20:45:59.471102,B-input-√d-
exp_feeding_strategies,MNIST,10000,10000,14000,784,10,B_in_sqrt_m1_L2,arc_cosine,2,1,1000,,0.489,27.32,2026-06-13T20:46:27.368363,B-input-√d-
exp_feeding_strategies,MNIST,10000,10000,14000,784,10,B_in_sqrt_m10_L1,arc_cosine,1,10,1000,,0.9107,235.14,2026-06-13T20:50:24.371625,B-input-√d-
exp_feeding_strategies,MNIST,10000,10000,14000,784,10,B_in_sqrt_m10_L1,arc_cosine,1,10,1000,,0.9201,209.7,2026-06-13T20:53:55.927684,B-input-√d-
exp_feeding_strategies,MNIST,10000,10000,14000,784,10,B_in_sqrt_m10_L1,arc_cosine,1,10,1000,,0.9186,220.52,2026-06-13T20:57:38.271582,B-input-√d-
exp_feeding_strategies,MNIST,10000,10000,14000,784,10,B_in_sqrt_m10_L2,arc_cosine,2,10,1000,,0.8972,357.5,2026-06-13T21:03:39.150367,B-input-√d-
exp_feeding_strategies,MNIST,10000,10000,14000,784,10,B_in_sqrt_m10_L2,arc_cosine,2,10,1000,,0.9099,315.3,2026-06-13T21:08:57.814622,B-input-√d-
exp_feeding_strategies,MNIST,10000,10000,14000,784,10,B_in_sqrt_m10_L2,arc_cosine,2,10,1000,,0.9083,321.3,2026-06-13T21:14:22.411490,B-input-√d-
exp_feeding_strategies,MNIST,10000,10000,14000,784,10,B_in_sqrt_m50_L1,arc_cosine,1,50,1000,,0.9419,1106.51,2026-06-13T21:32:57.017873,B-input-√d-
exp_feeding_strategies,MNIST,10000,10000,14000,784,10,B_in_sqrt_m50_L1,arc_cosine,1,50,1000,,0.9452,1078.43,2026-06-13T21:51:03.586733,B-input-√d-
exp_feeding_strategies,MNIST,10000,10000,14000,784,10,B_in_sqrt_m50_L1,arc_cosine,1,50,1000,,0.9455,1087.55,2026-06-13T22:09:19.128238,B-input-√d-
exp_feeding_strategies,MNIST,10000,10000,14000,784,10,B_in_sqrt_m50_L2,arc_cosine,2,50,1000,,0.9442,1370.07,2026-06-13T22:32:25.021815,B-input-√d-
exp_feeding_strategies,MNIST,10000,10000,14000,784,10,B_in_sqrt_m50_L2,arc_cosine,2,50,1000,,0.9526,1336.88,2026-06-13T22:54:57.889168,B-input-√d-
exp_feeding_strategies,MNIST,10000,10000,14000,784,10,B_in_sqrt_m50_L2,arc_cosine,2,50,1000,,0.9523,1332.02,2026-06-13T23:17:25.446094,B-input-√d-
exp_feeding_strategies,MNIST,10000,10000,14000,784,10,B_in_dm_m1_L1,arc_cosine,1,1,1000,,0.9227,3.96,2026-06-13T23:17:30.210285,B-input-d/m
exp_feeding_strategies,MNIST,10000,10000,14000,784,10,B_in_dm_m1_L1,arc_cosine,1,1,1000,,0.9213,3.94,2026-06-13T23:17:34.953150,B-input-d/m
exp_feeding_strategies,MNIST,10000,10000,14000,784,10,B_in_dm_m1_L1,arc_cosine,1,1,1000,,0.925,3.85,2026-06-13T23:17:39.591459,B-input-d/m
exp_feeding_strategies,MNIST,10000,10000,14000,784,10,B_in_dm_m1_L2,arc_cosine,2,1,1000,,0.926,6.09,2026-06-13T23:17:46.642299,B-input-d/m
exp_feeding_strategies,MNIST,10000,10000,14000,784,10,B_in_dm_m1_L2,arc_cosine,2,1,1000,,0.9226,6.11,2026-06-13T23:17:53.696079,B-input-d/m
exp_feeding_strategies,MNIST,10000,10000,14000,784,10,B_in_dm_m1_L2,arc_cosine,2,1,1000,,0.9274,5.93,2026-06-13T23:18:00.573127,B-input-d/m
exp_feeding_strategies,MNIST,10000,10000,14000,784,10,B_in_dm_m10_L1,arc_cosine,1,10,1000,,0.9532,64.92,2026-06-13T23:19:07.539006,B-input-d/m
exp_feeding_strategies,MNIST,10000,10000,14000,784,10,B_in_dm_m10_L1,arc_cosine,1,10,1000,,0.9541,64.54,2026-06-13T23:20:14.094623,B-input-d/m
exp_feeding_strategies,MNIST,10000,10000,14000,784,10,B_in_dm_m10_L1,arc_cosine,1,10,1000,,0.9546,66.05,2026-06-13T23:21:22.125532,B-input-d/m
exp_feeding_strategies,MNIST,10000,10000,14000,784,10,B_in_dm_m10_L2,arc_cosine,2,10,1000,,0.9532,123.77,2026-06-13T23:23:29.454428,B-input-d/m
exp_feeding_strategies,MNIST,10000,10000,14000,784,10,B_in_dm_m10_L2,arc_cosine,2,10,1000,,0.9544,141.61,2026-06-13T23:25:54.657193,B-input-d/m
exp_feeding_strategies,MNIST,10000,10000,14000,784,10,B_in_dm_m10_L2,arc_cosine,2,10,1000,,0.9546,130.82,2026-06-13T23:28:08.962537,B-input-d/m
exp_feeding_strategies,MNIST,10000,10000,14000,784,10,B_in_dm_m50_L1,arc_cosine,1,50,1000,,0.926,1527.98,2026-06-13T23:53:44.965333,B-input-d/m
exp_feeding_strategies,MNIST,10000,10000,14000,784,10,B_in_dm_m50_L1,arc_cosine,1,50,1000,,0.9294,1485.02,2026-06-14T00:18:38.034161,B-input-d/m
exp_feeding_strategies,MNIST,10000,10000,14000,784,10,B_in_dm_m50_L1,arc_cosine,1,50,1000,,0.9284,1459.92,2026-06-14T00:43:05.655675,B-input-d/m
exp_feeding_strategies,MNIST,10000,10000,14000,784,10,B_in_dm_m50_L2,arc_cosine,2,50,1000,,0.9295,2341.81,2026-06-14T01:22:22.974505,B-input-d/m
exp_feeding_strategies,MNIST,10000,10000,14000,784,10,B_in_dm_m50_L2,arc_cosine,2,50,1000,,0.9332,2323.78,2026-06-14T02:01:22.281623,B-input-d/m
exp_feeding_strategies,MNIST,10000,10000,14000,784,10,B_in_dm_m50_L2,arc_cosine,2,50,1000,,0.9326,2266.35,2026-06-14T02:39:23.932355,B-input-d/m
exp_feeding_strategies,MNIST,10000,10000,14000,784,10,D_sqrt_fullP_m1_L1,arc_cosine,1,1,1000,,0.6231,22.03,2026-06-14T02:39:46.410726,D_sqrt_fullP
exp_feeding_strategies,MNIST,10000,10000,14000,784,10,D_sqrt_fullP_m1_L1,arc_cosine,1,1,1000,,0.6278,28.05,2026-06-14T02:40:14.890676,D_sqrt_fullP
exp_feeding_strategies,MNIST,10000,10000,14000,784,10,D_sqrt_fullP_m1_L1,arc_cosine,1,1,1000,,0.6984,18.33,2026-06-14T02:40:33.649234,D_sqrt_fullP
exp_feeding_strategies,MNIST,10000,10000,14000,784,10,D_sqrt_fullP_m1_L2,arc_cosine,2,1,1000,,0.4046,30.02,2026-06-14T02:41:04.254269,D_sqrt_fullP
exp_feeding_strategies,MNIST,10000,10000,14000,784,10,D_sqrt_fullP_m1_L2,arc_cosine,2,1,1000,,0.3974,36.78,2026-06-14T02:41:41.621964,D_sqrt_fullP
exp_feeding_strategies,MNIST,10000,10000,14000,784,10,D_sqrt_fullP_m1_L2,arc_cosine,2,1,1000,,0.4466,26.21,2026-06-14T02:42:08.401010,D_sqrt_fullP
exp_feeding_strategies,MNIST,10000,10000,14000,784,10,D_sqrt_fullP_m10_L1,arc_cosine,1,10,1000,,0.8953,12.91,2026-06-14T02:42:23.158790,D_sqrt_fullP
exp_feeding_strategies,MNIST,10000,10000,14000,784,10,D_sqrt_fullP_m10_L1,arc_cosine,1,10,1000,,0.9044,11.97,2026-06-14T02:42:36.973520,D_sqrt_fullP
exp_feeding_strategies,MNIST,10000,10000,14000,784,10,D_sqrt_fullP_m10_L1,arc_cosine,1,10,1000,,0.8999,12.97,2026-06-14T02:42:51.762685,D_sqrt_fullP
exp_feeding_strategies,MNIST,10000,10000,14000,784,10,D_sqrt_fullP_m10_L2,arc_cosine,2,10,1000,,0.8701,22.47,2026-06-14T02:43:17.584100,D_sqrt_fullP
exp_feeding_strategies,MNIST,10000,10000,14000,784,10,D_sqrt_fullP_m10_L2,arc_cosine,2,10,1000,,0.8869,24.07,2026-06-14T02:43:45.006937,D_sqrt_fullP
exp_feeding_strategies,MNIST,10000,10000,14000,784,10,D_sqrt_fullP_m10_L2,arc_cosine,2,10,1000,,0.886,26.18,2026-06-14T02:44:14.502388,D_sqrt_fullP
exp_feeding_strategies,MNIST,10000,10000,14000,784,10,D_sqrt_fullP_m50_L1,arc_cosine,1,50,1000,,0.9116,32.23,2026-06-14T02:44:54.880085,D_sqrt_fullP
exp_feeding_strategies,MNIST,10000,10000,14000,784,10,D_sqrt_fullP_m50_L1,arc_cosine,1,50,1000,,0.9185,32.99,2026-06-14T02:45:36.004027,D_sqrt_fullP
exp_feeding_strategies,MNIST,10000,10000,14000,784,10,D_sqrt_fullP_m50_L1,arc_cosine,1,50,1000,,0.9233,33.1,2026-06-14T02:46:17.114798,D_sqrt_fullP
exp_feeding_strategies,MNIST,10000,10000,14000,784,10,D_sqrt_fullP_m50_L2,arc_cosine,2,50,1000,,0.9153,34.73,2026-06-14T02:47:07.620346,D_sqrt_fullP
exp_feeding_strategies,MNIST,10000,10000,14000,784,10,D_sqrt_fullP_m50_L2,arc_cosine,2,50,1000,,0.9182,33.7,2026-06-14T02:47:57.136060,D_sqrt_fullP
exp_feeding_strategies,MNIST,10000,10000,14000,784,10,D_sqrt_fullP_m50_L2,arc_cosine,2,50,1000,,0.925,35.14,2026-06-14T02:48:47.679052,D_sqrt_fullP
exp_feeding_strategies,MNIST,10000,10000,14000,784,10,D_dm_fullP_m1_L1,arc_cosine,1,1,1000,,0.9153,3.91,2026-06-14T02:48:52.402411,D_dm_fullP
exp_feeding_strategies,MNIST,10000,10000,14000,784,10,D_dm_fullP_m1_L1,arc_cosine,1,1,1000,,0.9197,3.87,2026-06-14T02:48:57.069253,D_dm_fullP
exp_feeding_strategies,MNIST,10000,10000,14000,784,10,D_dm_fullP_m1_L1,arc_cosine,1,1,1000,,0.9224,3.78,2026-06-14T02:49:01.638089,D_dm_fullP
exp_feeding_strategies,MNIST,10000,10000,14000,784,10,D_dm_fullP_m1_L2,arc_cosine,2,1,1000,,0.9176,6.16,2026-06-14T02:49:08.751443,D_dm_fullP
exp_feeding_strategies,MNIST,10000,10000,14000,784,10,D_dm_fullP_m1_L2,arc_cosine,2,1,1000,,0.9239,5.99,2026-06-14T02:49:15.689059,D_dm_fullP
exp_feeding_strategies,MNIST,10000,10000,14000,784,10,D_dm_fullP_m1_L2,arc_cosine,2,1,1000,,0.9244,5.93,2026-06-14T02:49:22.549460,D_dm_fullP
exp_feeding_strategies,MNIST,10000,10000,14000,784,10,D_dm_fullP_m10_L1,arc_cosine,1,10,1000,,0.9331,5.02,2026-06-14T02:49:29.584582,D_dm_fullP
exp_feeding_strategies,MNIST,10000,10000,14000,784,10,D_dm_fullP_m10_L1,arc_cosine,1,10,1000,,0.9289,5.2,2026-06-14T02:49:36.789702,D_dm_fullP
exp_feeding_strategies,MNIST,10000,10000,14000,784,10,D_dm_fullP_m10_L1,arc_cosine,1,10,1000,,0.9328,5.05,2026-06-14T02:49:43.812794,D_dm_fullP
exp_feeding_strategies,MNIST,10000,10000,14000,784,10,D_dm_fullP_m10_L2,arc_cosine,2,10,1000,,0.9271,11.9,2026-06-14T02:49:59.233054,D_dm_fullP
exp_feeding_strategies,MNIST,10000,10000,14000,784,10,D_dm_fullP_m10_L2,arc_cosine,2,10,1000,,0.9281,12.95,2026-06-14T02:50:15.687718,D_dm_fullP
exp_feeding_strategies,MNIST,10000,10000,14000,784,10,D_dm_fullP_m10_L2,arc_cosine,2,10,1000,,0.9327,12.73,2026-06-14T02:50:31.852227,D_dm_fullP
exp_feeding_strategies,MNIST,10000,10000,14000,784,10,D_dm_fullP_m50_L1,arc_cosine,1,50,1000,,0.9078,41.86,2026-06-14T02:51:21.598156,D_dm_fullP
exp_feeding_strategies,MNIST,10000,10000,14000,784,10,D_dm_fullP_m50_L1,arc_cosine,1,50,1000,,0.9088,44.08,2026-06-14T02:52:13.631225,D_dm_fullP
exp_feeding_strategies,MNIST,10000,10000,14000,784,10,D_dm_fullP_m50_L1,arc_cosine,1,50,1000,,0.9154,44.49,2026-06-14T02:53:05.877626,D_dm_fullP
exp_feeding_strategies,MNIST,10000,10000,14000,784,10,D_dm_fullP_m50_L2,arc_cosine,2,50,1000,,0.9029,56.1,2026-06-14T02:54:17.421924,D_dm_fullP
exp_feeding_strategies,MNIST,10000,10000,14000,784,10,D_dm_fullP_m50_L2,arc_cosine,2,50,1000,,0.9035,62.08,2026-06-14T02:55:34.869855,D_dm_fullP
exp_feeding_strategies,MNIST,10000,10000,14000,784,10,D_dm_fullP_m50_L2,arc_cosine,2,50,1000,,0.8986,59.51,2026-06-14T02:56:49.439482,D_dm_fullP
exp_feeding_strategies,MNIST,50000,50000,14000,784,10,C_splitdata_fullcols_m1_L1,arc_cosine,1,1,1000,,0.9454,17.9,2026-06-14T02:57:09.059248,C — split/full-cols
exp_feeding_strategies,MNIST,50000,50000,14000,784,10,C_splitdata_fullcols_m1_L1,arc_cosine,1,1,1000,,0.9486,18.15,2026-06-14T02:57:28.902425,C — split/full-cols
exp_feeding_strategies,MNIST,50000,50000,14000,784,10,C_splitdata_fullcols_m1_L1,arc_cosine,1,1,1000,,0.9484,18.65,2026-06-14T02:57:49.261689,C — split/full-cols
exp_feeding_strategies,MNIST,50000,50000,14000,784,10,C_splitdata_fullcols_m1_L2,arc_cosine,2,1,1000,,0.9489,30.45,2026-06-14T02:58:21.817201,C — split/full-cols
exp_feeding_strategies,MNIST,50000,50000,14000,784,10,C_splitdata_fullcols_m1_L2,arc_cosine,2,1,1000,,0.9526,30.69,2026-06-14T02:58:54.578012,C — split/full-cols
exp_feeding_strategies,MNIST,50000,50000,14000,784,10,C_splitdata_fullcols_m1_L2,arc_cosine,2,1,1000,,0.9529,32.23,2026-06-14T02:59:28.882463,C — split/full-cols
exp_feeding_strategies,MNIST,50000,50000,14000,784,10,C_splitdata_fullcols_m10_L1,arc_cosine,1,10,1000,,0.9372,18.89,2026-06-14T02:59:49.538529,C — split/full-cols
exp_feeding_strategies,MNIST,50000,50000,14000,784,10,C_splitdata_fullcols_m10_L1,arc_cosine,1,10,1000,,0.9391,19.64,2026-06-14T03:00:10.934334,C — split/full-cols
exp_feeding_strategies,MNIST,50000,50000,14000,784,10,C_splitdata_fullcols_m10_L1,arc_cosine,1,10,1000,,0.9388,19.26,2026-06-14T03:00:31.945345,C — split/full-cols
exp_feeding_strategies,MNIST,50000,50000,14000,784,10,C_splitdata_fullcols_m10_L2,arc_cosine,2,10,1000,,0.9485,31.42,2026-06-14T03:01:05.617357,C — split/full-cols
exp_feeding_strategies,MNIST,50000,50000,14000,784,10,C_splitdata_fullcols_m10_L2,arc_cosine,2,10,1000,,0.9496,32.74,2026-06-14T03:01:40.591589,C — split/full-cols
exp_feeding_strategies,MNIST,50000,50000,14000,784,10,C_splitdata_fullcols_m10_L2,arc_cosine,2,10,1000,,0.9489,32.3,2026-06-14T03:02:15.133511,C — split/full-cols
exp_feeding_strategies,MNIST,50000,50000,14000,784,10,C_splitdata_fullcols_m50_L1,arc_cosine,1,50,1000,,0.9381,37.83,2026-06-14T03:02:55.235359,C — split/full-cols
exp_feeding_strategies,MNIST,50000,50000,14000,784,10,C_splitdata_fullcols_m50_L1,arc_cosine,1,50,1000,,0.9419,38.54,2026-06-14T03:03:36.030506,C — split/full-cols
exp_feeding_strategies,MNIST,50000,50000,14000,784,10,C_splitdata_fullcols_m50_L1,arc_cosine,1,50,1000,,0.9387,38.54,2026-06-14T03:04:16.817641,C — split/full-cols
exp_feeding_strategies,MNIST,50000,50000,14000,784,10,C_splitdata_fullcols_m50_L2,arc_cosine,2,50,1000,,0.9495,40.88,2026-06-14T03:05:01.286247,C — split/full-cols
exp_feeding_strategies,MNIST,50000,50000,14000,784,10,C_splitdata_fullcols_m50_L2,arc_cosine,2,50,1000,,0.9529,41.42,2026-06-14T03:05:46.265232,C — split/full-cols
exp_feeding_strategies,MNIST,50000,50000,14000,784,10,C_splitdata_fullcols_m50_L2,arc_cosine,2,50,1000,,0.9521,40.58,2026-06-14T03:06:30.415899,C — split/full-cols
exp_feeding_strategies,MNIST,50000,50000,14000,784,10,B_in_sqrt_m1_L1,arc_cosine,1,1,1000,,0.6379,105.14,2026-06-14T03:08:16.697886,B-input-√d-
exp_feeding_strategies,MNIST,50000,50000,14000,784,10,B_in_sqrt_m1_L1,arc_cosine,1,1,1000,,0.6411,123.02,2026-06-14T03:10:20.814147,B-input-√d-
exp_feeding_strategies,MNIST,50000,50000,14000,784,10,B_in_sqrt_m1_L1,arc_cosine,1,1,1000,,0.7142,86.49,2026-06-14T03:11:48.403725,B-input-√d-
exp_feeding_strategies,MNIST,50000,50000,14000,784,10,B_in_sqrt_m1_L2,arc_cosine,2,1,1000,,0.4234,138.85,2026-06-14T03:14:08.760599,B-input-√d-
exp_feeding_strategies,MNIST,50000,50000,14000,784,10,B_in_sqrt_m1_L2,arc_cosine,2,1,1000,,0.4181,159.29,2026-06-14T03:16:49.544108,B-input-√d-
exp_feeding_strategies,MNIST,50000,50000,14000,784,10,B_in_sqrt_m1_L2,arc_cosine,2,1,1000,,0.4951,119.15,2026-06-14T03:18:50.185643,B-input-√d-
exp_feeding_strategies,MNIST,50000,50000,14000,784,10,B_in_sqrt_m10_L1,arc_cosine,1,10,1000,,0.9344,903.41,2026-06-14T03:33:58.394109,B-input-√d-
exp_feeding_strategies,MNIST,50000,50000,14000,784,10,B_in_sqrt_m10_L1,arc_cosine,1,10,1000,,0.9419,891.57,2026-06-14T03:48:54.740073,B-input-√d-
exp_feeding_strategies,MNIST,50000,50000,14000,784,10,B_in_sqrt_m10_L1,arc_cosine,1,10,1000,,0.9401,955.14,2026-06-14T04:04:54.642307,B-input-√d-
exp_feeding_strategies,MNIST,50000,50000,14000,784,10,B_in_sqrt_m10_L2,arc_cosine,2,10,1000,,0.9249,1598.53,2026-06-14T04:31:41.936609,B-input-√d-
exp_feeding_strategies,MNIST,50000,50000,14000,784,10,B_in_sqrt_m10_L2,arc_cosine,2,10,1000,,0.9339,1502.23,2026-06-14T04:56:52.891017,B-input-√d-
exp_feeding_strategies,MNIST,50000,50000,14000,784,10,B_in_sqrt_m10_L2,arc_cosine,2,10,1000,,0.9327,1552.39,2026-06-14T05:22:53.954064,B-input-√d-
exp_feeding_strategies,MNIST,50000,50000,14000,784,10,B_in_sqrt_m50_L1,arc_cosine,1,50,1000,,0.9661,4738.13,2026-06-14T06:42:13.450056,B-input-√d-
exp_feeding_strategies,MNIST,50000,50000,14000,784,10,B_in_sqrt_m50_L1,arc_cosine,1,50,1000,,0.9677,4448.51,2026-06-14T07:56:43.234925,B-input-√d-
exp_feeding_strategies,MNIST,50000,50000,14000,784,10,B_in_sqrt_m50_L1,arc_cosine,1,50,1000,,0.9673,5487.57,2026-06-14T09:28:36.535401,B-input-√d-
exp_feeding_strategies,MNIST,50000,50000,14000,784,10,B_in_sqrt_m50_L2,arc_cosine,2,50,1000,,0.969,6609.59,2026-06-14T11:19:29.034097,B-input-√d-
exp_feeding_strategies,MNIST,50000,50000,14000,784,10,B_in_sqrt_m50_L2,arc_cosine,2,50,1000,,0.9689,5873.04,2026-06-14T12:58:20.694153,B-input-√d-
exp_feeding_strategies,MNIST,50000,50000,14000,784,10,B_in_sqrt_m50_L2,arc_cosine,2,50,1000,,0.9696,6204.94,2026-06-14T14:42:54.858018,B-input-√d-
exp_feeding_strategies,MNIST,50000,50000,14000,784,10,B_in_dm_m1_L1,arc_cosine,1,1,1000,,0.9457,20.3,2026-06-14T14:43:17.731241,B-input-d/m
exp_feeding_strategies,MNIST,50000,50000,14000,784,10,B_in_dm_m1_L1,arc_cosine,1,1,1000,,0.9486,20.82,2026-06-14T14:43:40.959220,B-input-d/m
exp_feeding_strategies,MNIST,50000,50000,14000,784,10,B_in_dm_m1_L1,arc_cosine,1,1,1000,,0.9518,20.44,2026-06-14T14:44:04.116440,B-input-d/m
exp_feeding_strategies,MNIST,50000,50000,14000,784,10,B_in_dm_m1_L2,arc_cosine,2,1,1000,,0.9499,34.67,2026-06-14T14:44:41.928888,B-input-d/m
exp_feeding_strategies,MNIST,50000,50000,14000,784,10,B_in_dm_m1_L2,arc_cosine,2,1,1000,,0.9531,35.0,2026-06-14T14:45:20.067636,B-input-d/m
exp_feeding_strategies,MNIST,50000,50000,14000,784,10,B_in_dm_m1_L2,arc_cosine,2,1,1000,,0.953,33.19,2026-06-14T14:45:56.189311,B-input-d/m
exp_feeding_strategies,MNIST,50000,50000,14000,784,10,B_in_dm_m10_L1,arc_cosine,1,10,1000,,0.9678,317.42,2026-06-14T14:51:20.612920,B-input-d/m
exp_feeding_strategies,MNIST,50000,50000,14000,784,10,B_in_dm_m10_L1,arc_cosine,1,10,1000,,0.9713,310.9,2026-06-14T14:56:38.734858,B-input-d/m
exp_feeding_strategies,MNIST,50000,50000,14000,784,10,B_in_dm_m10_L1,arc_cosine,1,10,1000,,0.9697,309.14,2026-06-14T15:01:55.630058,B-input-d/m
exp_feeding_strategies,MNIST,50000,50000,14000,784,10,B_in_dm_m10_L2,arc_cosine,2,10,1000,,0.9698,644.01,2026-06-14T15:12:54.899137,B-input-d/m
exp_feeding_strategies,MNIST,50000,50000,14000,784,10,B_in_dm_m10_L2,arc_cosine,2,10,1000,,0.9715,692.82,2026-06-14T15:24:43.970737,B-input-d/m
exp_feeding_strategies,MNIST,50000,50000,14000,784,10,B_in_dm_m10_L2,arc_cosine,2,10,1000,,0.9715,628.58,2026-06-14T15:35:29.797157,B-input-d/m
exp_feeding_strategies,MNIST,50000,50000,14000,784,10,B_in_dm_m50_L1,arc_cosine,1,50,1000,,0.9568,6389.86,2026-06-14T17:22:40.559052,B-input-d/m
exp_feeding_strategies,Digits8x8,500,500,500,64,10,C_splitdata_fullcols_m1_L1,arc_cosine,1,1,1000,,0.976,0.1,2026-06-14T19:04:45.333965,C — split/full-cols
exp_feeding_strategies,Digits8x8,500,500,500,64,10,C_splitdata_fullcols_m1_L1,arc_cosine,1,1,1000,,0.96,0.09,2026-06-14T19:04:45.437312,C — split/full-cols
exp_feeding_strategies,Digits8x8,500,500,500,64,10,C_splitdata_fullcols_m1_L1,arc_cosine,1,1,1000,,0.968,0.09,2026-06-14T19:04:45.550342,C — split/full-cols
exp_feeding_strategies,Digits8x8,500,500,500,64,10,C_splitdata_fullcols_m1_L2,arc_cosine,2,1,1000,,0.976,0.15,2026-06-14T19:04:45.723975,C — split/full-cols
exp_feeding_strategies,Digits8x8,500,500,500,64,10,C_splitdata_fullcols_m1_L2,arc_cosine,2,1,1000,,0.964,0.16,2026-06-14T19:04:45.915531,C — split/full-cols
exp_feeding_strategies,Digits8x8,500,500,500,64,10,C_splitdata_fullcols_m1_L2,arc_cosine,2,1,1000,,0.966,0.17,2026-06-14T19:04:46.111463,C — split/full-cols
exp_feeding_strategies,Digits8x8,500,500,500,64,10,B_in_sqrt_m1_L1,arc_cosine,1,1,1000,,0.598,1.28,2026-06-14T19:04:47.406934,B-input-√d-
exp_feeding_strategies,Digits8x8,500,500,500,64,10,B_in_sqrt_m1_L1,arc_cosine,1,1,1000,,0.706,0.75,2026-06-14T19:04:48.170759,B-input-√d-
exp_feeding_strategies,Digits8x8,500,500,500,64,10,B_in_sqrt_m1_L1,arc_cosine,1,1,1000,,0.514,1.23,2026-06-14T19:04:49.413945,B-input-√d-
exp_feeding_strategies,Digits8x8,500,500,500,64,10,B_in_sqrt_m1_L2,arc_cosine,2,1,1000,,0.42,2.85,2026-06-14T19:04:52.280588,B-input-√d-
exp_feeding_strategies,Digits8x8,500,500,500,64,10,B_in_sqrt_m1_L2,arc_cosine,2,1,1000,,0.508,2.0,2026-06-14T19:04:54.297799,B-input-√d-
exp_feeding_strategies,Digits8x8,500,500,500,64,10,B_in_sqrt_m1_L2,arc_cosine,2,1,1000,,0.45,2.84,2026-06-14T19:04:57.160845,B-input-√d-
exp_feeding_strategies,Digits8x8,500,500,500,64,10,B_in_sqrt_m10_L1,arc_cosine,1,10,1000,,0.916,11.57,2026-06-14T19:05:08.765754,B-input-√d-
exp_feeding_strategies,Digits8x8,500,500,500,64,10,B_in_sqrt_m10_L1,arc_cosine,1,10,1000,,0.926,11.81,2026-06-14T19:05:20.608248,B-input-√d-
exp_feeding_strategies,Digits8x8,500,500,500,64,10,B_in_sqrt_m10_L1,arc_cosine,1,10,1000,,0.936,10.38,2026-06-14T19:05:31.015702,B-input-√d-
exp_feeding_strategies,Digits8x8,500,500,500,64,10,B_in_sqrt_m10_L2,arc_cosine,2,10,1000,,0.938,14.49,2026-06-14T19:05:45.585686,B-input-√d-
exp_feeding_strategies,Digits8x8,500,500,500,64,10,B_in_sqrt_m10_L2,arc_cosine,2,10,1000,,0.91,14.84,2026-06-14T19:06:00.478432,B-input-√d-
exp_feeding_strategies,Digits8x8,500,500,500,64,10,B_in_sqrt_m10_L2,arc_cosine,2,10,1000,,0.938,13.27,2026-06-14T19:06:13.809759,B-input-√d-
exp_feeding_strategies,Digits8x8,500,500,500,64,10,B_in_sqrt_m50_L1,arc_cosine,1,50,1000,,0.966,56.07,2026-06-14T19:07:10.062761,B-input-√d-
exp_feeding_strategies,Digits8x8,500,500,500,64,10,B_in_sqrt_m50_L1,arc_cosine,1,50,1000,,0.96,54.87,2026-06-14T19:08:05.240066,B-input-√d-
exp_feeding_strategies,Digits8x8,500,500,500,64,10,B_in_sqrt_m50_L1,arc_cosine,1,50,1000,,0.964,52.62,2026-06-14T19:08:58.499511,B-input-√d-
exp_feeding_strategies,Digits8x8,500,500,500,64,10,B_in_sqrt_m50_L2,arc_cosine,2,50,1000,,0.98,62.78,2026-06-14T19:10:01.869968,B-input-√d-
exp_feeding_strategies,Digits8x8,500,500,500,64,10,B_in_sqrt_m50_L2,arc_cosine,2,50,1000,,0.964,59.4,2026-06-14T19:11:01.560000,B-input-√d-
exp_feeding_strategies,Digits8x8,500,500,500,64,10,B_in_sqrt_m50_L2,arc_cosine,2,50,1000,,0.972,57.89,2026-06-14T19:11:59.741804,B-input-√d-
exp_feeding_strategies,Digits8x8,500,500,500,64,10,B_in_dm_m1_L1,arc_cosine,1,1,1000,,0.97,0.1,2026-06-14T19:11:59.860519,B-input-d/m
exp_feeding_strategies,Digits8x8,500,500,500,64,10,B_in_dm_m1_L1,arc_cosine,1,1,1000,,0.966,0.09,2026-06-14T19:11:59.957906,B-input-d/m
exp_feeding_strategies,Digits8x8,500,500,500,64,10,B_in_dm_m1_L1,arc_cosine,1,1,1000,,0.968,0.09,2026-06-14T19:12:00.050686,B-input-d/m
exp_feeding_strategies,Digits8x8,500,500,500,64,10,B_in_dm_m1_L2,arc_cosine,2,1,1000,,0.968,0.18,2026-06-14T19:12:00.236292,B-input-d/m
exp_feeding_strategies,Digits8x8,500,500,500,64,10,B_in_dm_m1_L2,arc_cosine,2,1,1000,,0.968,0.15,2026-06-14T19:12:00.396428,B-input-d/m
exp_feeding_strategies,Digits8x8,500,500,500,64,10,B_in_dm_m1_L2,arc_cosine,2,1,1000,,0.968,0.15,2026-06-14T19:12:00.557479,B-input-d/m
exp_feeding_strategies,Digits8x8,500,500,500,64,10,B_in_dm_m10_L1,arc_cosine,1,10,1000,,0.954,15.05,2026-06-14T19:12:15.670294,B-input-d/m
exp_feeding_strategies,Digits8x8,500,500,500,64,10,B_in_dm_m10_L1,arc_cosine,1,10,1000,,0.938,14.04,2026-06-14T19:12:29.765792,B-input-d/m
exp_feeding_strategies,Digits8x8,500,500,500,64,10,B_in_dm_m10_L1,arc_cosine,1,10,1000,,0.93,13.78,2026-06-14T19:12:43.602456,B-input-d/m
exp_feeding_strategies,Digits8x8,500,500,500,64,10,B_in_dm_m10_L2,arc_cosine,2,10,1000,,0.954,17.64,2026-06-14T19:13:01.352986,B-input-d/m
exp_feeding_strategies,Digits8x8,500,500,500,64,10,B_in_dm_m10_L2,arc_cosine,2,10,1000,,0.95,16.92,2026-06-14T19:13:18.396763,B-input-d/m
exp_feeding_strategies,Digits8x8,500,500,500,64,10,B_in_dm_m10_L2,arc_cosine,2,10,1000,,0.966,17.08,2026-06-14T19:13:35.595074,B-input-d/m
exp_feeding_strategies,Digits8x8,500,500,500,64,10,B_in_dm_m50_L1,arc_cosine,1,50,1000,,0.92,94.62,2026-06-14T19:15:10.630396,B-input-d/m
exp_feeding_strategies,Digits8x8,500,500,500,64,10,B_in_dm_m50_L1,arc_cosine,1,50,1000,,0.906,143.13,2026-06-14T19:17:34.003542,B-input-d/m
exp_feeding_strategies,Digits8x8,500,500,500,64,10,B_in_dm_m50_L1,arc_cosine,1,50,1000,,0.916,133.0,2026-06-14T19:19:47.276164,B-input-d/m
exp_feeding_strategies,Digits8x8,500,500,500,64,10,B_in_dm_m50_L2,arc_cosine,2,50,1000,,0.964,200.88,2026-06-14T19:23:08.546071,B-input-d/m
exp_feeding_strategies,Digits8x8,500,500,500,64,10,B_in_dm_m50_L2,arc_cosine,2,50,1000,,0.96,208.77,2026-06-14T19:26:37.726494,B-input-d/m
exp_feeding_strategies,Digits8x8,500,500,500,64,10,B_in_dm_m50_L2,arc_cosine,2,50,1000,,0.964,199.08,2026-06-14T19:29:57.209002,B-input-d/m
exp_feeding_strategies,Digits8x8,500,500,500,64,10,D_sqrt_fullP_m1_L1,arc_cosine,1,1,1000,,0.594,1.78,2026-06-14T19:29:59.005122,D_sqrt_fullP
exp_feeding_strategies,Digits8x8,500,500,500,64,10,D_sqrt_fullP_m1_L1,arc_cosine,1,1,1000,,0.71,1.04,2026-06-14T19:30:00.055285,D_sqrt_fullP
exp_feeding_strategies,Digits8x8,500,500,500,64,10,D_sqrt_fullP_m1_L1,arc_cosine,1,1,1000,,0.534,1.74,2026-06-14T19:30:01.823218,D_sqrt_fullP
exp_feeding_strategies,Digits8x8,500,500,500,64,10,D_sqrt_fullP_m1_L2,arc_cosine,2,1,1000,,0.424,3.94,2026-06-14T19:30:05.775393,D_sqrt_fullP
exp_feeding_strategies,Digits8x8,500,500,500,64,10,D_sqrt_fullP_m1_L2,arc_cosine,2,1,1000,,0.458,3.21,2026-06-14T19:30:08.999782,D_sqrt_fullP
exp_feeding_strategies,Digits8x8,500,500,500,64,10,D_sqrt_fullP_m1_L2,arc_cosine,2,1,1000,,0.432,4.17,2026-06-14T19:30:13.179364,D_sqrt_fullP
exp_feeding_strategies,Digits8x8,500,500,500,64,10,D_dm_fullP_m1_L1,arc_cosine,1,1,1000,,0.968,0.1,2026-06-14T19:30:13.293664,D_dm_fullP
exp_feeding_strategies,Digits8x8,500,500,500,64,10,D_dm_fullP_m1_L1,arc_cosine,1,1,1000,,0.974,0.11,2026-06-14T19:30:13.416492,D_dm_fullP
exp_feeding_strategies,Digits8x8,500,500,500,64,10,D_dm_fullP_m1_L1,arc_cosine,1,1,1000,,0.976,0.1,2026-06-14T19:30:13.523730,D_dm_fullP
exp_feeding_strategies,Digits8x8,500,500,500,64,10,D_dm_fullP_m1_L2,arc_cosine,2,1,1000,,0.97,0.18,2026-06-14T19:30:13.712630,D_dm_fullP
exp_feeding_strategies,Digits8x8,500,500,500,64,10,D_dm_fullP_m1_L2,arc_cosine,2,1,1000,,0.97,0.2,2026-06-14T19:30:13.923031,D_dm_fullP
exp_feeding_strategies,Digits8x8,500,500,500,64,10,D_dm_fullP_m1_L2,arc_cosine,2,1,1000,,0.974,0.17,2026-06-14T19:30:14.111849,D_dm_fullP
exp_feeding_strategies,Digits8x8,1000,1000,500,64,10,C_splitdata_fullcols_m1_L1,arc_cosine,1,1,1000,,0.986,0.25,2026-06-14T19:30:14.390965,C — split/full-cols
exp_feeding_strategies,Digits8x8,1000,1000,500,64,10,C_splitdata_fullcols_m1_L1,arc_cosine,1,1,1000,,0.974,0.23,2026-06-14T19:30:14.643450,C — split/full-cols
exp_feeding_strategies,Digits8x8,1000,1000,500,64,10,C_splitdata_fullcols_m1_L1,arc_cosine,1,1,1000,,0.978,0.27,2026-06-14T19:30:14.927899,C — split/full-cols
exp_feeding_strategies,Digits8x8,1000,1000,500,64,10,C_splitdata_fullcols_m1_L2,arc_cosine,2,1,1000,,0.986,0.41,2026-06-14T19:30:15.373605,C — split/full-cols
exp_feeding_strategies,Digits8x8,1000,1000,500,64,10,C_splitdata_fullcols_m1_L2,arc_cosine,2,1,1000,,0.974,0.47,2026-06-14T19:30:15.885806,C — split/full-cols
exp_feeding_strategies,Digits8x8,1000,1000,500,64,10,C_splitdata_fullcols_m1_L2,arc_cosine,2,1,1000,,0.976,0.48,2026-06-14T19:30:16.387013,C — split/full-cols
exp_feeding_strategies,Digits8x8,1000,1000,500,64,10,B_in_sqrt_m1_L1,arc_cosine,1,1,1000,,0.596,1.23,2026-06-14T19:30:17.651322,B-input-√d-
exp_feeding_strategies,Digits8x8,1000,1000,500,64,10,B_in_sqrt_m1_L1,arc_cosine,1,1,1000,,0.748,0.86,2026-06-14T19:30:18.541065,B-input-√d-
exp_feeding_strategies,Digits8x8,1000,1000,500,64,10,B_in_sqrt_m1_L1,arc_cosine,1,1,1000,,0.544,1.12,2026-06-14T19:30:19.672397,B-input-√d-
exp_feeding_strategies,Digits8x8,1000,1000,500,64,10,B_in_sqrt_m1_L2,arc_cosine,2,1,1000,,0.456,1.7,2026-06-14T19:30:21.395616,B-input-√d-
exp_feeding_strategies,Digits8x8,1000,1000,500,64,10,B_in_sqrt_m1_L2,arc_cosine,2,1,1000,,0.554,1.39,2026-06-14T19:30:22.806711,B-input-√d-
exp_feeding_strategies,Digits8x8,1000,1000,500,64,10,B_in_sqrt_m1_L2,arc_cosine,2,1,1000,,0.45,1.78,2026-06-14T19:30:24.608557,B-input-√d-
exp_feeding_strategies,Digits8x8,1000,1000,500,64,10,B_in_sqrt_m10_L1,arc_cosine,1,10,1000,,0.936,10.58,2026-06-14T19:30:35.272621,B-input-√d-
exp_feeding_strategies,Digits8x8,1000,1000,500,64,10,B_in_sqrt_m10_L1,arc_cosine,1,10,1000,,0.932,9.72,2026-06-14T19:30:45.076695,B-input-√d-
exp_feeding_strategies,Digits8x8,1000,1000,500,64,10,B_in_sqrt_m10_L1,arc_cosine,1,10,1000,,0.958,9.46,2026-06-14T19:30:54.613001,B-input-√d-
exp_feeding_strategies,Digits8x8,1000,1000,500,64,10,B_in_sqrt_m10_L2,arc_cosine,2,10,1000,,0.942,14.72,2026-06-14T19:31:09.473046,B-input-√d-
exp_feeding_strategies,Digits8x8,1000,1000,500,64,10,B_in_sqrt_m10_L2,arc_cosine,2,10,1000,,0.94,14.49,2026-06-14T19:31:24.096255,B-input-√d-
exp_feeding_strategies,Digits8x8,1000,1000,500,64,10,B_in_sqrt_m10_L2,arc_cosine,2,10,1000,,0.952,14.23,2026-06-14T19:31:38.465957,B-input-√d-
exp_feeding_strategies,Digits8x8,1000,1000,500,64,10,B_in_sqrt_m50_L1,arc_cosine,1,50,1000,,0.972,47.81,2026-06-14T19:32:26.709487,B-input-√d-
exp_feeding_strategies,Digits8x8,1000,1000,500,64,10,B_in_sqrt_m50_L1,arc_cosine,1,50,1000,,0.978,34.49,2026-06-14T19:33:01.473848,B-input-√d-
exp_feeding_strategies,Digits8x8,1000,1000,500,64,10,B_in_sqrt_m50_L1,arc_cosine,1,50,1000,,0.97,33.39,2026-06-14T19:33:35.131219,B-input-√d-
exp_feeding_strategies,Digits8x8,1000,1000,500,64,10,B_in_sqrt_m50_L2,arc_cosine,2,50,1000,,0.978,45.77,2026-06-14T19:34:21.498225,B-input-√d-
exp_feeding_strategies,Digits8x8,1000,1000,500,64,10,B_in_sqrt_m50_L2,arc_cosine,2,50,1000,,0.98,43.82,2026-06-14T19:35:05.934869,B-input-√d-
exp_feeding_strategies,Digits8x8,1000,1000,500,64,10,B_in_sqrt_m50_L2,arc_cosine,2,50,1000,,0.984,43.79,2026-06-14T19:35:50.307354,B-input-√d-
exp_feeding_strategies,Digits8x8,1000,1000,500,64,10,B_in_dm_m1_L1,arc_cosine,1,1,1000,,0.984,0.2,2026-06-14T19:35:50.516628,B-input-d/m
exp_feeding_strategies,Digits8x8,1000,1000,500,64,10,B_in_dm_m1_L1,arc_cosine,1,1,1000,,0.972,0.18,2026-06-14T19:35:50.712033,B-input-d/m
exp_feeding_strategies,Digits8x8,1000,1000,500,64,10,B_in_dm_m1_L1,arc_cosine,1,1,1000,,0.976,0.19,2026-06-14T19:35:50.908274,B-input-d/m
exp_feeding_strategies,Digits8x8,1000,1000,500,64,10,B_in_dm_m1_L2,arc_cosine,2,1,1000,,0.98,0.32,2026-06-14T19:35:51.243011,B-input-d/m
exp_feeding_strategies,Digits8x8,1000,1000,500,64,10,B_in_dm_m1_L2,arc_cosine,2,1,1000,,0.976,0.32,2026-06-14T19:35:51.580848,B-input-d/m
exp_feeding_strategies,Digits8x8,1000,1000,500,64,10,B_in_dm_m1_L2,arc_cosine,2,1,1000,,0.976,0.32,2026-06-14T19:35:51.914602,B-input-d/m
exp_feeding_strategies,Digits8x8,1000,1000,500,64,10,B_in_dm_m10_L1,arc_cosine,1,10,1000,,0.956,7.63,2026-06-14T19:35:59.599866,B-input-d/m
exp_feeding_strategies,Digits8x8,1000,1000,500,64,10,B_in_dm_m10_L1,arc_cosine,1,10,1000,,0.958,7.36,2026-06-14T19:36:07.015760,B-input-d/m
exp_feeding_strategies,Digits8x8,1000,1000,500,64,10,B_in_dm_m10_L1,arc_cosine,1,10,1000,,0.958,6.96,2026-06-14T19:36:14.035544,B-input-d/m
exp_feeding_strategies,Digits8x8,1000,1000,500,64,10,B_in_dm_m10_L2,arc_cosine,2,10,1000,,0.954,11.3,2026-06-14T19:36:25.447259,B-input-d/m
exp_feeding_strategies,Digits8x8,1000,1000,500,64,10,B_in_dm_m10_L2,arc_cosine,2,10,1000,,0.968,10.68,2026-06-14T19:36:36.239384,B-input-d/m
exp_feeding_strategies,Digits8x8,1000,1000,500,64,10,B_in_dm_m10_L2,arc_cosine,2,10,1000,,0.964,10.76,2026-06-14T19:36:47.235779,B-input-d/m
exp_feeding_strategies,Digits8x8,1000,1000,500,64,10,B_in_dm_m50_L1,arc_cosine,1,50,1000,,0.938,8.78,2026-06-14T19:36:56.339902,B-input-d/m
exp_feeding_strategies,Digits8x8,1000,1000,500,64,10,B_in_dm_m50_L1,arc_cosine,1,50,1000,,0.932,8.94,2026-06-14T19:37:05.616163,B-input-d/m
exp_feeding_strategies,Digits8x8,1000,1000,500,64,10,B_in_dm_m50_L1,arc_cosine,1,50,1000,,0.938,9.54,2026-06-14T19:37:15.490570,B-input-d/m
exp_feeding_strategies,Digits8x8,1000,1000,500,64,10,B_in_dm_m50_L2,arc_cosine,2,50,1000,,0.974,46.89,2026-06-14T19:38:03.036326,B-input-d/m
exp_feeding_strategies,Digits8x8,1000,1000,500,64,10,B_in_dm_m50_L2,arc_cosine,2,50,1000,,0.98,42.6,2026-06-14T19:38:46.267198,B-input-d/m
exp_feeding_strategies,Digits8x8,1000,1000,500,64,10,B_in_dm_m50_L2,arc_cosine,2,50,1000,,0.968,47.94,2026-06-14T19:39:34.844800,B-input-d/m
exp_feeding_strategies,Digits8x8,1000,1000,500,64,10,D_sqrt_fullP_m1_L1,arc_cosine,1,1,1000,,0.606,0.75,2026-06-14T19:39:35.628099,D_sqrt_fullP
exp_feeding_strategies,Digits8x8,1000,1000,500,64,10,D_sqrt_fullP_m1_L1,arc_cosine,1,1,1000,,0.752,0.64,2026-06-14T19:39:36.274328,D_sqrt_fullP
exp_feeding_strategies,Digits8x8,1000,1000,500,64,10,D_sqrt_fullP_m1_L1,arc_cosine,1,1,1000,,0.554,1.0,2026-06-14T19:39:37.286261,D_sqrt_fullP
exp_feeding_strategies,Digits8x8,1000,1000,500,64,10,D_sqrt_fullP_m1_L2,arc_cosine,2,1,1000,,0.476,1.22,2026-06-14T19:39:38.522315,D_sqrt_fullP
exp_feeding_strategies,Digits8x8,1000,1000,500,64,10,D_sqrt_fullP_m1_L2,arc_cosine,2,1,1000,,0.482,1.1,2026-06-14T19:39:39.638823,D_sqrt_fullP
exp_feeding_strategies,Digits8x8,1000,1000,500,64,10,D_sqrt_fullP_m1_L2,arc_cosine,2,1,1000,,0.416,1.51,2026-06-14T19:39:41.165831,D_sqrt_fullP
exp_feeding_strategies,Digits8x8,1000,1000,500,64,10,D_dm_fullP_m1_L1,arc_cosine,1,1,1000,,0.974,0.19,2026-06-14T19:39:41.364890,D_dm_fullP
exp_feeding_strategies,Digits8x8,1000,1000,500,64,10,D_dm_fullP_m1_L1,arc_cosine,1,1,1000,,0.98,0.18,2026-06-14T19:39:41.556772,D_dm_fullP
exp_feeding_strategies,Digits8x8,1000,1000,500,64,10,D_dm_fullP_m1_L1,arc_cosine,1,1,1000,,0.97,0.19,2026-06-14T19:39:41.754490,D_dm_fullP
exp_feeding_strategies,Digits8x8,1000,1000,500,64,10,D_dm_fullP_m1_L2,arc_cosine,2,1,1000,,0.978,0.33,2026-06-14T19:39:42.098334,D_dm_fullP
exp_feeding_strategies,Digits8x8,1000,1000,500,64,10,D_dm_fullP_m1_L2,arc_cosine,2,1,1000,,0.98,0.31,2026-06-14T19:39:42.441106,D_dm_fullP
exp_feeding_strategies,Digits8x8,1000,1000,500,64,10,D_dm_fullP_m1_L2,arc_cosine,2,1,1000,,0.972,0.33,2026-06-14T19:39:42.788966,D_dm_fullP
exp_feeding_strategies,Digits8x8,1297,1297,500,64,10,C_splitdata_fullcols_m1_L1,arc_cosine,1,1,1000,,0.974,0.25,2026-06-14T19:39:43.051363,C — split/full-cols
exp_feeding_strategies,Digits8x8,1297,1297,500,64,10,C_splitdata_fullcols_m1_L1,arc_cosine,1,1,1000,,0.984,0.24,2026-06-14T19:39:43.305220,C — split/full-cols
exp_feeding_strategies,Digits8x8,1297,1297,500,64,10,C_splitdata_fullcols_m1_L1,arc_cosine,1,1,1000,,0.976,0.24,2026-06-14T19:39:43.558573,C — split/full-cols
exp_feeding_strategies,Digits8x8,1297,1297,500,64,10,C_splitdata_fullcols_m1_L2,arc_cosine,2,1,1000,,0.974,0.41,2026-06-14T19:39:43.986786,C — split/full-cols
exp_feeding_strategies,Digits8x8,1297,1297,500,64,10,C_splitdata_fullcols_m1_L2,arc_cosine,2,1,1000,,0.986,0.42,2026-06-14T19:39:44.421602,C — split/full-cols
exp_feeding_strategies,Digits8x8,1297,1297,500,64,10,C_splitdata_fullcols_m1_L2,arc_cosine,2,1,1000,,0.98,0.41,2026-06-14T19:39:44.851167,C — split/full-cols
exp_feeding_strategies,Digits8x8,1297,1297,500,64,10,B_in_sqrt_m1_L1,arc_cosine,1,1,1000,,0.622,1.14,2026-06-14T19:39:46.003698,B-input-√d-
exp_feeding_strategies,Digits8x8,1297,1297,500,64,10,B_in_sqrt_m1_L1,arc_cosine,1,1,1000,,0.742,0.69,2026-06-14T19:39:46.706500,B-input-√d-
exp_feeding_strategies,Digits8x8,1297,1297,500,64,10,B_in_sqrt_m1_L1,arc_cosine,1,1,1000,,0.558,1.27,2026-06-14T19:39:47.992239,B-input-√d-
exp_feeding_strategies,Digits8x8,1297,1297,500,64,10,B_in_sqrt_m1_L2,arc_cosine,2,1,1000,,0.488,1.84,2026-06-14T19:39:49.847302,B-input-√d-
exp_feeding_strategies,Digits8x8,1297,1297,500,64,10,B_in_sqrt_m1_L2,arc_cosine,2,1,1000,,0.462,1.41,2026-06-14T19:39:51.279015,B-input-√d-
exp_feeding_strategies,Digits8x8,1297,1297,500,64,10,B_in_sqrt_m1_L2,arc_cosine,2,1,1000,,0.43,2.01,2026-06-14T19:39:53.307285,B-input-√d-
exp_feeding_strategies,Digits8x8,1297,1297,500,64,10,B_in_sqrt_m10_L1,arc_cosine,1,10,1000,,0.932,9.71,2026-06-14T19:40:03.091416,B-input-√d-
exp_feeding_strategies,Digits8x8,1297,1297,500,64,10,B_in_sqrt_m10_L1,arc_cosine,1,10,1000,,0.942,9.51,2026-06-14T19:40:12.680752,B-input-√d-
exp_feeding_strategies,Digits8x8,1297,1297,500,64,10,B_in_sqrt_m10_L1,arc_cosine,1,10,1000,,0.962,9.61,2026-06-14T19:40:22.364027,B-input-√d-
exp_feeding_strategies,Digits8x8,1297,1297,500,64,10,B_in_sqrt_m10_L2,arc_cosine,2,10,1000,,0.94,14.34,2026-06-14T19:40:36.849859,B-input-√d-
exp_feeding_strategies,Digits8x8,1297,1297,500,64,10,B_in_sqrt_m10_L2,arc_cosine,2,10,1000,,0.928,14.28,2026-06-14T19:40:51.272780,B-input-√d-
exp_feeding_strategies,Digits8x8,1297,1297,500,64,10,B_in_sqrt_m10_L2,arc_cosine,2,10,1000,,0.952,13.84,2026-06-14T19:41:05.250627,B-input-√d-
exp_feeding_strategies,Digits8x8,1297,1297,500,64,10,B_in_sqrt_m50_L1,arc_cosine,1,50,1000,,0.97,51.7,2026-06-14T19:41:57.310495,B-input-√d-
exp_feeding_strategies,Digits8x8,1297,1297,500,64,10,B_in_sqrt_m50_L1,arc_cosine,1,50,1000,,0.972,52.16,2026-06-14T19:42:49.876942,B-input-√d-
exp_feeding_strategies,Digits8x8,1297,1297,500,64,10,B_in_sqrt_m50_L1,arc_cosine,1,50,1000,,0.99,50.7,2026-06-14T19:43:40.942320,B-input-√d-
exp_feeding_strategies,Digits8x8,1297,1297,500,64,10,B_in_sqrt_m50_L2,arc_cosine,2,50,1000,,0.978,63.0,2026-06-14T19:44:44.688263,B-input-√d-
exp_feeding_strategies,Digits8x8,1297,1297,500,64,10,B_in_sqrt_m50_L2,arc_cosine,2,50,1000,,0.982,71.25,2026-06-14T19:45:56.720642,B-input-√d-
exp_feeding_strategies,Digits8x8,1297,1297,500,64,10,B_in_sqrt_m50_L2,arc_cosine,2,50,1000,,0.986,69.1,2026-06-14T19:47:06.702871,B-input-√d-
exp_feeding_strategies,Digits8x8,1297,1297,500,64,10,B_in_dm_m1_L1,arc_cosine,1,1,1000,,0.97,0.31,2026-06-14T19:47:07.032068,B-input-d/m
exp_feeding_strategies,Digits8x8,1297,1297,500,64,10,B_in_dm_m1_L1,arc_cosine,1,1,1000,,0.968,0.27,2026-06-14T19:47:07.322696,B-input-d/m
exp_feeding_strategies,Digits8x8,1297,1297,500,64,10,B_in_dm_m1_L1,arc_cosine,1,1,1000,,0.976,0.31,2026-06-14T19:47:07.644741,B-input-d/m
exp_feeding_strategies,Digits8x8,1297,1297,500,64,10,B_in_dm_m1_L2,arc_cosine,2,1,1000,,0.976,0.51,2026-06-14T19:47:08.187983,B-input-d/m
exp_feeding_strategies,Digits8x8,1297,1297,500,64,10,B_in_dm_m1_L2,arc_cosine,2,1,1000,,0.968,0.53,2026-06-14T19:47:08.741881,B-input-d/m
exp_feeding_strategies,Digits8x8,1297,1297,500,64,10,B_in_dm_m1_L2,arc_cosine,2,1,1000,,0.982,0.49,2026-06-14T19:47:09.252348,B-input-d/m
exp_feeding_strategies,Digits8x8,1297,1297,500,64,10,B_in_dm_m10_L1,arc_cosine,1,10,1000,,0.948,11.89,2026-06-14T19:47:21.230621,B-input-d/m
exp_feeding_strategies,Digits8x8,1297,1297,500,64,10,B_in_dm_m10_L1,arc_cosine,1,10,1000,,0.948,11.86,2026-06-14T19:47:33.178146,B-input-d/m
exp_feeding_strategies,Digits8x8,1297,1297,500,64,10,B_in_dm_m10_L1,arc_cosine,1,10,1000,,0.964,11.23,2026-06-14T19:47:44.476381,B-input-d/m
exp_feeding_strategies,Digits8x8,1297,1297,500,64,10,B_in_dm_m10_L2,arc_cosine,2,10,1000,,0.946,16.41,2026-06-14T19:48:01.035753,B-input-d/m
exp_feeding_strategies,Digits8x8,1297,1297,500,64,10,B_in_dm_m10_L2,arc_cosine,2,10,1000,,0.956,15.67,2026-06-14T19:48:16.877918,B-input-d/m
exp_feeding_strategies,Digits8x8,1297,1297,500,64,10,B_in_dm_m10_L2,arc_cosine,2,10,1000,,0.976,17.53,2026-06-14T19:48:34.618458,B-input-d/m
exp_feeding_strategies,Digits8x8,1297,1297,500,64,10,B_in_dm_m50_L1,arc_cosine,1,50,1000,,0.936,14.51,2026-06-14T19:48:49.653890,B-input-d/m
exp_feeding_strategies,Digits8x8,1297,1297,500,64,10,B_in_dm_m50_L1,arc_cosine,1,50,1000,,0.936,13.14,2026-06-14T19:49:03.341693,B-input-d/m
exp_feeding_strategies,Digits8x8,1297,1297,500,64,10,B_in_dm_m50_L1,arc_cosine,1,50,1000,,0.946,13.48,2026-06-14T19:49:17.828957,B-input-d/m
exp_feeding_strategies,Digits8x8,1297,1297,500,64,10,B_in_dm_m50_L2,arc_cosine,2,50,1000,,0.964,170.03,2026-06-14T19:52:09.154352,B-input-d/m
exp_feeding_strategies,Digits8x8,1297,1297,500,64,10,B_in_dm_m50_L2,arc_cosine,2,50,1000,,0.978,143.64,2026-06-14T19:54:34.084904,B-input-d/m
exp_feeding_strategies,Digits8x8,1297,1297,500,64,10,B_in_dm_m50_L2,arc_cosine,2,50,1000,,0.98,168.54,2026-06-14T19:57:23.889410,B-input-d/m
exp_feeding_strategies,Digits8x8,1297,1297,500,64,10,D_sqrt_fullP_m1_L1,arc_cosine,1,1,1000,,0.632,2.97,2026-06-14T19:57:26.888432,D_sqrt_fullP
exp_feeding_strategies,Digits8x8,1297,1297,500,64,10,D_sqrt_fullP_m1_L1,arc_cosine,1,1,1000,,0.742,2.1,2026-06-14T19:57:29.013949,D_sqrt_fullP
exp_feeding_strategies,Digits8x8,1297,1297,500,64,10,D_sqrt_fullP_m1_L1,arc_cosine,1,1,1000,,0.55,3.48,2026-06-14T19:57:32.512103,D_sqrt_fullP
exp_feeding_strategies,Digits8x8,1297,1297,500,64,10,D_sqrt_fullP_m1_L2,arc_cosine,2,1,1000,,0.492,4.18,2026-06-14T19:57:36.724120,D_sqrt_fullP
exp_feeding_strategies,Digits8x8,1297,1297,500,64,10,D_sqrt_fullP_m1_L2,arc_cosine,2,1,1000,,0.492,3.68,2026-06-14T19:57:40.431465,D_sqrt_fullP
exp_feeding_strategies,Digits8x8,1297,1297,500,64,10,D_sqrt_fullP_m1_L2,arc_cosine,2,1,1000,,0.4,5.17,2026-06-14T19:57:45.643398,D_sqrt_fullP
exp_feeding_strategies,Digits8x8,1297,1297,500,64,10,D_dm_fullP_m1_L1,arc_cosine,1,1,1000,,0.976,0.64,2026-06-14T19:57:46.319448,D_dm_fullP
exp_feeding_strategies,Digits8x8,1297,1297,500,64,10,D_dm_fullP_m1_L1,arc_cosine,1,1,1000,,0.976,0.74,2026-06-14T19:57:47.087339,D_dm_fullP
exp_feeding_strategies,Digits8x8,1297,1297,500,64,10,D_dm_fullP_m1_L1,arc_cosine,1,1,1000,,0.984,0.61,2026-06-14T19:57:47.720463,D_dm_fullP
exp_feeding_strategies,Digits8x8,1297,1297,500,64,10,D_dm_fullP_m1_L2,arc_cosine,2,1,1000,,0.978,1.13,2026-06-14T19:57:48.890952,D_dm_fullP
exp_feeding_strategies,Digits8x8,1297,1297,500,64,10,D_dm_fullP_m1_L2,arc_cosine,2,1,1000,,0.98,1.08,2026-06-14T19:57:50.021644,D_dm_fullP
exp_feeding_strategies,Digits8x8,1297,1297,500,64,10,D_dm_fullP_m1_L2,arc_cosine,2,1,1000,,0.984,1.1,2026-06-14T19:57:51.171235,D_dm_fullP
exp_feeding_strategies,Optdigits,500,500,1124,64,10,C_splitdata_fullcols_m1_L1,arc_cosine,1,1,1000,,0.9555,0.08,2026-06-14T20:57:31.956704,C — split/full-cols
exp_feeding_strategies,Optdigits,500,500,1124,64,10,C_splitdata_fullcols_m1_L1,arc_cosine,1,1,1000,,0.9555,0.08,2026-06-14T20:57:32.057423,C — split/full-cols
exp_feeding_strategies,Optdigits,500,500,1124,64,10,C_splitdata_fullcols_m1_L1,arc_cosine,1,1,1000,,0.9431,0.12,2026-06-14T20:57:32.200687,C — split/full-cols
exp_feeding_strategies,Optdigits,500,500,1124,64,10,C_splitdata_fullcols_m1_L2,arc_cosine,2,1,1000,,0.9537,0.15,2026-06-14T20:57:32.375498,C — split/full-cols
exp_feeding_strategies,Optdigits,500,500,1124,64,10,C_splitdata_fullcols_m1_L2,arc_cosine,2,1,1000,,0.9591,0.17,2026-06-14T20:57:32.574686,C — split/full-cols
exp_feeding_strategies,Optdigits,500,500,1124,64,10,C_splitdata_fullcols_m1_L2,arc_cosine,2,1,1000,,0.944,0.15,2026-06-14T20:57:32.766948,C — split/full-cols
exp_feeding_strategies,Optdigits,500,500,1124,64,10,B_in_sqrt_m1_L1,arc_cosine,1,1,1000,,0.5472,1.17,2026-06-14T20:57:33.950806,B-input-√d-
exp_feeding_strategies,Optdigits,500,500,1124,64,10,B_in_sqrt_m1_L1,arc_cosine,1,1,1000,,0.6059,0.83,2026-06-14T20:57:34.797089,B-input-√d-
exp_feeding_strategies,Optdigits,500,500,1124,64,10,B_in_sqrt_m1_L1,arc_cosine,1,1,1000,,0.5187,1.21,2026-06-14T20:57:36.021115,B-input-√d-
exp_feeding_strategies,Optdigits,500,500,1124,64,10,B_in_sqrt_m1_L2,arc_cosine,2,1,1000,,0.4137,2.34,2026-06-14T20:57:38.380003,B-input-√d-
exp_feeding_strategies,Optdigits,500,500,1124,64,10,B_in_sqrt_m1_L2,arc_cosine,2,1,1000,,0.4528,2.34,2026-06-14T20:57:40.739277,B-input-√d-
exp_feeding_strategies,Optdigits,500,500,1124,64,10,B_in_sqrt_m1_L2,arc_cosine,2,1,1000,,0.4342,2.87,2026-06-14T20:57:43.626745,B-input-√d-
exp_feeding_strategies,Optdigits,500,500,1124,64,10,B_in_sqrt_m10_L1,arc_cosine,1,10,1000,,0.903,10.61,2026-06-14T20:57:54.316326,B-input-√d-
exp_feeding_strategies,Optdigits,500,500,1124,64,10,B_in_sqrt_m10_L1,arc_cosine,1,10,1000,,0.9084,11.96,2026-06-14T20:58:06.357280,B-input-√d-
exp_feeding_strategies,Optdigits,500,500,1124,64,10,B_in_sqrt_m10_L1,arc_cosine,1,10,1000,,0.9084,10.23,2026-06-14T20:58:16.670814,B-input-√d-
exp_feeding_strategies,Optdigits,500,500,1124,64,10,B_in_sqrt_m10_L2,arc_cosine,2,10,1000,,0.9217,13.65,2026-06-14T20:58:30.470927,B-input-√d-
exp_feeding_strategies,Optdigits,500,500,1124,64,10,B_in_sqrt_m10_L2,arc_cosine,2,10,1000,,0.8977,15.4,2026-06-14T20:58:45.998737,B-input-√d-
exp_feeding_strategies,Optdigits,500,500,1124,64,10,B_in_sqrt_m10_L2,arc_cosine,2,10,1000,,0.903,12.97,2026-06-14T20:58:59.130467,B-input-√d-
exp_feeding_strategies,Optdigits,500,500,1124,64,10,B_in_sqrt_m50_L1,arc_cosine,1,50,1000,,0.9484,54.51,2026-06-14T20:59:53.962304,B-input-√d-
exp_feeding_strategies,Optdigits,500,500,1124,64,10,B_in_sqrt_m50_L1,arc_cosine,1,50,1000,,0.9528,55.55,2026-06-14T21:00:49.881827,B-input-√d-
exp_feeding_strategies,Optdigits,500,500,1124,64,10,B_in_sqrt_m50_L1,arc_cosine,1,50,1000,,0.9457,54.8,2026-06-14T21:01:45.022288,B-input-√d-
exp_feeding_strategies,Optdigits,500,500,1124,64,10,B_in_sqrt_m50_L2,arc_cosine,2,50,1000,,0.9609,65.21,2026-06-14T21:02:51.405987,B-input-√d-
exp_feeding_strategies,Optdigits,500,500,1124,64,10,B_in_sqrt_m50_L2,arc_cosine,2,50,1000,,0.96,63.57,2026-06-14T21:03:55.741844,B-input-√d-
exp_feeding_strategies,Optdigits,500,500,1124,64,10,B_in_sqrt_m50_L2,arc_cosine,2,50,1000,,0.9475,62.08,2026-06-14T21:04:58.572513,B-input-√d-
exp_feeding_strategies,Optdigits,500,500,1124,64,10,B_in_dm_m1_L1,arc_cosine,1,1,1000,,0.9573,0.12,2026-06-14T21:04:58.720057,B-input-d/m
exp_feeding_strategies,Optdigits,500,500,1124,64,10,B_in_dm_m1_L1,arc_cosine,1,1,1000,,0.9528,0.12,2026-06-14T21:04:58.856979,B-input-d/m
exp_feeding_strategies,Optdigits,500,500,1124,64,10,B_in_dm_m1_L1,arc_cosine,1,1,1000,,0.9466,0.11,2026-06-14T21:04:59.002978,B-input-d/m
exp_feeding_strategies,Optdigits,500,500,1124,64,10,B_in_dm_m1_L2,arc_cosine,2,1,1000,,0.9582,0.19,2026-06-14T21:04:59.219578,B-input-d/m
exp_feeding_strategies,Optdigits,500,500,1124,64,10,B_in_dm_m1_L2,arc_cosine,2,1,1000,,0.9564,0.19,2026-06-14T21:04:59.434321,B-input-d/m
exp_feeding_strategies,Optdigits,500,500,1124,64,10,B_in_dm_m1_L2,arc_cosine,2,1,1000,,0.9493,0.23,2026-06-14T21:04:59.714048,B-input-d/m
exp_feeding_strategies,Optdigits,500,500,1124,64,10,B_in_dm_m10_L1,arc_cosine,1,10,1000,,0.9235,14.83,2026-06-14T21:05:14.622063,B-input-d/m
exp_feeding_strategies,Optdigits,500,500,1124,64,10,B_in_dm_m10_L1,arc_cosine,1,10,1000,,0.9244,14.82,2026-06-14T21:05:29.522559,B-input-d/m
exp_feeding_strategies,Optdigits,500,500,1124,64,10,B_in_dm_m10_L1,arc_cosine,1,10,1000,,0.9137,14.99,2026-06-14T21:05:44.589222,B-input-d/m
exp_feeding_strategies,Optdigits,500,500,1124,64,10,B_in_dm_m10_L2,arc_cosine,2,10,1000,,0.9368,18.19,2026-06-14T21:06:02.908723,B-input-d/m
exp_feeding_strategies,Optdigits,500,500,1124,64,10,B_in_dm_m10_L2,arc_cosine,2,10,1000,,0.9422,18.65,2026-06-14T21:06:21.706871,B-input-d/m
exp_feeding_strategies,Optdigits,500,500,1124,64,10,B_in_dm_m10_L2,arc_cosine,2,10,1000,,0.9244,18.47,2026-06-14T21:06:40.329246,B-input-d/m
exp_feeding_strategies,Optdigits,500,500,1124,64,10,B_in_dm_m50_L1,arc_cosine,1,50,1000,,0.9075,94.86,2026-06-14T21:08:15.643062,B-input-d/m
exp_feeding_strategies,Optdigits,500,500,1124,64,10,B_in_dm_m50_L1,arc_cosine,1,50,1000,,0.887,104.66,2026-06-14T21:10:00.745825,B-input-d/m
exp_feeding_strategies,Optdigits,500,500,1124,64,10,B_in_dm_m50_L1,arc_cosine,1,50,1000,,0.8923,94.54,2026-06-14T21:11:35.726740,B-input-d/m
exp_feeding_strategies,Optdigits,500,500,1124,64,10,B_in_dm_m50_L2,arc_cosine,2,50,1000,,0.9528,144.87,2026-06-14T21:14:01.705867,B-input-d/m
exp_feeding_strategies,Optdigits,500,500,1124,64,10,B_in_dm_m50_L2,arc_cosine,2,50,1000,,0.9359,152.43,2026-06-14T21:16:34.916887,B-input-d/m
exp_feeding_strategies,Optdigits,500,500,1124,64,10,B_in_dm_m50_L2,arc_cosine,2,50,1000,,0.9351,146.07,2026-06-14T21:19:01.946162,B-input-d/m
exp_feeding_strategies,Optdigits,500,500,1124,64,10,D_sqrt_fullP_m1_L1,arc_cosine,1,1,1000,,0.54,1.36,2026-06-14T21:19:03.325958,D_sqrt_fullP
exp_feeding_strategies,Optdigits,500,500,1124,64,10,D_sqrt_fullP_m1_L1,arc_cosine,1,1,1000,,0.6032,0.95,2026-06-14T21:19:04.293046,D_sqrt_fullP
exp_feeding_strategies,Optdigits,500,500,1124,64,10,D_sqrt_fullP_m1_L1,arc_cosine,1,1,1000,,0.5196,1.46,2026-06-14T21:19:05.765210,D_sqrt_fullP
exp_feeding_strategies,Optdigits,500,500,1124,64,10,D_sqrt_fullP_m1_L2,arc_cosine,2,1,1000,,0.4004,2.74,2026-06-14T21:19:08.529593,D_sqrt_fullP
exp_feeding_strategies,Optdigits,500,500,1124,64,10,D_sqrt_fullP_m1_L2,arc_cosine,2,1,1000,,0.4342,2.58,2026-06-14T21:19:11.128252,D_sqrt_fullP
exp_feeding_strategies,Optdigits,500,500,1124,64,10,D_sqrt_fullP_m1_L2,arc_cosine,2,1,1000,,0.4351,2.97,2026-06-14T21:19:14.120526,D_sqrt_fullP
exp_feeding_strategies,Optdigits,500,500,1124,64,10,D_dm_fullP_m1_L1,arc_cosine,1,1,1000,,0.9582,0.11,2026-06-14T21:19:14.248363,D_dm_fullP
exp_feeding_strategies,Optdigits,500,500,1124,64,10,D_dm_fullP_m1_L1,arc_cosine,1,1,1000,,0.952,0.12,2026-06-14T21:19:14.382756,D_dm_fullP
exp_feeding_strategies,Optdigits,500,500,1124,64,10,D_dm_fullP_m1_L1,arc_cosine,1,1,1000,,0.9422,0.1,2026-06-14T21:19:14.501850,D_dm_fullP
exp_feeding_strategies,Optdigits,500,500,1124,64,10,D_dm_fullP_m1_L2,arc_cosine,2,1,1000,,0.9582,0.19,2026-06-14T21:19:14.719806,D_dm_fullP
exp_feeding_strategies,Optdigits,500,500,1124,64,10,D_dm_fullP_m1_L2,arc_cosine,2,1,1000,,0.9511,0.2,2026-06-14T21:19:14.943036,D_dm_fullP
exp_feeding_strategies,Optdigits,500,500,1124,64,10,D_dm_fullP_m1_L2,arc_cosine,2,1,1000,,0.9422,0.28,2026-06-14T21:19:15.253581,D_dm_fullP
exp_feeding_strategies,Optdigits,1000,1000,1124,64,10,C_splitdata_fullcols_m1_L1,arc_cosine,1,1,1000,,0.9671,0.27,2026-06-14T21:19:15.538428,C — split/full-cols
exp_feeding_strategies,Optdigits,1000,1000,1124,64,10,C_splitdata_fullcols_m1_L1,arc_cosine,1,1,1000,,0.9653,0.23,2026-06-14T21:19:15.785903,C — split/full-cols
exp_feeding_strategies,Optdigits,1000,1000,1124,64,10,C_splitdata_fullcols_m1_L1,arc_cosine,1,1,1000,,0.9617,0.23,2026-06-14T21:19:16.035522,C — split/full-cols
exp_feeding_strategies,Optdigits,1000,1000,1124,64,10,C_splitdata_fullcols_m1_L2,arc_cosine,2,1,1000,,0.9653,0.39,2026-06-14T21:19:16.462685,C — split/full-cols
exp_feeding_strategies,Optdigits,1000,1000,1124,64,10,C_splitdata_fullcols_m1_L2,arc_cosine,2,1,1000,,0.9653,0.38,2026-06-14T21:19:16.870061,C — split/full-cols
exp_feeding_strategies,Optdigits,1000,1000,1124,64,10,C_splitdata_fullcols_m1_L2,arc_cosine,2,1,1000,,0.9635,0.38,2026-06-14T21:19:17.286872,C — split/full-cols
exp_feeding_strategies,Optdigits,1000,1000,1124,64,10,B_in_sqrt_m1_L1,arc_cosine,1,1,1000,,0.5979,1.1,2026-06-14T21:19:18.405380,B-input-√d-
exp_feeding_strategies,Optdigits,1000,1000,1124,64,10,B_in_sqrt_m1_L1,arc_cosine,1,1,1000,,0.6753,0.99,2026-06-14T21:19:19.415295,B-input-√d-
exp_feeding_strategies,Optdigits,1000,1000,1124,64,10,B_in_sqrt_m1_L1,arc_cosine,1,1,1000,,0.5632,1.13,2026-06-14T21:19:20.570068,B-input-√d-
exp_feeding_strategies,Optdigits,1000,1000,1124,64,10,B_in_sqrt_m1_L2,arc_cosine,2,1,1000,,0.4609,1.69,2026-06-14T21:19:22.288539,B-input-√d-
exp_feeding_strategies,Optdigits,1000,1000,1124,64,10,B_in_sqrt_m1_L2,arc_cosine,2,1,1000,,0.4662,1.65,2026-06-14T21:19:23.967429,B-input-√d-
exp_feeding_strategies,Optdigits,1000,1000,1124,64,10,B_in_sqrt_m1_L2,arc_cosine,2,1,1000,,0.4066,1.82,2026-06-14T21:19:25.813852,B-input-√d-
exp_feeding_strategies,Optdigits,1000,1000,1124,64,10,B_in_sqrt_m10_L1,arc_cosine,1,10,1000,,0.9226,8.75,2026-06-14T21:19:34.683881,B-input-√d-
exp_feeding_strategies,Optdigits,1000,1000,1124,64,10,B_in_sqrt_m10_L1,arc_cosine,1,10,1000,,0.9217,8.7,2026-06-14T21:19:43.504348,B-input-√d-
exp_feeding_strategies,Optdigits,1000,1000,1124,64,10,B_in_sqrt_m10_L1,arc_cosine,1,10,1000,,0.9288,7.74,2026-06-14T21:19:51.361427,B-input-√d-
exp_feeding_strategies,Optdigits,1000,1000,1124,64,10,B_in_sqrt_m10_L2,arc_cosine,2,10,1000,,0.9359,12.99,2026-06-14T21:20:04.575187,B-input-√d-
exp_feeding_strategies,Optdigits,1000,1000,1124,64,10,B_in_sqrt_m10_L2,arc_cosine,2,10,1000,,0.9164,13.27,2026-06-14T21:20:18.063300,B-input-√d-
exp_feeding_strategies,Optdigits,1000,1000,1124,64,10,B_in_sqrt_m10_L2,arc_cosine,2,10,1000,,0.9279,11.24,2026-06-14T21:20:29.530147,B-input-√d-
exp_feeding_strategies,Optdigits,1000,1000,1124,64,10,B_in_sqrt_m50_L1,arc_cosine,1,50,1000,,0.968,41.17,2026-06-14T21:21:11.223603,B-input-√d-
exp_feeding_strategies,Optdigits,1000,1000,1124,64,10,B_in_sqrt_m50_L1,arc_cosine,1,50,1000,,0.9653,40.22,2026-06-14T21:21:51.941507,B-input-√d-
exp_feeding_strategies,Optdigits,1000,1000,1124,64,10,B_in_sqrt_m50_L1,arc_cosine,1,50,1000,,0.9528,38.82,2026-06-14T21:22:31.259574,B-input-√d-
exp_feeding_strategies,Optdigits,1000,1000,1124,64,10,B_in_sqrt_m50_L2,arc_cosine,2,50,1000,,0.9706,53.23,2026-06-14T21:23:25.555765,B-input-√d-
exp_feeding_strategies,Optdigits,1000,1000,1124,64,10,B_in_sqrt_m50_L2,arc_cosine,2,50,1000,,0.9671,52.8,2026-06-14T21:24:19.448043,B-input-√d-
exp_feeding_strategies,Optdigits,1000,1000,1124,64,10,B_in_sqrt_m50_L2,arc_cosine,2,50,1000,,0.9644,50.61,2026-06-14T21:25:11.159525,B-input-√d-
exp_feeding_strategies,Optdigits,1000,1000,1124,64,10,B_in_dm_m1_L1,arc_cosine,1,1,1000,,0.9733,0.32,2026-06-14T21:25:11.503527,B-input-d/m
exp_feeding_strategies,Optdigits,1000,1000,1124,64,10,B_in_dm_m1_L1,arc_cosine,1,1,1000,,0.9644,0.23,2026-06-14T21:25:11.755434,B-input-d/m
exp_feeding_strategies,Optdigits,1000,1000,1124,64,10,B_in_dm_m1_L1,arc_cosine,1,1,1000,,0.9617,0.23,2026-06-14T21:25:12.006366,B-input-d/m
exp_feeding_strategies,Optdigits,1000,1000,1124,64,10,B_in_dm_m1_L2,arc_cosine,2,1,1000,,0.9742,0.39,2026-06-14T21:25:12.430543,B-input-d/m
exp_feeding_strategies,Optdigits,1000,1000,1124,64,10,B_in_dm_m1_L2,arc_cosine,2,1,1000,,0.9635,0.42,2026-06-14T21:25:12.876866,B-input-d/m
exp_feeding_strategies,Optdigits,1000,1000,1124,64,10,B_in_dm_m1_L2,arc_cosine,2,1,1000,,0.9635,0.39,2026-06-14T21:25:13.292464,B-input-d/m
exp_feeding_strategies,Optdigits,1000,1000,1124,64,10,B_in_dm_m10_L1,arc_cosine,1,10,1000,,0.9368,8.44,2026-06-14T21:25:21.834646,B-input-d/m
exp_feeding_strategies,Optdigits,1000,1000,1124,64,10,B_in_dm_m10_L1,arc_cosine,1,10,1000,,0.9333,8.59,2026-06-14T21:25:30.536765,B-input-d/m
exp_feeding_strategies,Optdigits,1000,1000,1124,64,10,B_in_dm_m10_L1,arc_cosine,1,10,1000,,0.9359,8.4,2026-06-14T21:25:39.053118,B-input-d/m
exp_feeding_strategies,Optdigits,1000,1000,1124,64,10,B_in_dm_m10_L2,arc_cosine,2,10,1000,,0.9573,12.79,2026-06-14T21:25:52.052001,B-input-d/m
exp_feeding_strategies,Optdigits,1000,1000,1124,64,10,B_in_dm_m10_L2,arc_cosine,2,10,1000,,0.9484,12.74,2026-06-14T21:26:04.995989,B-input-d/m
exp_feeding_strategies,Optdigits,1000,1000,1124,64,10,B_in_dm_m10_L2,arc_cosine,2,10,1000,,0.9431,12.98,2026-06-14T21:26:18.208574,B-input-d/m
exp_feeding_strategies,Optdigits,1000,1000,1124,64,10,B_in_dm_m50_L1,arc_cosine,1,50,1000,,0.9404,10.37,2026-06-14T21:26:29.213208,B-input-d/m
exp_feeding_strategies,Optdigits,1000,1000,1124,64,10,B_in_dm_m50_L1,arc_cosine,1,50,1000,,0.9342,10.4,2026-06-14T21:26:40.283760,B-input-d/m
exp_feeding_strategies,Optdigits,1000,1000,1124,64,10,B_in_dm_m50_L1,arc_cosine,1,50,1000,,0.919,10.37,2026-06-14T21:26:51.333626,B-input-d/m
exp_feeding_strategies,Optdigits,1000,1000,1124,64,10,B_in_dm_m50_L2,arc_cosine,2,50,1000,,0.9635,52.02,2026-06-14T21:27:44.530904,B-input-d/m
exp_feeding_strategies,Optdigits,1000,1000,1124,64,10,B_in_dm_m50_L2,arc_cosine,2,50,1000,,0.9662,49.82,2026-06-14T21:28:35.495076,B-input-d/m
exp_feeding_strategies,Optdigits,1000,1000,1124,64,10,B_in_dm_m50_L2,arc_cosine,2,50,1000,,0.9555,51.83,2026-06-14T21:29:28.492514,B-input-d/m
exp_feeding_strategies,Optdigits,1000,1000,1124,64,10,D_sqrt_fullP_m1_L1,arc_cosine,1,1,1000,,0.589,1.21,2026-06-14T21:29:29.733020,D_sqrt_fullP
exp_feeding_strategies,Optdigits,1000,1000,1124,64,10,D_sqrt_fullP_m1_L1,arc_cosine,1,1,1000,,0.6842,1.05,2026-06-14T21:29:30.805285,D_sqrt_fullP
exp_feeding_strategies,Optdigits,1000,1000,1124,64,10,D_sqrt_fullP_m1_L1,arc_cosine,1,1,1000,,0.5685,1.03,2026-06-14T21:29:31.849416,D_sqrt_fullP
exp_feeding_strategies,Optdigits,1000,1000,1124,64,10,D_sqrt_fullP_m1_L2,arc_cosine,2,1,1000,,0.4964,1.63,2026-06-14T21:29:33.505262,D_sqrt_fullP
exp_feeding_strategies,Optdigits,1000,1000,1124,64,10,D_sqrt_fullP_m1_L2,arc_cosine,2,1,1000,,0.4146,1.57,2026-06-14T21:29:35.098344,D_sqrt_fullP
exp_feeding_strategies,Optdigits,1000,1000,1124,64,10,D_sqrt_fullP_m1_L2,arc_cosine,2,1,1000,,0.403,1.65,2026-06-14T21:29:36.768899,D_sqrt_fullP
exp_feeding_strategies,Optdigits,1000,1000,1124,64,10,D_dm_fullP_m1_L1,arc_cosine,1,1,1000,,0.9715,0.23,2026-06-14T21:29:37.021280,D_dm_fullP
exp_feeding_strategies,Optdigits,1000,1000,1124,64,10,D_dm_fullP_m1_L1,arc_cosine,1,1,1000,,0.9662,0.25,2026-06-14T21:29:37.288271,D_dm_fullP
exp_feeding_strategies,Optdigits,1000,1000,1124,64,10,D_dm_fullP_m1_L1,arc_cosine,1,1,1000,,0.9582,0.24,2026-06-14T21:29:37.544607,D_dm_fullP
exp_feeding_strategies,Optdigits,1000,1000,1124,64,10,D_dm_fullP_m1_L2,arc_cosine,2,1,1000,,0.976,0.38,2026-06-14T21:29:37.949439,D_dm_fullP
exp_feeding_strategies,Optdigits,1000,1000,1124,64,10,D_dm_fullP_m1_L2,arc_cosine,2,1,1000,,0.9689,0.39,2026-06-14T21:29:38.373295,D_dm_fullP
exp_feeding_strategies,Optdigits,1000,1000,1124,64,10,D_dm_fullP_m1_L2,arc_cosine,2,1,1000,,0.9582,0.39,2026-06-14T21:29:38.786629,D_dm_fullP
exp_feeding_strategies,Optdigits,2000,2000,1124,64,10,C_splitdata_fullcols_m1_L1,arc_cosine,1,1,1000,,0.9698,0.5,2026-06-14T21:29:39.318234,C — split/full-cols
exp_feeding_strategies,Optdigits,2000,2000,1124,64,10,C_splitdata_fullcols_m1_L1,arc_cosine,1,1,1000,,0.984,0.51,2026-06-14T21:29:39.856396,C — split/full-cols
exp_feeding_strategies,Optdigits,2000,2000,1124,64,10,C_splitdata_fullcols_m1_L1,arc_cosine,1,1,1000,,0.9786,0.5,2026-06-14T21:29:40.381601,C — split/full-cols
exp_feeding_strategies,Optdigits,2000,2000,1124,64,10,C_splitdata_fullcols_m1_L2,arc_cosine,2,1,1000,,0.9751,0.84,2026-06-14T21:29:41.275458,C — split/full-cols
exp_feeding_strategies,Optdigits,2000,2000,1124,64,10,C_splitdata_fullcols_m1_L2,arc_cosine,2,1,1000,,0.9867,0.91,2026-06-14T21:29:42.243423,C — split/full-cols
exp_feeding_strategies,Optdigits,2000,2000,1124,64,10,C_splitdata_fullcols_m1_L2,arc_cosine,2,1,1000,,0.9813,0.88,2026-06-14T21:29:43.185578,C — split/full-cols
exp_feeding_strategies,Optdigits,2000,2000,1124,64,10,C_splitdata_fullcols_m10_L1,arc_cosine,1,10,1000,,0.9644,0.51,2026-06-14T21:29:43.723886,C — split/full-cols
exp_feeding_strategies,Optdigits,2000,2000,1124,64,10,C_splitdata_fullcols_m10_L1,arc_cosine,1,10,1000,,0.9795,0.49,2026-06-14T21:29:44.244396,C — split/full-cols
exp_feeding_strategies,Optdigits,2000,2000,1124,64,10,C_splitdata_fullcols_m10_L1,arc_cosine,1,10,1000,,0.976,0.51,2026-06-14T21:29:44.778893,C — split/full-cols
exp_feeding_strategies,Optdigits,2000,2000,1124,64,10,C_splitdata_fullcols_m10_L2,arc_cosine,2,10,1000,,0.9698,0.86,2026-06-14T21:29:45.706025,C — split/full-cols
exp_feeding_strategies,Optdigits,2000,2000,1124,64,10,C_splitdata_fullcols_m10_L2,arc_cosine,2,10,1000,,0.9769,0.77,2026-06-14T21:29:46.538651,C — split/full-cols
exp_feeding_strategies,Optdigits,2000,2000,1124,64,10,C_splitdata_fullcols_m10_L2,arc_cosine,2,10,1000,,0.9804,0.76,2026-06-14T21:29:47.370641,C — split/full-cols
exp_feeding_strategies,Optdigits,2000,2000,1124,64,10,B_in_sqrt_m1_L1,arc_cosine,1,1,1000,,0.5916,2.38,2026-06-14T21:29:49.779988,B-input-√d-
exp_feeding_strategies,Optdigits,2000,2000,1124,64,10,B_in_sqrt_m1_L1,arc_cosine,1,1,1000,,0.7251,2.05,2026-06-14T21:29:51.852674,B-input-√d-
exp_feeding_strategies,Optdigits,2000,2000,1124,64,10,B_in_sqrt_m1_L1,arc_cosine,1,1,1000,,0.5614,2.76,2026-06-14T21:29:54.643575,B-input-√d-
exp_feeding_strategies,Optdigits,2000,2000,1124,64,10,B_in_sqrt_m1_L2,arc_cosine,2,1,1000,,0.4698,3.69,2026-06-14T21:29:58.370138,B-input-√d-
exp_feeding_strategies,Optdigits,2000,2000,1124,64,10,B_in_sqrt_m1_L2,arc_cosine,2,1,1000,,0.5427,3.32,2026-06-14T21:30:01.732624,B-input-√d-
exp_feeding_strategies,Optdigits,2000,2000,1124,64,10,B_in_sqrt_m1_L2,arc_cosine,2,1,1000,,0.4173,4.36,2026-06-14T21:30:06.137037,B-input-√d-
exp_feeding_strategies,Optdigits,2000,2000,1124,64,10,B_in_sqrt_m10_L1,arc_cosine,1,10,1000,,0.9253,19.75,2026-06-14T21:30:26.052554,B-input-√d-
exp_feeding_strategies,Optdigits,2000,2000,1124,64,10,B_in_sqrt_m10_L1,arc_cosine,1,10,1000,,0.9537,21.29,2026-06-14T21:30:47.514045,B-input-√d-
exp_feeding_strategies,Optdigits,2000,2000,1124,64,10,B_in_sqrt_m10_L1,arc_cosine,1,10,1000,,0.9528,19.04,2026-06-14T21:31:06.736982,B-input-√d-
exp_feeding_strategies,Optdigits,2000,2000,1124,64,10,B_in_sqrt_m10_L2,arc_cosine,2,10,1000,,0.9431,28.7,2026-06-14T21:31:35.795943,B-input-√d-
exp_feeding_strategies,Optdigits,2000,2000,1124,64,10,B_in_sqrt_m10_L2,arc_cosine,2,10,1000,,0.9368,31.39,2026-06-14T21:32:07.542964,B-input-√d-
exp_feeding_strategies,Optdigits,2000,2000,1124,64,10,B_in_sqrt_m10_L2,arc_cosine,2,10,1000,,0.9431,27.72,2026-06-14T21:32:35.628474,B-input-√d-
exp_feeding_strategies,Optdigits,2000,2000,1124,64,10,B_in_sqrt_m50_L1,arc_cosine,1,50,1000,,0.976,94.93,2026-06-14T21:34:11.389810,B-input-√d-
exp_feeding_strategies,Optdigits,2000,2000,1124,64,10,B_in_sqrt_m50_L1,arc_cosine,1,50,1000,,0.9813,98.46,2026-06-14T21:35:50.711109,B-input-√d-
exp_feeding_strategies,Optdigits,2000,2000,1124,64,10,B_in_sqrt_m50_L1,arc_cosine,1,50,1000,,0.9778,94.71,2026-06-14T21:37:26.272670,B-input-√d-
exp_feeding_strategies,Optdigits,2000,2000,1124,64,10,B_in_sqrt_m50_L2,arc_cosine,2,50,1000,,0.9751,122.62,2026-06-14T21:39:30.576442,B-input-√d-
exp_feeding_strategies,Optdigits,2000,2000,1124,64,10,B_in_sqrt_m50_L2,arc_cosine,2,50,1000,,0.9813,123.65,2026-06-14T21:41:35.905657,B-input-√d-
exp_feeding_strategies,Optdigits,2000,2000,1124,64,10,B_in_sqrt_m50_L2,arc_cosine,2,50,1000,,0.9795,121.16,2026-06-14T21:43:38.744764,B-input-√d-
exp_feeding_strategies,Optdigits,2000,2000,1124,64,10,B_in_dm_m1_L1,arc_cosine,1,1,1000,,0.9751,0.53,2026-06-14T21:43:39.301510,B-input-d/m
exp_feeding_strategies,Optdigits,2000,2000,1124,64,10,B_in_dm_m1_L1,arc_cosine,1,1,1000,,0.984,0.5,2026-06-14T21:43:39.823210,B-input-d/m
exp_feeding_strategies,Optdigits,2000,2000,1124,64,10,B_in_dm_m1_L1,arc_cosine,1,1,1000,,0.9778,0.49,2026-06-14T21:43:40.336955,B-input-d/m
exp_feeding_strategies,Optdigits,2000,2000,1124,64,10,B_in_dm_m1_L2,arc_cosine,2,1,1000,,0.976,0.88,2026-06-14T21:43:41.281676,B-input-d/m
exp_feeding_strategies,Optdigits,2000,2000,1124,64,10,B_in_dm_m1_L2,arc_cosine,2,1,1000,,0.9867,0.91,2026-06-14T21:43:42.248000,B-input-d/m
exp_feeding_strategies,Optdigits,2000,2000,1124,64,10,B_in_dm_m1_L2,arc_cosine,2,1,1000,,0.9804,0.94,2026-06-14T21:43:43.249223,B-input-d/m
exp_feeding_strategies,Optdigits,2000,2000,1124,64,10,B_in_dm_m10_L1,arc_cosine,1,10,1000,,0.9475,20.84,2026-06-14T21:44:04.259653,B-input-d/m
exp_feeding_strategies,Optdigits,2000,2000,1124,64,10,B_in_dm_m10_L1,arc_cosine,1,10,1000,,0.952,22.13,2026-06-14T21:44:26.574120,B-input-d/m
exp_feeding_strategies,Optdigits,2000,2000,1124,64,10,B_in_dm_m10_L1,arc_cosine,1,10,1000,,0.9484,21.57,2026-06-14T21:44:48.341189,B-input-d/m
exp_feeding_strategies,Optdigits,2000,2000,1124,64,10,B_in_dm_m10_L2,arc_cosine,2,10,1000,,0.9617,31.02,2026-06-14T21:45:19.709891,B-input-d/m
exp_feeding_strategies,Optdigits,2000,2000,1124,64,10,B_in_dm_m10_L2,arc_cosine,2,10,1000,,0.968,31.78,2026-06-14T21:45:51.831650,B-input-d/m
exp_feeding_strategies,Optdigits,2000,2000,1124,64,10,B_in_dm_m10_L2,arc_cosine,2,10,1000,,0.9644,32.25,2026-06-14T21:46:24.430287,B-input-d/m
exp_feeding_strategies,Optdigits,2000,2000,1124,64,10,B_in_dm_m50_L1,arc_cosine,1,50,1000,,0.9493,23.4,2026-06-14T21:46:48.756140,B-input-d/m
exp_feeding_strategies,Optdigits,2000,2000,1124,64,10,B_in_dm_m50_L1,arc_cosine,1,50,1000,,0.9528,25.07,2026-06-14T21:47:14.764934,B-input-d/m
exp_feeding_strategies,Optdigits,2000,2000,1124,64,10,B_in_dm_m50_L1,arc_cosine,1,50,1000,,0.9413,24.41,2026-06-14T21:47:40.093726,B-input-d/m
exp_feeding_strategies,Optdigits,2000,2000,1124,64,10,B_in_dm_m50_L2,arc_cosine,2,50,1000,,0.9698,125.57,2026-06-14T21:49:47.384919,B-input-d/m
exp_feeding_strategies,Optdigits,2000,2000,1124,64,10,B_in_dm_m50_L2,arc_cosine,2,50,1000,,0.9733,119.43,2026-06-14T21:51:48.526164,B-input-d/m
exp_feeding_strategies,Optdigits,2000,2000,1124,64,10,B_in_dm_m50_L2,arc_cosine,2,50,1000,,0.9733,126.11,2026-06-14T21:53:56.388758,B-input-d/m
exp_feeding_strategies,Optdigits,2000,2000,1124,64,10,D_sqrt_fullP_m1_L1,arc_cosine,1,1,1000,,0.5925,2.25,2026-06-14T21:53:58.674176,D_sqrt_fullP
exp_feeding_strategies,Optdigits,2000,2000,1124,64,10,D_sqrt_fullP_m1_L1,arc_cosine,1,1,1000,,0.7189,1.93,2026-06-14T21:54:00.627665,D_sqrt_fullP
exp_feeding_strategies,Optdigits,2000,2000,1124,64,10,D_sqrt_fullP_m1_L1,arc_cosine,1,1,1000,,0.5694,2.86,2026-06-14T21:54:03.514289,D_sqrt_fullP
exp_feeding_strategies,Optdigits,2000,2000,1124,64,10,D_sqrt_fullP_m1_L2,arc_cosine,2,1,1000,,0.4867,3.57,2026-06-14T21:54:07.130666,D_sqrt_fullP
exp_feeding_strategies,Optdigits,2000,2000,1124,64,10,D_sqrt_fullP_m1_L2,arc_cosine,2,1,1000,,0.5614,3.24,2026-06-14T21:54:10.410937,D_sqrt_fullP
exp_feeding_strategies,Optdigits,2000,2000,1124,64,10,D_sqrt_fullP_m1_L2,arc_cosine,2,1,1000,,0.4555,4.01,2026-06-14T21:54:14.464162,D_sqrt_fullP
exp_feeding_strategies,Optdigits,2000,2000,1124,64,10,D_sqrt_fullP_m10_L1,arc_cosine,1,10,1000,,0.9333,4.27,2026-06-14T21:54:18.894963,D_sqrt_fullP
exp_feeding_strategies,Optdigits,2000,2000,1124,64,10,D_sqrt_fullP_m10_L1,arc_cosine,1,10,1000,,0.9431,4.42,2026-06-14T21:54:23.490581,D_sqrt_fullP
exp_feeding_strategies,Optdigits,2000,2000,1124,64,10,D_sqrt_fullP_m10_L1,arc_cosine,1,10,1000,,0.9377,3.8,2026-06-14T21:54:27.470794,D_sqrt_fullP
exp_feeding_strategies,Optdigits,2000,2000,1124,64,10,D_sqrt_fullP_m10_L2,arc_cosine,2,10,1000,,0.9235,5.93,2026-06-14T21:54:33.748458,D_sqrt_fullP
exp_feeding_strategies,Optdigits,2000,2000,1124,64,10,D_sqrt_fullP_m10_L2,arc_cosine,2,10,1000,,0.9306,6.22,2026-06-14T21:54:40.318832,D_sqrt_fullP
exp_feeding_strategies,Optdigits,2000,2000,1124,64,10,D_sqrt_fullP_m10_L2,arc_cosine,2,10,1000,,0.9324,5.58,2026-06-14T21:54:46.235525,D_sqrt_fullP
exp_feeding_strategies,Optdigits,2000,2000,1124,64,10,D_dm_fullP_m1_L1,arc_cosine,1,1,1000,,0.9751,0.55,2026-06-14T21:54:46.814772,D_dm_fullP
exp_feeding_strategies,Optdigits,2000,2000,1124,64,10,D_dm_fullP_m1_L1,arc_cosine,1,1,1000,,0.9849,0.51,2026-06-14T21:54:47.351840,D_dm_fullP
exp_feeding_strategies,Optdigits,2000,2000,1124,64,10,D_dm_fullP_m1_L1,arc_cosine,1,1,1000,,0.9813,0.49,2026-06-14T21:54:47.861428,D_dm_fullP
exp_feeding_strategies,Optdigits,2000,2000,1124,64,10,D_dm_fullP_m1_L2,arc_cosine,2,1,1000,,0.9769,0.89,2026-06-14T21:54:48.815599,D_dm_fullP
exp_feeding_strategies,Optdigits,2000,2000,1124,64,10,D_dm_fullP_m1_L2,arc_cosine,2,1,1000,,0.9849,0.94,2026-06-14T21:54:49.814323,D_dm_fullP
exp_feeding_strategies,Optdigits,2000,2000,1124,64,10,D_dm_fullP_m1_L2,arc_cosine,2,1,1000,,0.9822,0.91,2026-06-14T21:54:50.778659,D_dm_fullP
exp_feeding_strategies,Optdigits,2000,2000,1124,64,10,D_dm_fullP_m10_L1,arc_cosine,1,10,1000,,0.96,5.13,2026-06-14T21:54:56.085680,D_dm_fullP
exp_feeding_strategies,Optdigits,2000,2000,1124,64,10,D_dm_fullP_m10_L1,arc_cosine,1,10,1000,,0.9635,4.85,2026-06-14T21:55:01.106154,D_dm_fullP
exp_feeding_strategies,Optdigits,2000,2000,1124,64,10,D_dm_fullP_m10_L1,arc_cosine,1,10,1000,,0.9609,5.19,2026-06-14T21:55:06.478175,D_dm_fullP
exp_feeding_strategies,Optdigits,2000,2000,1124,64,10,D_dm_fullP_m10_L2,arc_cosine,2,10,1000,,0.9395,6.74,2026-06-14T21:55:13.572893,D_dm_fullP
exp_feeding_strategies,Optdigits,2000,2000,1124,64,10,D_dm_fullP_m10_L2,arc_cosine,2,10,1000,,0.9546,6.58,2026-06-14T21:55:20.499401,D_dm_fullP
exp_feeding_strategies,Optdigits,2000,2000,1124,64,10,D_dm_fullP_m10_L2,arc_cosine,2,10,1000,,0.9493,6.91,2026-06-14T21:55:27.756199,D_dm_fullP
exp_feeding_strategies,Optdigits,3823,3823,1124,64,10,C_splitdata_fullcols_m1_L1,arc_cosine,1,1,1000,,0.984,1.13,2026-06-14T21:55:28.938800,C — split/full-cols
exp_feeding_strategies,Optdigits,3823,3823,1124,64,10,C_splitdata_fullcols_m1_L1,arc_cosine,1,1,1000,,0.9884,1.1,2026-06-14T21:55:30.090052,C — split/full-cols
exp_feeding_strategies,Optdigits,3823,3823,1124,64,10,C_splitdata_fullcols_m1_L1,arc_cosine,1,1,1000,,0.9831,1.06,2026-06-14T21:55:31.205395,C — split/full-cols
exp_feeding_strategies,Optdigits,3823,3823,1124,64,10,C_splitdata_fullcols_m1_L2,arc_cosine,2,1,1000,,0.9858,1.77,2026-06-14T21:55:33.048481,C — split/full-cols
exp_feeding_strategies,Optdigits,3823,3823,1124,64,10,C_splitdata_fullcols_m1_L2,arc_cosine,2,1,1000,,0.9893,1.81,2026-06-14T21:55:34.930004,C — split/full-cols
exp_feeding_strategies,Optdigits,3823,3823,1124,64,10,C_splitdata_fullcols_m1_L2,arc_cosine,2,1,1000,,0.9831,1.74,2026-06-14T21:55:36.739924,C — split/full-cols
exp_feeding_strategies,Optdigits,3823,3823,1124,64,10,C_splitdata_fullcols_m10_L1,arc_cosine,1,10,1000,,0.9795,0.92,2026-06-14T21:55:37.725469,C — split/full-cols
exp_feeding_strategies,Optdigits,3823,3823,1124,64,10,C_splitdata_fullcols_m10_L1,arc_cosine,1,10,1000,,0.9849,0.94,2026-06-14T21:55:38.722349,C — split/full-cols
exp_feeding_strategies,Optdigits,3823,3823,1124,64,10,C_splitdata_fullcols_m10_L1,arc_cosine,1,10,1000,,0.9804,0.89,2026-06-14T21:55:39.674621,C — split/full-cols
exp_feeding_strategies,Optdigits,3823,3823,1124,64,10,C_splitdata_fullcols_m10_L2,arc_cosine,2,10,1000,,0.9813,1.33,2026-06-14T21:55:41.108042,C — split/full-cols
exp_feeding_strategies,Optdigits,3823,3823,1124,64,10,C_splitdata_fullcols_m10_L2,arc_cosine,2,10,1000,,0.9849,1.34,2026-06-14T21:55:42.556683,C — split/full-cols
exp_feeding_strategies,Optdigits,3823,3823,1124,64,10,C_splitdata_fullcols_m10_L2,arc_cosine,2,10,1000,,0.9778,1.39,2026-06-14T21:55:44.056722,C — split/full-cols
exp_feeding_strategies,Optdigits,3823,3823,1124,64,10,B_in_sqrt_m1_L1,arc_cosine,1,1,1000,,0.6361,5.64,2026-06-14T21:55:49.740400,B-input-√d-
exp_feeding_strategies,Optdigits,3823,3823,1124,64,10,B_in_sqrt_m1_L1,arc_cosine,1,1,1000,,0.7322,3.99,2026-06-14T21:55:53.770951,B-input-√d-
exp_feeding_strategies,Optdigits,3823,3823,1124,64,10,B_in_sqrt_m1_L1,arc_cosine,1,1,1000,,0.5747,7.02,2026-06-14T21:56:00.835157,B-input-√d-
exp_feeding_strategies,Optdigits,3823,3823,1124,64,10,B_in_sqrt_m1_L2,arc_cosine,2,1,1000,,0.4991,8.82,2026-06-14T21:56:09.721653,B-input-√d-
exp_feeding_strategies,Optdigits,3823,3823,1124,64,10,B_in_sqrt_m1_L2,arc_cosine,2,1,1000,,0.5614,6.55,2026-06-14T21:56:16.345569,B-input-√d-
exp_feeding_strategies,Optdigits,3823,3823,1124,64,10,B_in_sqrt_m1_L2,arc_cosine,2,1,1000,,0.411,9.74,2026-06-14T21:56:26.158890,B-input-√d-
exp_feeding_strategies,Optdigits,3823,3823,1124,64,10,B_in_sqrt_m10_L1,arc_cosine,1,10,1000,,0.9573,50.58,2026-06-14T21:57:17.048405,B-input-√d-
exp_feeding_strategies,Optdigits,3823,3823,1124,64,10,B_in_sqrt_m10_L1,arc_cosine,1,10,1000,,0.9564,51.16,2026-06-14T21:58:08.507510,B-input-√d-
exp_feeding_strategies,Optdigits,3823,3823,1124,64,10,B_in_sqrt_m10_L1,arc_cosine,1,10,1000,,0.9511,46.81,2026-06-14T21:58:55.629877,B-input-√d-
exp_feeding_strategies,Optdigits,3823,3823,1124,64,10,B_in_sqrt_m10_L2,arc_cosine,2,10,1000,,0.96,70.52,2026-06-14T22:00:06.739900,B-input-√d-
exp_feeding_strategies,Optdigits,3823,3823,1124,64,10,B_in_sqrt_m10_L2,arc_cosine,2,10,1000,,0.9493,73.57,2026-06-14T22:01:20.877781,B-input-√d-
exp_feeding_strategies,Optdigits,3823,3823,1124,64,10,B_in_sqrt_m10_L2,arc_cosine,2,10,1000,,0.9555,66.48,2026-06-14T22:02:27.936430,B-input-√d-
exp_feeding_strategies,Optdigits,3823,3823,1124,64,10,B_in_sqrt_m50_L1,arc_cosine,1,50,1000,,0.9831,246.55,2026-06-14T22:06:35.899025,B-input-√d-
exp_feeding_strategies,Optdigits,3823,3823,1124,64,10,B_in_sqrt_m50_L1,arc_cosine,1,50,1000,,0.9858,241.48,2026-06-14T22:10:38.830881,B-input-√d-
exp_feeding_strategies,Optdigits,3823,3823,1124,64,10,B_in_sqrt_m50_L1,arc_cosine,1,50,1000,,0.9822,238.36,2026-06-14T22:14:38.617706,B-input-√d-
exp_feeding_strategies,Optdigits,3823,3823,1124,64,10,B_in_sqrt_m50_L2,arc_cosine,2,50,1000,,0.9858,303.76,2026-06-14T22:19:45.520797,B-input-√d-
exp_feeding_strategies,Optdigits,3823,3823,1124,64,10,B_in_sqrt_m50_L2,arc_cosine,2,50,1000,,0.9884,297.67,2026-06-14T22:24:46.196742,B-input-√d-
exp_feeding_strategies,Optdigits,3823,3823,1124,64,10,B_in_sqrt_m50_L2,arc_cosine,2,50,1000,,0.9867,294.62,2026-06-14T22:29:43.904426,B-input-√d-
exp_feeding_strategies,Optdigits,3823,3823,1124,64,10,B_in_dm_m1_L1,arc_cosine,1,1,1000,,0.9813,1.11,2026-06-14T22:29:45.079555,B-input-d/m
exp_feeding_strategies,Optdigits,3823,3823,1124,64,10,B_in_dm_m1_L1,arc_cosine,1,1,1000,,0.9902,1.1,2026-06-14T22:29:46.232229,B-input-d/m
exp_feeding_strategies,Optdigits,3823,3823,1124,64,10,B_in_dm_m1_L1,arc_cosine,1,1,1000,,0.9822,1.07,2026-06-14T22:29:47.347603,B-input-d/m
exp_feeding_strategies,Optdigits,3823,3823,1124,64,10,B_in_dm_m1_L2,arc_cosine,2,1,1000,,0.9822,1.77,2026-06-14T22:29:49.193479,B-input-d/m
exp_feeding_strategies,Optdigits,3823,3823,1124,64,10,B_in_dm_m1_L2,arc_cosine,2,1,1000,,0.9902,1.75,2026-06-14T22:29:51.015463,B-input-d/m
exp_feeding_strategies,Optdigits,3823,3823,1124,64,10,B_in_dm_m1_L2,arc_cosine,2,1,1000,,0.9831,1.73,2026-06-14T22:29:52.815400,B-input-d/m
exp_feeding_strategies,Optdigits,3823,3823,1124,64,10,B_in_dm_m10_L1,arc_cosine,1,10,1000,,0.9573,53.29,2026-06-14T22:30:46.403172,B-input-d/m
exp_feeding_strategies,Optdigits,3823,3823,1124,64,10,B_in_dm_m10_L1,arc_cosine,1,10,1000,,0.9742,52.86,2026-06-14T22:31:39.555302,B-input-d/m
exp_feeding_strategies,Optdigits,3823,3823,1124,64,10,B_in_dm_m10_L1,arc_cosine,1,10,1000,,0.9609,51.99,2026-06-14T22:32:31.846273,B-input-d/m
exp_feeding_strategies,Optdigits,3823,3823,1124,64,10,B_in_dm_m10_L2,arc_cosine,2,10,1000,,0.9751,76.02,2026-06-14T22:33:48.454060,B-input-d/m
exp_feeding_strategies,Optdigits,3823,3823,1124,64,10,B_in_dm_m10_L2,arc_cosine,2,10,1000,,0.9698,75.42,2026-06-14T22:35:04.455459,B-input-d/m
exp_feeding_strategies,Optdigits,3823,3823,1124,64,10,B_in_dm_m10_L2,arc_cosine,2,10,1000,,0.9769,78.11,2026-06-14T22:36:23.140964,B-input-d/m
exp_feeding_strategies,Optdigits,3823,3823,1124,64,10,B_in_dm_m50_L1,arc_cosine,1,50,1000,,0.9671,42.55,2026-06-14T22:37:07.224921,B-input-d/m
exp_feeding_strategies,Optdigits,3823,3823,1124,64,10,B_in_dm_m50_L1,arc_cosine,1,50,1000,,0.9671,43.12,2026-06-14T22:37:51.953127,B-input-d/m
exp_feeding_strategies,Optdigits,3823,3823,1124,64,10,B_in_dm_m50_L1,arc_cosine,1,50,1000,,0.9635,43.57,2026-06-14T22:38:37.046380,B-input-d/m
exp_feeding_strategies,Optdigits,3823,3823,1124,64,10,B_in_dm_m50_L2,arc_cosine,2,50,1000,,0.9786,321.9,2026-06-14T22:44:01.982506,B-input-d/m
exp_feeding_strategies,Optdigits,3823,3823,1124,64,10,B_in_dm_m50_L2,arc_cosine,2,50,1000,,0.9849,287.71,2026-06-14T22:48:52.713697,B-input-d/m
exp_feeding_strategies,Optdigits,3823,3823,1124,64,10,B_in_dm_m50_L2,arc_cosine,2,50,1000,,0.976,305.04,2026-06-14T22:54:00.743777,B-input-d/m
exp_feeding_strategies,Optdigits,3823,3823,1124,64,10,D_sqrt_fullP_m1_L1,arc_cosine,1,1,1000,,0.6361,5.54,2026-06-14T22:54:06.348022,D_sqrt_fullP
exp_feeding_strategies,Optdigits,3823,3823,1124,64,10,D_sqrt_fullP_m1_L1,arc_cosine,1,1,1000,,0.7224,4.06,2026-06-14T22:54:10.443595,D_sqrt_fullP
exp_feeding_strategies,Optdigits,3823,3823,1124,64,10,D_sqrt_fullP_m1_L1,arc_cosine,1,1,1000,,0.5907,6.55,2026-06-14T22:54:17.032268,D_sqrt_fullP
exp_feeding_strategies,Optdigits,3823,3823,1124,64,10,D_sqrt_fullP_m1_L2,arc_cosine,2,1,1000,,0.5214,8.54,2026-06-14T22:54:25.647127,D_sqrt_fullP
exp_feeding_strategies,Optdigits,3823,3823,1124,64,10,D_sqrt_fullP_m1_L2,arc_cosine,2,1,1000,,0.5018,6.82,2026-06-14T22:54:32.536835,D_sqrt_fullP
exp_feeding_strategies,Optdigits,3823,3823,1124,64,10,D_sqrt_fullP_m1_L2,arc_cosine,2,1,1000,,0.4368,9.28,2026-06-14T22:54:41.880613,D_sqrt_fullP
exp_feeding_strategies,Optdigits,3823,3823,1124,64,10,D_sqrt_fullP_m10_L1,arc_cosine,1,10,1000,,0.9626,8.92,2026-06-14T22:54:51.085937,D_sqrt_fullP
exp_feeding_strategies,Optdigits,3823,3823,1124,64,10,D_sqrt_fullP_m10_L1,arc_cosine,1,10,1000,,0.9644,9.45,2026-06-14T22:55:00.818678,D_sqrt_fullP
exp_feeding_strategies,Optdigits,3823,3823,1124,64,10,D_sqrt_fullP_m10_L1,arc_cosine,1,10,1000,,0.9546,8.21,2026-06-14T22:55:09.321336,D_sqrt_fullP
exp_feeding_strategies,Optdigits,3823,3823,1124,64,10,D_sqrt_fullP_m10_L2,arc_cosine,2,10,1000,,0.9448,12.35,2026-06-14T22:55:22.230878,D_sqrt_fullP
exp_feeding_strategies,Optdigits,3823,3823,1124,64,10,D_sqrt_fullP_m10_L2,arc_cosine,2,10,1000,,0.9448,13.38,2026-06-14T22:55:36.182732,D_sqrt_fullP
exp_feeding_strategies,Optdigits,3823,3823,1124,64,10,D_sqrt_fullP_m10_L2,arc_cosine,2,10,1000,,0.9466,11.92,2026-06-14T22:55:48.694160,D_sqrt_fullP
exp_feeding_strategies,Optdigits,3823,3823,1124,64,10,D_dm_fullP_m1_L1,arc_cosine,1,1,1000,,0.9813,1.1,2026-06-14T22:55:49.851426,D_dm_fullP
exp_feeding_strategies,Optdigits,3823,3823,1124,64,10,D_dm_fullP_m1_L1,arc_cosine,1,1,1000,,0.9858,1.14,2026-06-14T22:55:51.049584,D_dm_fullP
exp_feeding_strategies,Optdigits,3823,3823,1124,64,10,D_dm_fullP_m1_L1,arc_cosine,1,1,1000,,0.9849,1.09,2026-06-14T22:55:52.214196,D_dm_fullP
exp_feeding_strategies,Optdigits,3823,3823,1124,64,10,D_dm_fullP_m1_L2,arc_cosine,2,1,1000,,0.9822,1.74,2026-06-14T22:55:54.031420,D_dm_fullP
exp_feeding_strategies,Optdigits,3823,3823,1124,64,10,D_dm_fullP_m1_L2,arc_cosine,2,1,1000,,0.9875,1.79,2026-06-14T22:55:55.894062,D_dm_fullP
exp_feeding_strategies,Optdigits,3823,3823,1124,64,10,D_dm_fullP_m1_L2,arc_cosine,2,1,1000,,0.9858,1.73,2026-06-14T22:55:57.695211,D_dm_fullP
exp_feeding_strategies,Optdigits,3823,3823,1124,64,10,D_dm_fullP_m10_L1,arc_cosine,1,10,1000,,0.9662,11.35,2026-06-14T22:56:09.342009,D_dm_fullP
exp_feeding_strategies,Optdigits,3823,3823,1124,64,10,D_dm_fullP_m10_L1,arc_cosine,1,10,1000,,0.9671,11.09,2026-06-14T22:56:20.738375,D_dm_fullP
exp_feeding_strategies,Optdigits,3823,3823,1124,64,10,D_dm_fullP_m10_L1,arc_cosine,1,10,1000,,0.9644,10.95,2026-06-14T22:56:31.972895,D_dm_fullP
exp_feeding_strategies,Optdigits,3823,3823,1124,64,10,D_dm_fullP_m10_L2,arc_cosine,2,10,1000,,0.9573,15.31,2026-06-14T22:56:47.854544,D_dm_fullP
exp_feeding_strategies,Optdigits,3823,3823,1124,64,10,D_dm_fullP_m10_L2,arc_cosine,2,10,1000,,0.9724,14.88,2026-06-14T22:57:03.307266,D_dm_fullP
exp_feeding_strategies,Optdigits,3823,3823,1124,64,10,D_dm_fullP_m10_L2,arc_cosine,2,10,1000,,0.9617,14.28,2026-06-14T22:57:18.212362,D_dm_fullP
exp_feeding_strategies,Satimage,500,500,1286,36,6,C_splitdata_fullcols_m1_L1,arc_cosine,1,1,1000,,0.8593,0.37,2026-06-14T23:47:39.844189,C — split/full-cols
exp_feeding_strategies,Satimage,500,500,1286,36,6,C_splitdata_fullcols_m1_L1,arc_cosine,1,1,1000,,0.8655,0.33,2026-06-14T23:47:40.188510,C — split/full-cols
exp_feeding_strategies,Satimage,500,500,1286,36,6,C_splitdata_fullcols_m1_L1,arc_cosine,1,1,1000,,0.8297,0.3,2026-06-14T23:47:40.509976,C — split/full-cols
exp_feeding_strategies,Satimage,500,500,1286,36,6,C_splitdata_fullcols_m1_L2,arc_cosine,2,1,1000,,0.8577,0.43,2026-06-14T23:47:40.961281,C — split/full-cols
exp_feeding_strategies,Satimage,500,500,1286,36,6,C_splitdata_fullcols_m1_L2,arc_cosine,2,1,1000,,0.8655,0.41,2026-06-14T23:47:41.397723,C — split/full-cols
exp_feeding_strategies,Satimage,500,500,1286,36,6,C_splitdata_fullcols_m1_L2,arc_cosine,2,1,1000,,0.8383,0.35,2026-06-14T23:47:41.779465,C — split/full-cols
exp_feeding_strategies,Satimage,500,500,1286,36,6,B_in_sqrt_m1_L1,arc_cosine,1,1,1000,,0.8414,0.57,2026-06-14T23:47:42.368773,B-input-√d-
exp_feeding_strategies,Satimage,500,500,1286,36,6,B_in_sqrt_m1_L1,arc_cosine,1,1,1000,,0.825,0.47,2026-06-14T23:47:42.859052,B-input-√d-
exp_feeding_strategies,Satimage,500,500,1286,36,6,B_in_sqrt_m1_L1,arc_cosine,1,1,1000,,0.8188,0.6,2026-06-14T23:47:43.472344,B-input-√d-
exp_feeding_strategies,Satimage,500,500,1286,36,6,B_in_sqrt_m1_L2,arc_cosine,2,1,1000,,0.7698,1.07,2026-06-14T23:47:44.627821,B-input-√d-
exp_feeding_strategies,Satimage,500,500,1286,36,6,B_in_sqrt_m1_L2,arc_cosine,2,1,1000,,0.6501,1.55,2026-06-14T23:47:46.205372,B-input-√d-
exp_feeding_strategies,Satimage,500,500,1286,36,6,B_in_sqrt_m1_L2,arc_cosine,2,1,1000,,0.7107,1.38,2026-06-14T23:47:47.613531,B-input-√d-
exp_feeding_strategies,Satimage,500,500,1286,36,6,B_in_sqrt_m10_L1,arc_cosine,1,10,1000,,0.8569,5.4,2026-06-14T23:47:53.100846,B-input-√d-
exp_feeding_strategies,Satimage,500,500,1286,36,6,B_in_sqrt_m10_L1,arc_cosine,1,10,1000,,0.8663,5.72,2026-06-14T23:47:58.892900,B-input-√d-
exp_feeding_strategies,Satimage,500,500,1286,36,6,B_in_sqrt_m10_L1,arc_cosine,1,10,1000,,0.839,5.48,2026-06-14T23:48:04.466200,B-input-√d-
exp_feeding_strategies,Satimage,500,500,1286,36,6,B_in_sqrt_m10_L2,arc_cosine,2,10,1000,,0.8538,8.06,2026-06-14T23:48:12.693815,B-input-√d-
exp_feeding_strategies,Satimage,500,500,1286,36,6,B_in_sqrt_m10_L2,arc_cosine,2,10,1000,,0.8631,8.28,2026-06-14T23:48:21.146669,B-input-√d-
exp_feeding_strategies,Satimage,500,500,1286,36,6,B_in_sqrt_m10_L2,arc_cosine,2,10,1000,,0.8453,8.09,2026-06-14T23:48:29.410911,B-input-√d-
exp_feeding_strategies,Satimage,500,500,1286,36,6,B_in_sqrt_m50_L1,arc_cosine,1,50,1000,,0.8414,28.96,2026-06-14T23:48:58.786297,B-input-√d-
exp_feeding_strategies,Satimage,500,500,1286,36,6,B_in_sqrt_m50_L1,arc_cosine,1,50,1000,,0.8507,26.55,2026-06-14T23:49:25.754259,B-input-√d-
exp_feeding_strategies,Satimage,500,500,1286,36,6,B_in_sqrt_m50_L1,arc_cosine,1,50,1000,,0.8421,28.74,2026-06-14T23:49:54.918795,B-input-√d-
exp_feeding_strategies,Satimage,500,500,1286,36,6,B_in_sqrt_m50_L2,arc_cosine,2,50,1000,,0.8694,38.65,2026-06-14T23:50:34.346393,B-input-√d-
exp_feeding_strategies,Satimage,500,500,1286,36,6,B_in_sqrt_m50_L2,arc_cosine,2,50,1000,,0.8717,35.45,2026-06-14T23:51:10.618388,B-input-√d-
exp_feeding_strategies,Satimage,500,500,1286,36,6,B_in_sqrt_m50_L2,arc_cosine,2,50,1000,,0.8585,38.47,2026-06-14T23:51:49.948431,B-input-√d-
exp_feeding_strategies,Satimage,500,500,1286,36,6,B_in_dm_m1_L1,arc_cosine,1,1,1000,,0.8476,0.48,2026-06-14T23:51:50.449023,B-input-d/m
exp_feeding_strategies,Satimage,500,500,1286,36,6,B_in_dm_m1_L1,arc_cosine,1,1,1000,,0.8593,0.38,2026-06-14T23:51:50.847504,B-input-d/m
exp_feeding_strategies,Satimage,500,500,1286,36,6,B_in_dm_m1_L1,arc_cosine,1,1,1000,,0.8313,0.39,2026-06-14T23:51:51.257137,B-input-d/m
exp_feeding_strategies,Satimage,500,500,1286,36,6,B_in_dm_m1_L2,arc_cosine,2,1,1000,,0.8515,0.51,2026-06-14T23:51:51.797561,B-input-d/m
exp_feeding_strategies,Satimage,500,500,1286,36,6,B_in_dm_m1_L2,arc_cosine,2,1,1000,,0.8608,0.46,2026-06-14T23:51:52.288218,B-input-d/m
exp_feeding_strategies,Satimage,500,500,1286,36,6,B_in_dm_m1_L2,arc_cosine,2,1,1000,,0.832,0.46,2026-06-14T23:51:52.768764,B-input-d/m
exp_feeding_strategies,Satimage,500,500,1286,36,6,B_in_dm_m10_L1,arc_cosine,1,10,1000,,0.8546,8.03,2026-06-14T23:52:00.877025,B-input-d/m
exp_feeding_strategies,Satimage,500,500,1286,36,6,B_in_dm_m10_L1,arc_cosine,1,10,1000,,0.8701,7.53,2026-06-14T23:52:08.492063,B-input-d/m
exp_feeding_strategies,Satimage,500,500,1286,36,6,B_in_dm_m10_L1,arc_cosine,1,10,1000,,0.8406,7.89,2026-06-14T23:52:16.464263,B-input-d/m
exp_feeding_strategies,Satimage,500,500,1286,36,6,B_in_dm_m10_L2,arc_cosine,2,10,1000,,0.8655,12.74,2026-06-14T23:52:29.371431,B-input-d/m
exp_feeding_strategies,Satimage,500,500,1286,36,6,B_in_dm_m10_L2,arc_cosine,2,10,1000,,0.8639,11.74,2026-06-14T23:52:41.270150,B-input-d/m
exp_feeding_strategies,Satimage,500,500,1286,36,6,B_in_dm_m10_L2,arc_cosine,2,10,1000,,0.8484,12.21,2026-06-14T23:52:53.670015,B-input-d/m
exp_feeding_strategies,Satimage,500,500,1286,36,6,D_sqrt_fullP_m1_L1,arc_cosine,1,1,1000,,0.8421,0.66,2026-06-14T23:52:54.350451,D_sqrt_fullP
exp_feeding_strategies,Satimage,500,500,1286,36,6,D_sqrt_fullP_m1_L1,arc_cosine,1,1,1000,,0.8258,0.6,2026-06-14T23:52:54.971287,D_sqrt_fullP
exp_feeding_strategies,Satimage,500,500,1286,36,6,D_sqrt_fullP_m1_L1,arc_cosine,1,1,1000,,0.8212,0.64,2026-06-14T23:52:55.625255,D_sqrt_fullP
exp_feeding_strategies,Satimage,500,500,1286,36,6,D_sqrt_fullP_m1_L2,arc_cosine,2,1,1000,,0.7418,1.38,2026-06-14T23:52:57.036812,D_sqrt_fullP
exp_feeding_strategies,Satimage,500,500,1286,36,6,D_sqrt_fullP_m1_L2,arc_cosine,2,1,1000,,0.6042,1.67,2026-06-14T23:52:58.724947,D_sqrt_fullP
exp_feeding_strategies,Satimage,500,500,1286,36,6,D_sqrt_fullP_m1_L2,arc_cosine,2,1,1000,,0.7014,1.51,2026-06-14T23:53:00.252295,D_sqrt_fullP
exp_feeding_strategies,Satimage,500,500,1286,36,6,D_dm_fullP_m1_L1,arc_cosine,1,1,1000,,0.8546,0.43,2026-06-14T23:53:00.701178,D_dm_fullP
exp_feeding_strategies,Satimage,500,500,1286,36,6,D_dm_fullP_m1_L1,arc_cosine,1,1,1000,,0.8624,0.39,2026-06-14T23:53:01.112001,D_dm_fullP
exp_feeding_strategies,Satimage,500,500,1286,36,6,D_dm_fullP_m1_L1,arc_cosine,1,1,1000,,0.846,0.38,2026-06-14T23:53:01.514602,D_dm_fullP
exp_feeding_strategies,Satimage,500,500,1286,36,6,D_dm_fullP_m1_L2,arc_cosine,2,1,1000,,0.8585,0.49,2026-06-14T23:53:02.031356,D_dm_fullP
exp_feeding_strategies,Satimage,500,500,1286,36,6,D_dm_fullP_m1_L2,arc_cosine,2,1,1000,,0.8639,0.47,2026-06-14T23:53:02.535984,D_dm_fullP
exp_feeding_strategies,Satimage,500,500,1286,36,6,D_dm_fullP_m1_L2,arc_cosine,2,1,1000,,0.8421,0.47,2026-06-14T23:53:03.029907,D_dm_fullP
exp_feeding_strategies,Satimage,1000,1000,1286,36,6,C_splitdata_fullcols_m1_L1,arc_cosine,1,1,1000,,0.8756,0.31,2026-06-14T23:53:03.356805,C — split/full-cols
exp_feeding_strategies,Satimage,1000,1000,1286,36,6,C_splitdata_fullcols_m1_L1,arc_cosine,1,1,1000,,0.8826,0.28,2026-06-14T23:53:03.664912,C — split/full-cols
exp_feeding_strategies,Satimage,1000,1000,1286,36,6,C_splitdata_fullcols_m1_L1,arc_cosine,1,1,1000,,0.8647,0.28,2026-06-14T23:53:03.968263,C — split/full-cols
exp_feeding_strategies,Satimage,1000,1000,1286,36,6,C_splitdata_fullcols_m1_L2,arc_cosine,2,1,1000,,0.8709,0.46,2026-06-14T23:53:04.456703,C — split/full-cols
exp_feeding_strategies,Satimage,1000,1000,1286,36,6,C_splitdata_fullcols_m1_L2,arc_cosine,2,1,1000,,0.8771,0.48,2026-06-14T23:53:04.981876,C — split/full-cols
exp_feeding_strategies,Satimage,1000,1000,1286,36,6,C_splitdata_fullcols_m1_L2,arc_cosine,2,1,1000,,0.8624,0.43,2026-06-14T23:53:05.440108,C — split/full-cols
exp_feeding_strategies,Satimage,1000,1000,1286,36,6,B_in_sqrt_m1_L1,arc_cosine,1,1,1000,,0.8499,0.29,2026-06-14T23:53:05.744928,B-input-√d-
exp_feeding_strategies,Satimage,1000,1000,1286,36,6,B_in_sqrt_m1_L1,arc_cosine,1,1,1000,,0.8414,0.27,2026-06-14T23:53:06.040916,B-input-√d-
exp_feeding_strategies,Satimage,1000,1000,1286,36,6,B_in_sqrt_m1_L1,arc_cosine,1,1,1000,,0.8476,0.32,2026-06-14T23:53:06.382926,B-input-√d-
exp_feeding_strategies,Satimage,1000,1000,1286,36,6,B_in_sqrt_m1_L2,arc_cosine,2,1,1000,,0.7551,0.49,2026-06-14T23:53:06.903040,B-input-√d-
exp_feeding_strategies,Satimage,1000,1000,1286,36,6,B_in_sqrt_m1_L2,arc_cosine,2,1,1000,,0.7411,0.52,2026-06-14T23:53:07.461526,B-input-√d-
exp_feeding_strategies,Satimage,1000,1000,1286,36,6,B_in_sqrt_m1_L2,arc_cosine,2,1,1000,,0.675,0.53,2026-06-14T23:53:08.027663,B-input-√d-
exp_feeding_strategies,Satimage,1000,1000,1286,36,6,B_in_sqrt_m10_L1,arc_cosine,1,10,1000,,0.8802,2.73,2026-06-14T23:53:10.868129,B-input-√d-
exp_feeding_strategies,Satimage,1000,1000,1286,36,6,B_in_sqrt_m10_L1,arc_cosine,1,10,1000,,0.8927,3.16,2026-06-14T23:53:14.156176,B-input-√d-
exp_feeding_strategies,Satimage,1000,1000,1286,36,6,B_in_sqrt_m10_L1,arc_cosine,1,10,1000,,0.8725,2.88,2026-06-14T23:53:17.175562,B-input-√d-
exp_feeding_strategies,Satimage,1000,1000,1286,36,6,B_in_sqrt_m10_L2,arc_cosine,2,10,1000,,0.8849,4.92,2026-06-14T23:53:22.341088,B-input-√d-
exp_feeding_strategies,Satimage,1000,1000,1286,36,6,B_in_sqrt_m10_L2,arc_cosine,2,10,1000,,0.8841,5.27,2026-06-14T23:53:27.844129,B-input-√d-
exp_feeding_strategies,Satimage,1000,1000,1286,36,6,B_in_sqrt_m10_L2,arc_cosine,2,10,1000,,0.867,5.03,2026-06-14T23:53:33.099348,B-input-√d-
exp_feeding_strategies,Satimage,1000,1000,1286,36,6,B_in_sqrt_m50_L1,arc_cosine,1,50,1000,,0.8733,13.78,2026-06-14T23:53:47.465162,B-input-√d-
exp_feeding_strategies,Satimage,1000,1000,1286,36,6,B_in_sqrt_m50_L1,arc_cosine,1,50,1000,,0.8834,13.98,2026-06-14T23:54:02.000766,B-input-√d-
exp_feeding_strategies,Satimage,1000,1000,1286,36,6,B_in_sqrt_m50_L1,arc_cosine,1,50,1000,,0.8678,14.54,2026-06-14T23:54:17.126008,B-input-√d-
exp_feeding_strategies,Satimage,1000,1000,1286,36,6,B_in_sqrt_m50_L2,arc_cosine,2,50,1000,,0.8904,23.17,2026-06-14T23:54:41.631801,B-input-√d-
exp_feeding_strategies,Satimage,1000,1000,1286,36,6,B_in_sqrt_m50_L2,arc_cosine,2,50,1000,,0.8919,23.76,2026-06-14T23:55:06.660936,B-input-√d-
exp_feeding_strategies,Satimage,1000,1000,1286,36,6,B_in_sqrt_m50_L2,arc_cosine,2,50,1000,,0.8834,24.39,2026-06-14T23:55:32.239840,B-input-√d-
exp_feeding_strategies,Satimage,1000,1000,1286,36,6,B_in_dm_m1_L1,arc_cosine,1,1,1000,,0.881,0.35,2026-06-14T23:55:32.617231,B-input-d/m
exp_feeding_strategies,Satimage,1000,1000,1286,36,6,B_in_dm_m1_L1,arc_cosine,1,1,1000,,0.8764,0.27,2026-06-14T23:55:32.903289,B-input-d/m
exp_feeding_strategies,Satimage,1000,1000,1286,36,6,B_in_dm_m1_L1,arc_cosine,1,1,1000,,0.8733,0.28,2026-06-14T23:55:33.195590,B-input-d/m
exp_feeding_strategies,Satimage,1000,1000,1286,36,6,B_in_dm_m1_L2,arc_cosine,2,1,1000,,0.8725,0.43,2026-06-14T23:55:33.654129,B-input-d/m
exp_feeding_strategies,Satimage,1000,1000,1286,36,6,B_in_dm_m1_L2,arc_cosine,2,1,1000,,0.8733,0.44,2026-06-14T23:55:34.134122,B-input-d/m
exp_feeding_strategies,Satimage,1000,1000,1286,36,6,B_in_dm_m1_L2,arc_cosine,2,1,1000,,0.8639,0.44,2026-06-14T23:55:34.604310,B-input-d/m
exp_feeding_strategies,Satimage,1000,1000,1286,36,6,B_in_dm_m10_L1,arc_cosine,1,10,1000,,0.8802,2.87,2026-06-14T23:55:37.604653,B-input-d/m
exp_feeding_strategies,Satimage,1000,1000,1286,36,6,B_in_dm_m10_L1,arc_cosine,1,10,1000,,0.8841,2.89,2026-06-14T23:55:40.638153,B-input-d/m
exp_feeding_strategies,Satimage,1000,1000,1286,36,6,B_in_dm_m10_L1,arc_cosine,1,10,1000,,0.8717,3.11,2026-06-14T23:55:43.855927,B-input-d/m
exp_feeding_strategies,Satimage,1000,1000,1286,36,6,B_in_dm_m10_L2,arc_cosine,2,10,1000,,0.8857,5.67,2026-06-14T23:55:49.761101,B-input-d/m
exp_feeding_strategies,Satimage,1000,1000,1286,36,6,B_in_dm_m10_L2,arc_cosine,2,10,1000,,0.8787,5.47,2026-06-14T23:55:55.467559,B-input-d/m
exp_feeding_strategies,Satimage,1000,1000,1286,36,6,B_in_dm_m10_L2,arc_cosine,2,10,1000,,0.874,5.73,2026-06-14T23:56:01.433689,B-input-d/m
exp_feeding_strategies,Satimage,1000,1000,1286,36,6,D_sqrt_fullP_m1_L1,arc_cosine,1,1,1000,,0.8515,0.33,2026-06-14T23:56:01.782016,D_sqrt_fullP
exp_feeding_strategies,Satimage,1000,1000,1286,36,6,D_sqrt_fullP_m1_L1,arc_cosine,1,1,1000,,0.8445,0.28,2026-06-14T23:56:02.080321,D_sqrt_fullP
exp_feeding_strategies,Satimage,1000,1000,1286,36,6,D_sqrt_fullP_m1_L1,arc_cosine,1,1,1000,,0.8484,0.32,2026-06-14T23:56:02.422647,D_sqrt_fullP
exp_feeding_strategies,Satimage,1000,1000,1286,36,6,D_sqrt_fullP_m1_L2,arc_cosine,2,1,1000,,0.7543,0.48,2026-06-14T23:56:02.929363,D_sqrt_fullP
exp_feeding_strategies,Satimage,1000,1000,1286,36,6,D_sqrt_fullP_m1_L2,arc_cosine,2,1,1000,,0.7271,0.51,2026-06-14T23:56:03.479948,D_sqrt_fullP
exp_feeding_strategies,Satimage,1000,1000,1286,36,6,D_sqrt_fullP_m1_L2,arc_cosine,2,1,1000,,0.6641,0.5,2026-06-14T23:56:04.012670,D_sqrt_fullP
exp_feeding_strategies,Satimage,1000,1000,1286,36,6,D_dm_fullP_m1_L1,arc_cosine,1,1,1000,,0.8787,0.31,2026-06-14T23:56:04.339662,D_dm_fullP
exp_feeding_strategies,Satimage,1000,1000,1286,36,6,D_dm_fullP_m1_L1,arc_cosine,1,1,1000,,0.8841,0.28,2026-06-14T23:56:04.642105,D_dm_fullP
exp_feeding_strategies,Satimage,1000,1000,1286,36,6,D_dm_fullP_m1_L1,arc_cosine,1,1,1000,,0.8678,0.3,2026-06-14T23:56:04.962944,D_dm_fullP
exp_feeding_strategies,Satimage,1000,1000,1286,36,6,D_dm_fullP_m1_L2,arc_cosine,2,1,1000,,0.8771,0.44,2026-06-14T23:56:05.436653,D_dm_fullP
exp_feeding_strategies,Satimage,1000,1000,1286,36,6,D_dm_fullP_m1_L2,arc_cosine,2,1,1000,,0.8795,0.45,2026-06-14T23:56:05.920342,D_dm_fullP
exp_feeding_strategies,Satimage,1000,1000,1286,36,6,D_dm_fullP_m1_L2,arc_cosine,2,1,1000,,0.8608,0.46,2026-06-14T23:56:06.416921,D_dm_fullP
exp_feeding_strategies,Satimage,2000,2000,1286,36,6,C_splitdata_fullcols_m1_L1,arc_cosine,1,1,1000,,0.8966,0.63,2026-06-14T23:56:07.086137,C — split/full-cols
exp_feeding_strategies,Satimage,2000,2000,1286,36,6,C_splitdata_fullcols_m1_L1,arc_cosine,1,1,1000,,0.8795,0.75,2026-06-14T23:56:07.867449,C — split/full-cols
exp_feeding_strategies,Satimage,2000,2000,1286,36,6,C_splitdata_fullcols_m1_L1,arc_cosine,1,1,1000,,0.8771,0.64,2026-06-14T23:56:08.540044,C — split/full-cols
exp_feeding_strategies,Satimage,2000,2000,1286,36,6,C_splitdata_fullcols_m1_L2,arc_cosine,2,1,1000,,0.8911,0.98,2026-06-14T23:56:09.580153,C — split/full-cols
exp_feeding_strategies,Satimage,2000,2000,1286,36,6,C_splitdata_fullcols_m1_L2,arc_cosine,2,1,1000,,0.8748,1.05,2026-06-14T23:56:10.686144,C — split/full-cols
exp_feeding_strategies,Satimage,2000,2000,1286,36,6,C_splitdata_fullcols_m1_L2,arc_cosine,2,1,1000,,0.8779,1.06,2026-06-14T23:56:11.795662,C — split/full-cols
exp_feeding_strategies,Satimage,2000,2000,1286,36,6,C_splitdata_fullcols_m10_L1,arc_cosine,1,10,1000,,0.8857,1.41,2026-06-14T23:56:13.240258,C — split/full-cols
exp_feeding_strategies,Satimage,2000,2000,1286,36,6,C_splitdata_fullcols_m10_L1,arc_cosine,1,10,1000,,0.8694,1.29,2026-06-14T23:56:14.565304,C — split/full-cols
exp_feeding_strategies,Satimage,2000,2000,1286,36,6,C_splitdata_fullcols_m10_L1,arc_cosine,1,10,1000,,0.8927,1.35,2026-06-14T23:56:15.945000,C — split/full-cols
exp_feeding_strategies,Satimage,2000,2000,1286,36,6,C_splitdata_fullcols_m10_L2,arc_cosine,2,10,1000,,0.8942,2.01,2026-06-14T23:56:18.009936,C — split/full-cols
exp_feeding_strategies,Satimage,2000,2000,1286,36,6,C_splitdata_fullcols_m10_L2,arc_cosine,2,10,1000,,0.8771,1.94,2026-06-14T23:56:20.002152,C — split/full-cols
exp_feeding_strategies,Satimage,2000,2000,1286,36,6,C_splitdata_fullcols_m10_L2,arc_cosine,2,10,1000,,0.8966,1.92,2026-06-14T23:56:21.978370,C — split/full-cols
exp_feeding_strategies,Satimage,2000,2000,1286,36,6,B_in_sqrt_m1_L1,arc_cosine,1,1,1000,,0.8647,0.67,2026-06-14T23:56:22.682670,B-input-√d-
exp_feeding_strategies,Satimage,2000,2000,1286,36,6,B_in_sqrt_m1_L1,arc_cosine,1,1,1000,,0.8445,0.65,2026-06-14T23:56:23.366617,B-input-√d-
exp_feeding_strategies,Satimage,2000,2000,1286,36,6,B_in_sqrt_m1_L1,arc_cosine,1,1,1000,,0.8491,0.68,2026-06-14T23:56:24.073369,B-input-√d-
exp_feeding_strategies,Satimage,2000,2000,1286,36,6,B_in_sqrt_m1_L2,arc_cosine,2,1,1000,,0.8033,1.14,2026-06-14T23:56:25.264944,B-input-√d-
exp_feeding_strategies,Satimage,2000,2000,1286,36,6,B_in_sqrt_m1_L2,arc_cosine,2,1,1000,,0.6998,0.99,2026-06-14T23:56:26.312940,B-input-√d-
exp_feeding_strategies,Satimage,2000,2000,1286,36,6,B_in_sqrt_m1_L2,arc_cosine,2,1,1000,,0.6703,1.24,2026-06-14T23:56:27.618112,B-input-√d-
exp_feeding_strategies,Satimage,2000,2000,1286,36,6,B_in_sqrt_m10_L1,arc_cosine,1,10,1000,,0.9114,5.97,2026-06-14T23:56:33.765198,B-input-√d-
exp_feeding_strategies,Satimage,2000,2000,1286,36,6,B_in_sqrt_m10_L1,arc_cosine,1,10,1000,,0.874,6.74,2026-06-14T23:56:40.707345,B-input-√d-
exp_feeding_strategies,Satimage,2000,2000,1286,36,6,B_in_sqrt_m10_L1,arc_cosine,1,10,1000,,0.8911,6.42,2026-06-14T23:56:47.325074,B-input-√d-
exp_feeding_strategies,Satimage,2000,2000,1286,36,6,B_in_sqrt_m10_L2,arc_cosine,2,10,1000,,0.9005,10.59,2026-06-14T23:56:58.277180,B-input-√d-
exp_feeding_strategies,Satimage,2000,2000,1286,36,6,B_in_sqrt_m10_L2,arc_cosine,2,10,1000,,0.8717,11.56,2026-06-14T23:57:10.203891,B-input-√d-
exp_feeding_strategies,Satimage,2000,2000,1286,36,6,B_in_sqrt_m10_L2,arc_cosine,2,10,1000,,0.8935,11.76,2026-06-14T23:57:22.350549,B-input-√d-
exp_feeding_strategies,Satimage,2000,2000,1286,36,6,B_in_sqrt_m50_L1,arc_cosine,1,50,1000,,0.8966,30.03,2026-06-14T23:57:53.259700,B-input-√d-
exp_feeding_strategies,Satimage,2000,2000,1286,36,6,B_in_sqrt_m50_L1,arc_cosine,1,50,1000,,0.8717,29.89,2026-06-14T23:58:24.061988,B-input-√d-
exp_feeding_strategies,Satimage,2000,2000,1286,36,6,B_in_sqrt_m50_L1,arc_cosine,1,50,1000,,0.8841,32.33,2026-06-14T23:58:57.265028,B-input-√d-
exp_feeding_strategies,Satimage,2000,2000,1286,36,6,B_in_sqrt_m50_L2,arc_cosine,2,50,1000,,0.9036,52.39,2026-06-14T23:59:51.458119,B-input-√d-
exp_feeding_strategies,Satimage,2000,2000,1286,36,6,B_in_sqrt_m50_L2,arc_cosine,2,50,1000,,0.888,52.03,2026-06-15T00:00:45.252778,B-input-√d-
exp_feeding_strategies,Satimage,2000,2000,1286,36,6,B_in_sqrt_m50_L2,arc_cosine,2,50,1000,,0.9059,54.85,2026-06-15T00:01:41.855003,B-input-√d-
exp_feeding_strategies,Satimage,2000,2000,1286,36,6,B_in_dm_m1_L1,arc_cosine,1,1,1000,,0.8966,0.68,2026-06-15T00:01:42.573740,B-input-d/m
exp_feeding_strategies,Satimage,2000,2000,1286,36,6,B_in_dm_m1_L1,arc_cosine,1,1,1000,,0.874,0.69,2026-06-15T00:01:43.298694,B-input-d/m
exp_feeding_strategies,Satimage,2000,2000,1286,36,6,B_in_dm_m1_L1,arc_cosine,1,1,1000,,0.888,0.64,2026-06-15T00:01:43.970760,B-input-d/m
exp_feeding_strategies,Satimage,2000,2000,1286,36,6,B_in_dm_m1_L2,arc_cosine,2,1,1000,,0.8865,0.99,2026-06-15T00:01:45.025204,B-input-d/m
exp_feeding_strategies,Satimage,2000,2000,1286,36,6,B_in_dm_m1_L2,arc_cosine,2,1,1000,,0.8678,1.09,2026-06-15T00:01:46.174162,B-input-d/m
exp_feeding_strategies,Satimage,2000,2000,1286,36,6,B_in_dm_m1_L2,arc_cosine,2,1,1000,,0.8872,1.01,2026-06-15T00:01:47.255384,B-input-d/m
exp_feeding_strategies,Satimage,2000,2000,1286,36,6,B_in_dm_m10_L1,arc_cosine,1,10,1000,,0.8841,6.28,2026-06-15T00:01:53.735866,B-input-d/m
exp_feeding_strategies,Satimage,2000,2000,1286,36,6,B_in_dm_m10_L1,arc_cosine,1,10,1000,,0.8631,6.21,2026-06-15T00:02:00.489661,B-input-d/m
exp_feeding_strategies,Satimage,2000,2000,1286,36,6,B_in_dm_m10_L1,arc_cosine,1,10,1000,,0.8826,6.36,2026-06-15T00:02:07.030548,B-input-d/m
exp_feeding_strategies,Satimage,2000,2000,1286,36,6,B_in_dm_m10_L2,arc_cosine,2,10,1000,,0.8935,12.56,2026-06-15T00:02:19.924265,B-input-d/m
exp_feeding_strategies,Satimage,2000,2000,1286,36,6,B_in_dm_m10_L2,arc_cosine,2,10,1000,,0.8709,11.86,2026-06-15T00:02:32.139059,B-input-d/m
exp_feeding_strategies,Satimage,2000,2000,1286,36,6,B_in_dm_m10_L2,arc_cosine,2,10,1000,,0.8802,12.55,2026-06-15T00:02:45.057050,B-input-d/m
exp_feeding_strategies,Satimage,2000,2000,1286,36,6,D_sqrt_fullP_m1_L1,arc_cosine,1,1,1000,,0.8608,0.68,2026-06-15T00:02:45.770635,D_sqrt_fullP
exp_feeding_strategies,Satimage,2000,2000,1286,36,6,D_sqrt_fullP_m1_L1,arc_cosine,1,1,1000,,0.8484,0.64,2026-06-15T00:02:46.449215,D_sqrt_fullP
exp_feeding_strategies,Satimage,2000,2000,1286,36,6,D_sqrt_fullP_m1_L1,arc_cosine,1,1,1000,,0.8476,0.68,2026-06-15T00:02:47.164975,D_sqrt_fullP
exp_feeding_strategies,Satimage,2000,2000,1286,36,6,D_sqrt_fullP_m1_L2,arc_cosine,2,1,1000,,0.7706,1.11,2026-06-15T00:02:48.348642,D_sqrt_fullP
exp_feeding_strategies,Satimage,2000,2000,1286,36,6,D_sqrt_fullP_m1_L2,arc_cosine,2,1,1000,,0.7084,1.11,2026-06-15T00:02:49.518531,D_sqrt_fullP
exp_feeding_strategies,Satimage,2000,2000,1286,36,6,D_sqrt_fullP_m1_L2,arc_cosine,2,1,1000,,0.6804,1.25,2026-06-15T00:02:50.813578,D_sqrt_fullP
exp_feeding_strategies,Satimage,2000,2000,1286,36,6,D_sqrt_fullP_m10_L1,arc_cosine,1,10,1000,,0.895,2.42,2026-06-15T00:02:53.444499,D_sqrt_fullP
exp_feeding_strategies,Satimage,2000,2000,1286,36,6,D_sqrt_fullP_m10_L1,arc_cosine,1,10,1000,,0.8748,2.72,2026-06-15T00:02:56.356575,D_sqrt_fullP
exp_feeding_strategies,Satimage,2000,2000,1286,36,6,D_sqrt_fullP_m10_L1,arc_cosine,1,10,1000,,0.8857,2.75,2026-06-15T00:02:59.298483,D_sqrt_fullP
exp_feeding_strategies,Satimage,2000,2000,1286,36,6,D_sqrt_fullP_m10_L2,arc_cosine,2,10,1000,,0.895,4.2,2026-06-15T00:03:03.878138,D_sqrt_fullP
exp_feeding_strategies,Satimage,2000,2000,1286,36,6,D_sqrt_fullP_m10_L2,arc_cosine,2,10,1000,,0.8631,4.19,2026-06-15T00:03:08.428486,D_sqrt_fullP
exp_feeding_strategies,Satimage,2000,2000,1286,36,6,D_sqrt_fullP_m10_L2,arc_cosine,2,10,1000,,0.8888,4.43,2026-06-15T00:03:13.207060,D_sqrt_fullP
exp_feeding_strategies,Satimage,2000,2000,1286,36,6,D_dm_fullP_m1_L1,arc_cosine,1,1,1000,,0.8966,0.69,2026-06-15T00:03:13.925817,D_dm_fullP
exp_feeding_strategies,Satimage,2000,2000,1286,36,6,D_dm_fullP_m1_L1,arc_cosine,1,1,1000,,0.8795,0.67,2026-06-15T00:03:14.626158,D_dm_fullP
exp_feeding_strategies,Satimage,2000,2000,1286,36,6,D_dm_fullP_m1_L1,arc_cosine,1,1,1000,,0.8802,0.64,2026-06-15T00:03:15.305222,D_dm_fullP
exp_feeding_strategies,Satimage,2000,2000,1286,36,6,D_dm_fullP_m1_L2,arc_cosine,2,1,1000,,0.9005,0.97,2026-06-15T00:03:16.335427,D_dm_fullP
exp_feeding_strategies,Satimage,2000,2000,1286,36,6,D_dm_fullP_m1_L2,arc_cosine,2,1,1000,,0.8733,1.01,2026-06-15T00:03:17.408160,D_dm_fullP
exp_feeding_strategies,Satimage,2000,2000,1286,36,6,D_dm_fullP_m1_L2,arc_cosine,2,1,1000,,0.8872,1.03,2026-06-15T00:03:18.500352,D_dm_fullP
exp_feeding_strategies,Satimage,2000,2000,1286,36,6,D_dm_fullP_m10_L1,arc_cosine,1,10,1000,,0.8826,3.04,2026-06-15T00:03:21.728401,D_dm_fullP
exp_feeding_strategies,Satimage,2000,2000,1286,36,6,D_dm_fullP_m10_L1,arc_cosine,1,10,1000,,0.8717,2.93,2026-06-15T00:03:24.829620,D_dm_fullP
exp_feeding_strategies,Satimage,2000,2000,1286,36,6,D_dm_fullP_m10_L1,arc_cosine,1,10,1000,,0.8802,3.22,2026-06-15T00:03:28.240303,D_dm_fullP
exp_feeding_strategies,Satimage,2000,2000,1286,36,6,D_dm_fullP_m10_L2,arc_cosine,2,10,1000,,0.895,4.78,2026-06-15T00:03:33.390328,D_dm_fullP
exp_feeding_strategies,Satimage,2000,2000,1286,36,6,D_dm_fullP_m10_L2,arc_cosine,2,10,1000,,0.8756,4.78,2026-06-15T00:03:38.571817,D_dm_fullP
exp_feeding_strategies,Satimage,2000,2000,1286,36,6,D_dm_fullP_m10_L2,arc_cosine,2,10,1000,,0.8958,5.15,2026-06-15T00:03:44.093168,D_dm_fullP
exp_feeding_strategies,Satimage,4435,4435,1286,36,6,C_splitdata_fullcols_m1_L1,arc_cosine,1,1,1000,,0.9106,1.71,2026-06-15T00:03:45.852626,C — split/full-cols
exp_feeding_strategies,Satimage,4435,4435,1286,36,6,C_splitdata_fullcols_m1_L1,arc_cosine,1,1,1000,,0.9059,1.63,2026-06-15T00:03:47.523057,C — split/full-cols
exp_feeding_strategies,Satimage,4435,4435,1286,36,6,C_splitdata_fullcols_m1_L1,arc_cosine,1,1,1000,,0.895,1.5,2026-06-15T00:03:49.069302,C — split/full-cols
exp_feeding_strategies,Satimage,4435,4435,1286,36,6,C_splitdata_fullcols_m1_L2,arc_cosine,2,1,1000,,0.9082,2.55,2026-06-15T00:03:51.698893,C — split/full-cols
exp_feeding_strategies,Satimage,4435,4435,1286,36,6,C_splitdata_fullcols_m1_L2,arc_cosine,2,1,1000,,0.8997,2.36,2026-06-15T00:03:54.144921,C — split/full-cols
exp_feeding_strategies,Satimage,4435,4435,1286,36,6,C_splitdata_fullcols_m1_L2,arc_cosine,2,1,1000,,0.8974,2.33,2026-06-15T00:03:56.555314,C — split/full-cols
exp_feeding_strategies,Satimage,4435,4435,1286,36,6,C_splitdata_fullcols_m10_L1,arc_cosine,1,10,1000,,0.9028,3.23,2026-06-15T00:03:59.830902,C — split/full-cols
exp_feeding_strategies,Satimage,4435,4435,1286,36,6,C_splitdata_fullcols_m10_L1,arc_cosine,1,10,1000,,0.8919,3.09,2026-06-15T00:04:02.963230,C — split/full-cols
exp_feeding_strategies,Satimage,4435,4435,1286,36,6,C_splitdata_fullcols_m10_L1,arc_cosine,1,10,1000,,0.8857,3.1,2026-06-15T00:04:06.105511,C — split/full-cols
exp_feeding_strategies,Satimage,4435,4435,1286,36,6,C_splitdata_fullcols_m10_L2,arc_cosine,2,10,1000,,0.9051,4.9,2026-06-15T00:04:11.099233,C — split/full-cols
exp_feeding_strategies,Satimage,4435,4435,1286,36,6,C_splitdata_fullcols_m10_L2,arc_cosine,2,10,1000,,0.9051,5.05,2026-06-15T00:04:16.239424,C — split/full-cols
exp_feeding_strategies,Satimage,4435,4435,1286,36,6,C_splitdata_fullcols_m10_L2,arc_cosine,2,10,1000,,0.8974,4.98,2026-06-15T00:04:21.310164,C — split/full-cols
exp_feeding_strategies,Satimage,4435,4435,1286,36,6,B_in_sqrt_m1_L1,arc_cosine,1,1,1000,,0.8608,1.76,2026-06-15T00:04:23.118295,B-input-√d-
exp_feeding_strategies,Satimage,4435,4435,1286,36,6,B_in_sqrt_m1_L1,arc_cosine,1,1,1000,,0.8538,1.64,2026-06-15T00:04:24.800204,B-input-√d-
exp_feeding_strategies,Satimage,4435,4435,1286,36,6,B_in_sqrt_m1_L1,arc_cosine,1,1,1000,,0.8554,2.06,2026-06-15T00:04:26.895187,B-input-√d-
exp_feeding_strategies,Satimage,4435,4435,1286,36,6,B_in_sqrt_m1_L2,arc_cosine,2,1,1000,,0.7994,2.82,2026-06-15T00:04:29.787656,B-input-√d-
exp_feeding_strategies,Satimage,4435,4435,1286,36,6,B_in_sqrt_m1_L2,arc_cosine,2,1,1000,,0.7146,2.56,2026-06-15T00:04:32.423244,B-input-√d-
exp_feeding_strategies,Satimage,4435,4435,1286,36,6,B_in_sqrt_m1_L2,arc_cosine,2,1,1000,,0.7667,3.07,2026-06-15T00:04:35.571513,B-input-√d-
exp_feeding_strategies,Satimage,4435,4435,1286,36,6,B_in_sqrt_m10_L1,arc_cosine,1,10,1000,,0.9005,15.54,2026-06-15T00:04:51.488515,B-input-√d-
exp_feeding_strategies,Satimage,4435,4435,1286,36,6,B_in_sqrt_m10_L1,arc_cosine,1,10,1000,,0.9012,19.41,2026-06-15T00:05:11.269201,B-input-√d-
exp_feeding_strategies,Satimage,4435,4435,1286,36,6,B_in_sqrt_m10_L1,arc_cosine,1,10,1000,,0.9005,17.06,2026-06-15T00:05:28.702245,B-input-√d-
exp_feeding_strategies,Satimage,4435,4435,1286,36,6,B_in_sqrt_m10_L2,arc_cosine,2,10,1000,,0.916,27.72,2026-06-15T00:05:57.171302,B-input-√d-
exp_feeding_strategies,Satimage,4435,4435,1286,36,6,B_in_sqrt_m10_L2,arc_cosine,2,10,1000,,0.8966,32.84,2026-06-15T00:06:30.770667,B-input-√d-
exp_feeding_strategies,Satimage,4435,4435,1286,36,6,B_in_sqrt_m10_L2,arc_cosine,2,10,1000,,0.9082,30.02,2026-06-15T00:07:01.545271,B-input-√d-
exp_feeding_strategies,Satimage,4435,4435,1286,36,6,B_in_sqrt_m50_L1,arc_cosine,1,50,1000,,0.9059,83.78,2026-06-15T00:08:27.258755,B-input-√d-
exp_feeding_strategies,Satimage,4435,4435,1286,36,6,B_in_sqrt_m50_L1,arc_cosine,1,50,1000,,0.8981,83.68,2026-06-15T00:09:52.829116,B-input-√d-
exp_feeding_strategies,Satimage,4435,4435,1286,36,6,B_in_sqrt_m50_L1,arc_cosine,1,50,1000,,0.8942,87.04,2026-06-15T00:11:21.756702,B-input-√d-
exp_feeding_strategies,Satimage,4435,4435,1286,36,6,B_in_sqrt_m50_L2,arc_cosine,2,50,1000,,0.9207,138.48,2026-06-15T00:13:44.054677,B-input-√d-
exp_feeding_strategies,Satimage,4435,4435,1286,36,6,B_in_sqrt_m50_L2,arc_cosine,2,50,1000,,0.9191,144.51,2026-06-15T00:16:12.225595,B-input-√d-
exp_feeding_strategies,Satimage,4435,4435,1286,36,6,B_in_sqrt_m50_L2,arc_cosine,2,50,1000,,0.9152,148.99,2026-06-15T00:18:45.116138,B-input-√d-
exp_feeding_strategies,Satimage,4435,4435,1286,36,6,B_in_dm_m1_L1,arc_cosine,1,1,1000,,0.9114,1.78,2026-06-15T00:18:46.937197,B-input-d/m
exp_feeding_strategies,Satimage,4435,4435,1286,36,6,B_in_dm_m1_L1,arc_cosine,1,1,1000,,0.8974,1.52,2026-06-15T00:18:48.502281,B-input-d/m
exp_feeding_strategies,Satimage,4435,4435,1286,36,6,B_in_dm_m1_L1,arc_cosine,1,1,1000,,0.8989,1.6,2026-06-15T00:18:50.145806,B-input-d/m
exp_feeding_strategies,Satimage,4435,4435,1286,36,6,B_in_dm_m1_L2,arc_cosine,2,1,1000,,0.9075,2.58,2026-06-15T00:18:52.796798,B-input-d/m
exp_feeding_strategies,Satimage,4435,4435,1286,36,6,B_in_dm_m1_L2,arc_cosine,2,1,1000,,0.8911,2.27,2026-06-15T00:18:55.148595,B-input-d/m
exp_feeding_strategies,Satimage,4435,4435,1286,36,6,B_in_dm_m1_L2,arc_cosine,2,1,1000,,0.8989,2.37,2026-06-15T00:18:57.600613,B-input-d/m
exp_feeding_strategies,Satimage,4435,4435,1286,36,6,B_in_dm_m10_L1,arc_cosine,1,10,1000,,0.8927,16.12,2026-06-15T00:19:14.046652,B-input-d/m
exp_feeding_strategies,Satimage,4435,4435,1286,36,6,B_in_dm_m10_L1,arc_cosine,1,10,1000,,0.8904,16.09,2026-06-15T00:19:30.484783,B-input-d/m
exp_feeding_strategies,Satimage,4435,4435,1286,36,6,B_in_dm_m10_L1,arc_cosine,1,10,1000,,0.8927,16.04,2026-06-15T00:19:46.858232,B-input-d/m
exp_feeding_strategies,Satimage,4435,4435,1286,36,6,B_in_dm_m10_L2,arc_cosine,2,10,1000,,0.8935,32.53,2026-06-15T00:20:20.095242,B-input-d/m
exp_feeding_strategies,Satimage,4435,4435,1286,36,6,B_in_dm_m10_L2,arc_cosine,2,10,1000,,0.9005,32.26,2026-06-15T00:20:53.042800,B-input-d/m
exp_feeding_strategies,Satimage,4435,4435,1286,36,6,B_in_dm_m10_L2,arc_cosine,2,10,1000,,0.8966,32.83,2026-06-15T00:21:26.564022,B-input-d/m
exp_feeding_strategies,Satimage,4435,4435,1286,36,6,D_sqrt_fullP_m1_L1,arc_cosine,1,1,1000,,0.8639,1.76,2026-06-15T00:21:28.368253,D_sqrt_fullP
exp_feeding_strategies,Satimage,4435,4435,1286,36,6,D_sqrt_fullP_m1_L1,arc_cosine,1,1,1000,,0.8593,1.67,2026-06-15T00:21:30.083143,D_sqrt_fullP
exp_feeding_strategies,Satimage,4435,4435,1286,36,6,D_sqrt_fullP_m1_L1,arc_cosine,1,1,1000,,0.8561,1.83,2026-06-15T00:21:31.951349,D_sqrt_fullP
exp_feeding_strategies,Satimage,4435,4435,1286,36,6,D_sqrt_fullP_m1_L2,arc_cosine,2,1,1000,,0.7737,2.66,2026-06-15T00:21:34.699308,D_sqrt_fullP
exp_feeding_strategies,Satimage,4435,4435,1286,36,6,D_sqrt_fullP_m1_L2,arc_cosine,2,1,1000,,0.7986,2.47,2026-06-15T00:21:37.241441,D_sqrt_fullP
exp_feeding_strategies,Satimage,4435,4435,1286,36,6,D_sqrt_fullP_m1_L2,arc_cosine,2,1,1000,,0.7628,2.99,2026-06-15T00:21:40.307018,D_sqrt_fullP
exp_feeding_strategies,Satimage,4435,4435,1286,36,6,D_sqrt_fullP_m10_L1,arc_cosine,1,10,1000,,0.8966,6.01,2026-06-15T00:21:46.660400,D_sqrt_fullP
exp_feeding_strategies,Satimage,4435,4435,1286,36,6,D_sqrt_fullP_m10_L1,arc_cosine,1,10,1000,,0.8927,6.67,2026-06-15T00:21:53.680163,D_sqrt_fullP
exp_feeding_strategies,Satimage,4435,4435,1286,36,6,D_sqrt_fullP_m10_L1,arc_cosine,1,10,1000,,0.8919,6.09,2026-06-15T00:22:00.115302,D_sqrt_fullP
exp_feeding_strategies,Satimage,4435,4435,1286,36,6,D_sqrt_fullP_m10_L2,arc_cosine,2,10,1000,,0.8981,10.09,2026-06-15T00:22:10.888994,D_sqrt_fullP
exp_feeding_strategies,Satimage,4435,4435,1286,36,6,D_sqrt_fullP_m10_L2,arc_cosine,2,10,1000,,0.8966,10.59,2026-06-15T00:22:22.159373,D_sqrt_fullP
exp_feeding_strategies,Satimage,4435,4435,1286,36,6,D_sqrt_fullP_m10_L2,arc_cosine,2,10,1000,,0.8989,9.81,2026-06-15T00:22:32.691847,D_sqrt_fullP
exp_feeding_strategies,Satimage,4435,4435,1286,36,6,D_dm_fullP_m1_L1,arc_cosine,1,1,1000,,0.9067,1.69,2026-06-15T00:22:34.432329,D_dm_fullP
exp_feeding_strategies,Satimage,4435,4435,1286,36,6,D_dm_fullP_m1_L1,arc_cosine,1,1,1000,,0.9036,1.49,2026-06-15T00:22:35.963034,D_dm_fullP
exp_feeding_strategies,Satimage,4435,4435,1286,36,6,D_dm_fullP_m1_L1,arc_cosine,1,1,1000,,0.9012,1.53,2026-06-15T00:22:37.536179,D_dm_fullP
exp_feeding_strategies,Satimage,4435,4435,1286,36,6,D_dm_fullP_m1_L2,arc_cosine,2,1,1000,,0.9044,2.39,2026-06-15T00:22:40.004984,D_dm_fullP
exp_feeding_strategies,Satimage,4435,4435,1286,36,6,D_dm_fullP_m1_L2,arc_cosine,2,1,1000,,0.9005,2.29,2026-06-15T00:22:42.374325,D_dm_fullP
exp_feeding_strategies,Satimage,4435,4435,1286,36,6,D_dm_fullP_m1_L2,arc_cosine,2,1,1000,,0.8966,2.35,2026-06-15T00:22:44.796416,D_dm_fullP
exp_feeding_strategies,Satimage,4435,4435,1286,36,6,D_dm_fullP_m10_L1,arc_cosine,1,10,1000,,0.8911,7.52,2026-06-15T00:22:52.662560,D_dm_fullP
exp_feeding_strategies,Satimage,4435,4435,1286,36,6,D_dm_fullP_m10_L1,arc_cosine,1,10,1000,,0.8904,7.51,2026-06-15T00:23:00.524425,D_dm_fullP
exp_feeding_strategies,Satimage,4435,4435,1286,36,6,D_dm_fullP_m10_L1,arc_cosine,1,10,1000,,0.8857,7.73,2026-06-15T00:23:08.616499,D_dm_fullP
exp_feeding_strategies,Satimage,4435,4435,1286,36,6,D_dm_fullP_m10_L2,arc_cosine,2,10,1000,,0.8958,12.16,2026-06-15T00:23:21.476244,D_dm_fullP
exp_feeding_strategies,Satimage,4435,4435,1286,36,6,D_dm_fullP_m10_L2,arc_cosine,2,10,1000,,0.8896,12.14,2026-06-15T00:23:34.297962,D_dm_fullP
exp_feeding_strategies,Satimage,4435,4435,1286,36,6,D_dm_fullP_m10_L2,arc_cosine,2,10,1000,,0.8935,12.36,2026-06-15T00:23:47.354880,D_dm_fullP
exp_feeding_strategies,CoverType,1000,1000,20000,54,7,C_splitdata_fullcols_m1_L1,arc_cosine,1,1,1000,,0.6675,1.47,2026-06-15T00:23:54.469189,C — split/full-cols
exp_feeding_strategies,CoverType,1000,1000,20000,54,7,C_splitdata_fullcols_m1_L1,arc_cosine,1,1,1000,,0.6641,1.0,2026-06-15T00:23:55.697857,C — split/full-cols
exp_feeding_strategies,CoverType,1000,1000,20000,54,7,C_splitdata_fullcols_m1_L1,arc_cosine,1,1,1000,,0.6628,1.29,2026-06-15T00:23:57.202928,C — split/full-cols
exp_feeding_strategies,CoverType,1000,1000,20000,54,7,C_splitdata_fullcols_m1_L2,arc_cosine,2,1,1000,,0.6612,1.77,2026-06-15T00:23:59.321175,C — split/full-cols
exp_feeding_strategies,CoverType,1000,1000,20000,54,7,C_splitdata_fullcols_m1_L2,arc_cosine,2,1,1000,,0.6552,1.29,2026-06-15T00:24:00.949285,C — split/full-cols
exp_feeding_strategies,CoverType,1000,1000,20000,54,7,C_splitdata_fullcols_m1_L2,arc_cosine,2,1,1000,,0.6531,1.55,2026-06-15T00:24:02.830070,C — split/full-cols
exp_feeding_strategies,CoverType,1000,1000,20000,54,7,B_in_sqrt_m1_L1,arc_cosine,1,1,1000,,0.5023,1.42,2026-06-15T00:24:04.450749,B-input-√d-
exp_feeding_strategies,CoverType,1000,1000,20000,54,7,B_in_sqrt_m1_L1,arc_cosine,1,1,1000,,0.5004,1.33,2026-06-15T00:24:05.988147,B-input-√d-
exp_feeding_strategies,CoverType,1000,1000,20000,54,7,B_in_sqrt_m1_L1,arc_cosine,1,1,1000,,0.4948,0.81,2026-06-15T00:24:07.000908,B-input-√d-
exp_feeding_strategies,CoverType,1000,1000,20000,54,7,B_in_sqrt_m1_L2,arc_cosine,2,1,1000,,0.5053,1.97,2026-06-15T00:24:09.333147,B-input-√d-
exp_feeding_strategies,CoverType,1000,1000,20000,54,7,B_in_sqrt_m1_L2,arc_cosine,2,1,1000,,0.4909,1.86,2026-06-15T00:24:11.526031,B-input-√d-
exp_feeding_strategies,CoverType,1000,1000,20000,54,7,B_in_sqrt_m1_L2,arc_cosine,2,1,1000,,0.492,1.39,2026-06-15T00:24:13.271927,B-input-√d-
exp_feeding_strategies,CoverType,1000,1000,20000,54,7,B_in_sqrt_m10_L1,arc_cosine,1,10,1000,,0.6469,7.87,2026-06-15T00:24:22.716030,B-input-√d-
exp_feeding_strategies,CoverType,1000,1000,20000,54,7,B_in_sqrt_m10_L1,arc_cosine,1,10,1000,,0.6633,9.1,2026-06-15T00:24:33.277300,B-input-√d-
exp_feeding_strategies,CoverType,1000,1000,20000,54,7,B_in_sqrt_m10_L1,arc_cosine,1,10,1000,,0.5939,6.27,2026-06-15T00:24:40.998844,B-input-√d-
exp_feeding_strategies,CoverType,1000,1000,20000,54,7,B_in_sqrt_m10_L2,arc_cosine,2,10,1000,,0.6321,15.59,2026-06-15T00:24:59.510821,B-input-√d-
exp_feeding_strategies,CoverType,1000,1000,20000,54,7,B_in_sqrt_m10_L2,arc_cosine,2,10,1000,,0.6664,18.71,2026-06-15T00:25:21.320882,B-input-√d-
exp_feeding_strategies,CoverType,1000,1000,20000,54,7,B_in_sqrt_m10_L2,arc_cosine,2,10,1000,,0.5968,16.89,2026-06-15T00:25:41.144146,B-input-√d-
exp_feeding_strategies,CoverType,1000,1000,20000,54,7,B_in_sqrt_m50_L1,arc_cosine,1,50,1000,,0.6406,36.31,2026-06-15T00:26:24.896564,B-input-√d-
exp_feeding_strategies,CoverType,1000,1000,20000,54,7,B_in_sqrt_m50_L1,arc_cosine,1,50,1000,,0.6572,40.74,2026-06-15T00:27:13.082463,B-input-√d-
exp_feeding_strategies,CoverType,1000,1000,20000,54,7,B_in_sqrt_m50_L1,arc_cosine,1,50,1000,,0.6477,30.92,2026-06-15T00:27:51.501496,B-input-√d-
exp_feeding_strategies,CoverType,1000,1000,20000,54,7,B_in_sqrt_m50_L2,arc_cosine,2,50,1000,,0.6939,86.07,2026-06-15T00:29:32.548267,B-input-√d-
exp_feeding_strategies,CoverType,1000,1000,20000,54,7,B_in_sqrt_m50_L2,arc_cosine,2,50,1000,,0.6925,92.92,2026-06-15T00:31:20.191022,B-input-√d-
exp_feeding_strategies,CoverType,1000,1000,20000,54,7,B_in_sqrt_m50_L2,arc_cosine,2,50,1000,,0.6766,75.26,2026-06-15T00:32:50.428871,B-input-√d-
exp_feeding_strategies,CoverType,1000,1000,20000,54,7,B_in_dm_m1_L1,arc_cosine,1,1,1000,,0.6742,1.69,2026-06-15T00:32:52.318406,B-input-d/m
exp_feeding_strategies,CoverType,1000,1000,20000,54,7,B_in_dm_m1_L1,arc_cosine,1,1,1000,,0.6661,0.95,2026-06-15T00:32:53.496878,B-input-d/m
exp_feeding_strategies,CoverType,1000,1000,20000,54,7,B_in_dm_m1_L1,arc_cosine,1,1,1000,,0.6588,1.22,2026-06-15T00:32:54.943633,B-input-d/m
exp_feeding_strategies,CoverType,1000,1000,20000,54,7,B_in_dm_m1_L2,arc_cosine,2,1,1000,,0.6682,1.91,2026-06-15T00:32:57.217814,B-input-d/m
exp_feeding_strategies,CoverType,1000,1000,20000,54,7,B_in_dm_m1_L2,arc_cosine,2,1,1000,,0.6574,1.21,2026-06-15T00:32:58.803664,B-input-d/m
exp_feeding_strategies,CoverType,1000,1000,20000,54,7,B_in_dm_m1_L2,arc_cosine,2,1,1000,,0.6528,1.4,2026-06-15T00:33:00.553356,B-input-d/m
exp_feeding_strategies,CoverType,1000,1000,20000,54,7,B_in_dm_m10_L1,arc_cosine,1,10,1000,,0.6658,5.32,2026-06-15T00:33:07.411525,B-input-d/m
exp_feeding_strategies,CoverType,1000,1000,20000,54,7,B_in_dm_m10_L1,arc_cosine,1,10,1000,,0.6767,6.85,2026-06-15T00:33:15.773365,B-input-d/m
exp_feeding_strategies,CoverType,1000,1000,20000,54,7,B_in_dm_m10_L1,arc_cosine,1,10,1000,,0.6734,5.09,2026-06-15T00:33:22.327965,B-input-d/m
exp_feeding_strategies,CoverType,1000,1000,20000,54,7,B_in_dm_m10_L2,arc_cosine,2,10,1000,,0.661,16.32,2026-06-15T00:33:41.545891,B-input-d/m
exp_feeding_strategies,CoverType,1000,1000,20000,54,7,B_in_dm_m10_L2,arc_cosine,2,10,1000,,0.6563,17.48,2026-06-15T00:34:01.979236,B-input-d/m
exp_feeding_strategies,CoverType,1000,1000,20000,54,7,B_in_dm_m10_L2,arc_cosine,2,10,1000,,0.6544,15.4,2026-06-15T00:34:20.293249,B-input-d/m
exp_feeding_strategies,CoverType,1000,1000,20000,54,7,B_in_dm_m50_L1,arc_cosine,1,50,1000,,0.6985,6.98,2026-06-15T00:34:35.014558,B-input-d/m
exp_feeding_strategies,CoverType,1000,1000,20000,54,7,B_in_dm_m50_L1,arc_cosine,1,50,1000,,0.6891,6.67,2026-06-15T00:34:49.536878,B-input-d/m
exp_feeding_strategies,CoverType,1000,1000,20000,54,7,B_in_dm_m50_L1,arc_cosine,1,50,1000,,0.688,6.58,2026-06-15T00:35:03.775245,B-input-d/m
exp_feeding_strategies,CoverType,1000,1000,20000,54,7,B_in_dm_m50_L2,arc_cosine,2,50,1000,,0.6288,42.58,2026-06-15T00:36:01.323643,B-input-d/m
exp_feeding_strategies,CoverType,1000,1000,20000,54,7,B_in_dm_m50_L2,arc_cosine,2,50,1000,,0.6377,41.18,2026-06-15T00:36:57.520978,B-input-d/m
exp_feeding_strategies,CoverType,1000,1000,20000,54,7,B_in_dm_m50_L2,arc_cosine,2,50,1000,,0.6257,39.29,2026-06-15T00:37:51.791338,B-input-d/m
exp_feeding_strategies,CoverType,1000,1000,20000,54,7,D_sqrt_fullP_m1_L1,arc_cosine,1,1,1000,,0.5073,1.28,2026-06-15T00:37:53.312447,D_sqrt_fullP
exp_feeding_strategies,CoverType,1000,1000,20000,54,7,D_sqrt_fullP_m1_L1,arc_cosine,1,1,1000,,0.5013,1.36,2026-06-15T00:37:54.857606,D_sqrt_fullP
exp_feeding_strategies,CoverType,1000,1000,20000,54,7,D_sqrt_fullP_m1_L1,arc_cosine,1,1,1000,,0.4939,0.55,2026-06-15T00:37:55.643365,D_sqrt_fullP
exp_feeding_strategies,CoverType,1000,1000,20000,54,7,D_sqrt_fullP_m1_L2,arc_cosine,2,1,1000,,0.5012,1.92,2026-06-15T00:37:57.898130,D_sqrt_fullP
exp_feeding_strategies,CoverType,1000,1000,20000,54,7,D_sqrt_fullP_m1_L2,arc_cosine,2,1,1000,,0.4939,1.93,2026-06-15T00:38:00.150002,D_sqrt_fullP
exp_feeding_strategies,CoverType,1000,1000,20000,54,7,D_sqrt_fullP_m1_L2,arc_cosine,2,1,1000,,0.4986,1.23,2026-06-15T00:38:01.736194,D_sqrt_fullP
exp_feeding_strategies,CoverType,1000,1000,20000,54,7,D_dm_fullP_m1_L1,arc_cosine,1,1,1000,,0.6776,1.27,2026-06-15T00:38:03.249726,D_dm_fullP
exp_feeding_strategies,CoverType,1000,1000,20000,54,7,D_dm_fullP_m1_L1,arc_cosine,1,1,1000,,0.6714,1.14,2026-06-15T00:38:04.633401,D_dm_fullP
exp_feeding_strategies,CoverType,1000,1000,20000,54,7,D_dm_fullP_m1_L1,arc_cosine,1,1,1000,,0.6679,1.32,2026-06-15T00:38:06.174815,D_dm_fullP
exp_feeding_strategies,CoverType,1000,1000,20000,54,7,D_dm_fullP_m1_L2,arc_cosine,2,1,1000,,0.6708,1.54,2026-06-15T00:38:08.040973,D_dm_fullP
exp_feeding_strategies,CoverType,1000,1000,20000,54,7,D_dm_fullP_m1_L2,arc_cosine,2,1,1000,,0.6623,1.4,2026-06-15T00:38:09.781785,D_dm_fullP
exp_feeding_strategies,CoverType,1000,1000,20000,54,7,D_dm_fullP_m1_L2,arc_cosine,2,1,1000,,0.6599,1.57,2026-06-15T00:38:11.686672,D_dm_fullP
exp_feeding_strategies,CoverType,5000,5000,20000,54,7,C_splitdata_fullcols_m1_L1,arc_cosine,1,1,1000,,0.7422,7.64,2026-06-15T00:38:19.560371,C — split/full-cols
exp_feeding_strategies,CoverType,5000,5000,20000,54,7,C_splitdata_fullcols_m1_L1,arc_cosine,1,1,1000,,0.7409,6.19,2026-06-15T00:38:25.959139,C — split/full-cols
exp_feeding_strategies,CoverType,5000,5000,20000,54,7,C_splitdata_fullcols_m1_L1,arc_cosine,1,1,1000,,0.7351,8.32,2026-06-15T00:38:34.516797,C — split/full-cols
exp_feeding_strategies,CoverType,5000,5000,20000,54,7,C_splitdata_fullcols_m1_L2,arc_cosine,2,1,1000,,0.7446,10.12,2026-06-15T00:38:45.005825,C — split/full-cols
exp_feeding_strategies,CoverType,5000,5000,20000,54,7,C_splitdata_fullcols_m1_L2,arc_cosine,2,1,1000,,0.739,8.39,2026-06-15T00:38:53.803758,C — split/full-cols
exp_feeding_strategies,CoverType,5000,5000,20000,54,7,C_splitdata_fullcols_m1_L2,arc_cosine,2,1,1000,,0.7369,10.65,2026-06-15T00:39:04.840097,C — split/full-cols
exp_feeding_strategies,CoverType,5000,5000,20000,54,7,C_splitdata_fullcols_m10_L1,arc_cosine,1,10,1000,,0.7276,6.66,2026-06-15T00:39:11.744155,C — split/full-cols
exp_feeding_strategies,CoverType,5000,5000,20000,54,7,C_splitdata_fullcols_m10_L1,arc_cosine,1,10,1000,,0.7232,6.8,2026-06-15T00:39:18.779019,C — split/full-cols
exp_feeding_strategies,CoverType,5000,5000,20000,54,7,C_splitdata_fullcols_m10_L1,arc_cosine,1,10,1000,,0.7286,7.0,2026-06-15T00:39:25.999758,C — split/full-cols
exp_feeding_strategies,CoverType,5000,5000,20000,54,7,C_splitdata_fullcols_m10_L2,arc_cosine,2,10,1000,,0.7389,11.57,2026-06-15T00:39:37.991660,C — split/full-cols
exp_feeding_strategies,CoverType,5000,5000,20000,54,7,C_splitdata_fullcols_m10_L2,arc_cosine,2,10,1000,,0.7321,11.9,2026-06-15T00:39:50.340438,C — split/full-cols
exp_feeding_strategies,CoverType,5000,5000,20000,54,7,C_splitdata_fullcols_m10_L2,arc_cosine,2,10,1000,,0.7386,11.9,2026-06-15T00:40:02.678726,C — split/full-cols
exp_feeding_strategies,CoverType,5000,5000,20000,54,7,B_in_sqrt_m1_L1,arc_cosine,1,1,1000,,0.5236,6.99,2026-06-15T00:40:09.881182,B-input-√d-
exp_feeding_strategies,CoverType,5000,5000,20000,54,7,B_in_sqrt_m1_L1,arc_cosine,1,1,1000,,0.5018,8.69,2026-06-15T00:40:18.787340,B-input-√d-
exp_feeding_strategies,CoverType,5000,5000,20000,54,7,B_in_sqrt_m1_L1,arc_cosine,1,1,1000,,0.5042,4.0,2026-06-15T00:40:22.995450,B-input-√d-
exp_feeding_strategies,CoverType,5000,5000,20000,54,7,B_in_sqrt_m1_L2,arc_cosine,2,1,1000,,0.5262,10.38,2026-06-15T00:40:33.762594,B-input-√d-
exp_feeding_strategies,CoverType,5000,5000,20000,54,7,B_in_sqrt_m1_L2,arc_cosine,2,1,1000,,0.4847,13.27,2026-06-15T00:40:47.417204,B-input-√d-
exp_feeding_strategies,CoverType,5000,5000,20000,54,7,B_in_sqrt_m1_L2,arc_cosine,2,1,1000,,0.504,7.05,2026-06-15T00:40:54.851375,B-input-√d-
exp_feeding_strategies,CoverType,5000,5000,20000,54,7,B_in_sqrt_m10_L1,arc_cosine,1,10,1000,,0.7026,51.16,2026-06-15T00:41:47.785899,B-input-√d-
exp_feeding_strategies,CoverType,5000,5000,20000,54,7,B_in_sqrt_m10_L1,arc_cosine,1,10,1000,,0.7096,58.15,2026-06-15T00:42:47.694043,B-input-√d-
exp_feeding_strategies,CoverType,5000,5000,20000,54,7,B_in_sqrt_m10_L1,arc_cosine,1,10,1000,,0.6504,49.76,2026-06-15T00:43:39.190851,B-input-√d-
exp_feeding_strategies,CoverType,5000,5000,20000,54,7,B_in_sqrt_m10_L2,arc_cosine,2,10,1000,,0.7086,120.77,2026-06-15T00:45:43.529634,B-input-√d-
exp_feeding_strategies,CoverType,5000,5000,20000,54,7,B_in_sqrt_m10_L2,arc_cosine,2,10,1000,,0.7134,153.96,2026-06-15T00:48:20.921303,B-input-√d-
exp_feeding_strategies,CoverType,5000,5000,20000,54,7,B_in_sqrt_m10_L2,arc_cosine,2,10,1000,,0.6704,137.86,2026-06-15T00:50:42.269180,B-input-√d-
exp_feeding_strategies,CoverType,5000,5000,20000,54,7,B_in_sqrt_m50_L1,arc_cosine,1,50,1000,,0.7331,232.59,2026-06-15T00:54:43.530236,B-input-√d-
exp_feeding_strategies,CoverType,5000,5000,20000,54,7,B_in_sqrt_m50_L1,arc_cosine,1,50,1000,,0.734,268.12,2026-06-15T00:59:20.483578,B-input-√d-
exp_feeding_strategies,CoverType,5000,5000,20000,54,7,B_in_sqrt_m50_L1,arc_cosine,1,50,1000,,0.7391,236.47,2026-06-15T01:03:25.537610,B-input-√d-
exp_feeding_strategies,CoverType,5000,5000,20000,54,7,B_in_sqrt_m50_L2,arc_cosine,2,50,1000,,0.7694,641.76,2026-06-15T01:14:25.132202,B-input-√d-
exp_feeding_strategies,CoverType,5000,5000,20000,54,7,B_in_sqrt_m50_L2,arc_cosine,2,50,1000,,0.7586,666.38,2026-06-15T01:25:49.113333,B-input-√d-
exp_feeding_strategies,CoverType,5000,5000,20000,54,7,B_in_sqrt_m50_L2,arc_cosine,2,50,1000,,0.7575,636.24,2026-06-15T01:36:42.816121,B-input-√d-
exp_feeding_strategies,CoverType,5000,5000,20000,54,7,B_in_dm_m1_L1,arc_cosine,1,1,1000,,0.743,9.42,2026-06-15T01:36:52.481917,B-input-d/m
exp_feeding_strategies,CoverType,5000,5000,20000,54,7,B_in_dm_m1_L1,arc_cosine,1,1,1000,,0.7388,8.37,2026-06-15T01:37:01.077633,B-input-d/m
exp_feeding_strategies,CoverType,5000,5000,20000,54,7,B_in_dm_m1_L1,arc_cosine,1,1,1000,,0.7408,8.42,2026-06-15T01:37:09.733550,B-input-d/m
exp_feeding_strategies,CoverType,5000,5000,20000,54,7,B_in_dm_m1_L2,arc_cosine,2,1,1000,,0.7375,11.77,2026-06-15T01:37:21.888969,B-input-d/m
exp_feeding_strategies,CoverType,5000,5000,20000,54,7,B_in_dm_m1_L2,arc_cosine,2,1,1000,,0.7376,10.72,2026-06-15T01:37:32.995216,B-input-d/m
exp_feeding_strategies,CoverType,5000,5000,20000,54,7,B_in_dm_m1_L2,arc_cosine,2,1,1000,,0.7382,11.09,2026-06-15T01:37:44.492657,B-input-d/m
exp_feeding_strategies,CoverType,5000,5000,20000,54,7,B_in_dm_m10_L1,arc_cosine,1,10,1000,,0.7145,35.83,2026-06-15T01:38:22.135460,B-input-d/m
exp_feeding_strategies,CoverType,5000,5000,20000,54,7,B_in_dm_m10_L1,arc_cosine,1,10,1000,,0.7211,36.87,2026-06-15T01:39:00.788757,B-input-d/m
exp_feeding_strategies,CoverType,5000,5000,20000,54,7,B_in_dm_m10_L1,arc_cosine,1,10,1000,,0.7181,38.87,2026-06-15T01:39:41.419341,B-input-d/m
exp_feeding_strategies,CoverType,5000,5000,20000,54,7,B_in_dm_m10_L2,arc_cosine,2,10,1000,,0.7304,118.1,2026-06-15T01:41:43.098981,B-input-d/m
exp_feeding_strategies,CoverType,5000,5000,20000,54,7,B_in_dm_m10_L2,arc_cosine,2,10,1000,,0.7256,112.3,2026-06-15T01:43:38.878782,B-input-d/m
exp_feeding_strategies,CoverType,5000,5000,20000,54,7,B_in_dm_m10_L2,arc_cosine,2,10,1000,,0.7298,118.65,2026-06-15T01:45:41.079874,B-input-d/m
exp_feeding_strategies,CoverType,5000,5000,20000,54,7,B_in_dm_m50_L1,arc_cosine,1,50,1000,,0.7133,30.7,2026-06-15T01:46:20.959603,B-input-d/m
exp_feeding_strategies,CoverType,5000,5000,20000,54,7,B_in_dm_m50_L1,arc_cosine,1,50,1000,,0.7092,30.15,2026-06-15T01:47:00.317568,B-input-d/m
exp_feeding_strategies,CoverType,5000,5000,20000,54,7,B_in_dm_m50_L1,arc_cosine,1,50,1000,,0.7175,30.98,2026-06-15T01:47:40.604921,B-input-d/m
exp_feeding_strategies,CoverType,5000,5000,20000,54,7,B_in_dm_m50_L2,arc_cosine,2,50,1000,,0.7251,304.99,2026-06-15T01:53:04.093784,B-input-d/m
exp_feeding_strategies,CoverType,5000,5000,20000,54,7,B_in_dm_m50_L2,arc_cosine,2,50,1000,,0.7158,288.11,2026-06-15T01:58:10.605666,B-input-d/m
exp_feeding_strategies,CoverType,5000,5000,20000,54,7,B_in_dm_m50_L2,arc_cosine,2,50,1000,,0.7241,282.92,2026-06-15T02:03:11.725900,B-input-d/m
exp_feeding_strategies,CoverType,5000,5000,20000,54,7,D_sqrt_fullP_m1_L1,arc_cosine,1,1,1000,,0.5236,7.78,2026-06-15T02:03:19.745411,D_sqrt_fullP
exp_feeding_strategies,CoverType,5000,5000,20000,54,7,D_sqrt_fullP_m1_L1,arc_cosine,1,1,1000,,0.5005,7.69,2026-06-15T02:03:27.659338,D_sqrt_fullP
exp_feeding_strategies,CoverType,5000,5000,20000,54,7,D_sqrt_fullP_m1_L1,arc_cosine,1,1,1000,,0.5036,4.37,2026-06-15T02:03:32.251893,D_sqrt_fullP
exp_feeding_strategies,CoverType,5000,5000,20000,54,7,D_sqrt_fullP_m1_L2,arc_cosine,2,1,1000,,0.5222,12.29,2026-06-15T02:03:44.926932,D_sqrt_fullP
exp_feeding_strategies,CoverType,5000,5000,20000,54,7,D_sqrt_fullP_m1_L2,arc_cosine,2,1,1000,,0.4969,11.94,2026-06-15T02:03:57.254137,D_sqrt_fullP
exp_feeding_strategies,CoverType,5000,5000,20000,54,7,D_sqrt_fullP_m1_L2,arc_cosine,2,1,1000,,0.505,8.94,2026-06-15T02:04:06.593056,D_sqrt_fullP
exp_feeding_strategies,CoverType,5000,5000,20000,54,7,D_sqrt_fullP_m10_L1,arc_cosine,1,10,1000,,0.6908,18.13,2026-06-15T02:04:26.498802,D_sqrt_fullP
exp_feeding_strategies,CoverType,5000,5000,20000,54,7,D_sqrt_fullP_m10_L1,arc_cosine,1,10,1000,,0.7102,17.55,2026-06-15T02:04:45.835227,D_sqrt_fullP
exp_feeding_strategies,CoverType,5000,5000,20000,54,7,D_sqrt_fullP_m10_L1,arc_cosine,1,10,1000,,0.6457,17.61,2026-06-15T02:05:05.224178,D_sqrt_fullP
exp_feeding_strategies,CoverType,5000,5000,20000,54,7,D_sqrt_fullP_m10_L2,arc_cosine,2,10,1000,,0.6796,29.37,2026-06-15T02:05:38.199396,D_sqrt_fullP
exp_feeding_strategies,CoverType,5000,5000,20000,54,7,D_sqrt_fullP_m10_L2,arc_cosine,2,10,1000,,0.7117,27.16,2026-06-15T02:06:08.926873,D_sqrt_fullP
exp_feeding_strategies,CoverType,5000,5000,20000,54,7,D_sqrt_fullP_m10_L2,arc_cosine,2,10,1000,,0.6512,29.1,2026-06-15T02:06:41.613192,D_sqrt_fullP
exp_feeding_strategies,CoverType,5000,5000,20000,54,7,D_dm_fullP_m1_L1,arc_cosine,1,1,1000,,0.7477,8.66,2026-06-15T02:06:50.529513,D_dm_fullP
exp_feeding_strategies,CoverType,5000,5000,20000,54,7,D_dm_fullP_m1_L1,arc_cosine,1,1,1000,,0.7422,8.52,2026-06-15T02:06:59.283750,D_dm_fullP
exp_feeding_strategies,CoverType,5000,5000,20000,54,7,D_dm_fullP_m1_L1,arc_cosine,1,1,1000,,0.7379,9.6,2026-06-15T02:07:09.113846,D_dm_fullP
exp_feeding_strategies,CoverType,5000,5000,20000,54,7,D_dm_fullP_m1_L2,arc_cosine,2,1,1000,,0.7481,10.63,2026-06-15T02:07:20.143504,D_dm_fullP
exp_feeding_strategies,CoverType,5000,5000,20000,54,7,D_dm_fullP_m1_L2,arc_cosine,2,1,1000,,0.7417,11.0,2026-06-15T02:07:31.575221,D_dm_fullP
exp_feeding_strategies,CoverType,5000,5000,20000,54,7,D_dm_fullP_m1_L2,arc_cosine,2,1,1000,,0.7363,11.99,2026-06-15T02:07:43.981540,D_dm_fullP
exp_feeding_strategies,CoverType,5000,5000,20000,54,7,D_dm_fullP_m10_L1,arc_cosine,1,10,1000,,0.7151,18.68,2026-06-15T02:08:04.490200,D_dm_fullP
exp_feeding_strategies,CoverType,5000,5000,20000,54,7,D_dm_fullP_m10_L1,arc_cosine,1,10,1000,,0.7085,19.5,2026-06-15T02:08:25.781884,D_dm_fullP
exp_feeding_strategies,CoverType,5000,5000,20000,54,7,D_dm_fullP_m10_L1,arc_cosine,1,10,1000,,0.7145,19.08,2026-06-15T02:08:46.638054,D_dm_fullP
exp_feeding_strategies,CoverType,5000,5000,20000,54,7,D_dm_fullP_m10_L2,arc_cosine,2,10,1000,,0.7215,29.94,2026-06-15T02:09:20.076203,D_dm_fullP
exp_feeding_strategies,CoverType,5000,5000,20000,54,7,D_dm_fullP_m10_L2,arc_cosine,2,10,1000,,0.7153,30.6,2026-06-15T02:09:54.320880,D_dm_fullP
exp_feeding_strategies,CoverType,5000,5000,20000,54,7,D_dm_fullP_m10_L2,arc_cosine,2,10,1000,,0.7165,30.98,2026-06-15T02:10:28.886016,D_dm_fullP
exp_feeding_strategies,CoverType,10000,10000,20000,54,7,C_splitdata_fullcols_m1_L1,arc_cosine,1,1,1000,,0.7626,17.71,2026-06-15T02:10:46.860773,C — split/full-cols
exp_feeding_strategies,CoverType,10000,10000,20000,54,7,C_splitdata_fullcols_m1_L1,arc_cosine,1,1,1000,,0.7682,15.95,2026-06-15T02:11:03.079311,C — split/full-cols
exp_feeding_strategies,CoverType,10000,10000,20000,54,7,C_splitdata_fullcols_m1_L1,arc_cosine,1,1,1000,,0.7608,15.3,2026-06-15T02:11:18.664267,C — split/full-cols
exp_feeding_strategies,CoverType,10000,10000,20000,54,7,C_splitdata_fullcols_m1_L2,arc_cosine,2,1,1000,,0.7633,23.68,2026-06-15T02:11:42.840978,C — split/full-cols
exp_feeding_strategies,CoverType,10000,10000,20000,54,7,C_splitdata_fullcols_m1_L2,arc_cosine,2,1,1000,,0.7718,22.76,2026-06-15T02:12:06.051421,C — split/full-cols
exp_feeding_strategies,CoverType,10000,10000,20000,54,7,C_splitdata_fullcols_m1_L2,arc_cosine,2,1,1000,,0.7649,19.49,2026-06-15T02:12:25.997687,C — split/full-cols
exp_feeding_strategies,CoverType,10000,10000,20000,54,7,C_splitdata_fullcols_m10_L1,arc_cosine,1,10,1000,,0.7475,13.14,2026-06-15T02:12:39.435791,C — split/full-cols
exp_feeding_strategies,CoverType,10000,10000,20000,54,7,C_splitdata_fullcols_m10_L1,arc_cosine,1,10,1000,,0.7498,12.29,2026-06-15T02:12:51.983810,C — split/full-cols
exp_feeding_strategies,CoverType,10000,10000,20000,54,7,C_splitdata_fullcols_m10_L1,arc_cosine,1,10,1000,,0.7426,14.23,2026-06-15T02:13:06.494188,C — split/full-cols
exp_feeding_strategies,CoverType,10000,10000,20000,54,7,C_splitdata_fullcols_m10_L2,arc_cosine,2,10,1000,,0.76,19.78,2026-06-15T02:13:26.800639,C — split/full-cols
exp_feeding_strategies,CoverType,10000,10000,20000,54,7,C_splitdata_fullcols_m10_L2,arc_cosine,2,10,1000,,0.7659,20.71,2026-06-15T02:13:48.025341,C — split/full-cols
exp_feeding_strategies,CoverType,10000,10000,20000,54,7,C_splitdata_fullcols_m10_L2,arc_cosine,2,10,1000,,0.7572,23.61,2026-06-15T02:14:12.144543,C — split/full-cols
exp_feeding_strategies,CoverType,10000,10000,20000,54,7,C_splitdata_fullcols_m50_L1,arc_cosine,1,50,1000,,0.7509,30.42,2026-06-15T02:14:43.131489,C — split/full-cols
exp_feeding_strategies,CoverType,10000,10000,20000,54,7,C_splitdata_fullcols_m50_L1,arc_cosine,1,50,1000,,0.7512,23.82,2026-06-15T02:15:07.384563,C — split/full-cols
exp_feeding_strategies,CoverType,10000,10000,20000,54,7,C_splitdata_fullcols_m50_L1,arc_cosine,1,50,1000,,0.7482,27.45,2026-06-15T02:15:35.276880,C — split/full-cols
exp_feeding_strategies,CoverType,10000,10000,20000,54,7,C_splitdata_fullcols_m50_L2,arc_cosine,2,50,1000,,0.7593,23.35,2026-06-15T02:15:59.563982,C — split/full-cols
exp_feeding_strategies,CoverType,10000,10000,20000,54,7,C_splitdata_fullcols_m50_L2,arc_cosine,2,50,1000,,0.76,29.08,2026-06-15T02:16:29.559142,C — split/full-cols
exp_feeding_strategies,CoverType,10000,10000,20000,54,7,C_splitdata_fullcols_m50_L2,arc_cosine,2,50,1000,,0.7558,24.48,2026-06-15T02:16:54.958748,C — split/full-cols
exp_feeding_strategies,CoverType,10000,10000,20000,54,7,B_in_sqrt_m1_L1,arc_cosine,1,1,1000,,0.5294,13.79,2026-06-15T02:17:09.012374,B-input-√d-
exp_feeding_strategies,CoverType,10000,10000,20000,54,7,B_in_sqrt_m1_L1,arc_cosine,1,1,1000,,0.5049,17.17,2026-06-15T02:17:26.450718,B-input-√d-
exp_feeding_strategies,CoverType,10000,10000,20000,54,7,B_in_sqrt_m1_L1,arc_cosine,1,1,1000,,0.512,11.83,2026-06-15T02:17:38.563776,B-input-√d-
exp_feeding_strategies,CoverType,10000,10000,20000,54,7,B_in_sqrt_m1_L2,arc_cosine,2,1,1000,,0.5277,18.47,2026-06-15T02:17:57.535071,B-input-√d-
exp_feeding_strategies,CoverType,10000,10000,20000,54,7,B_in_sqrt_m1_L2,arc_cosine,2,1,1000,,0.4952,24.9,2026-06-15T02:18:22.914087,B-input-√d-
exp_feeding_strategies,CoverType,10000,10000,20000,54,7,B_in_sqrt_m1_L2,arc_cosine,2,1,1000,,0.5132,17.24,2026-06-15T02:18:40.636761,B-input-√d-
exp_feeding_strategies,CoverType,10000,10000,20000,54,7,B_in_sqrt_m10_L1,arc_cosine,1,10,1000,,0.7209,106.39,2026-06-15T02:20:29.160787,B-input-√d-
exp_feeding_strategies,CoverType,10000,10000,20000,54,7,B_in_sqrt_m10_L1,arc_cosine,1,10,1000,,0.7268,130.26,2026-06-15T02:22:41.554826,B-input-√d-
exp_feeding_strategies,CoverType,10000,10000,20000,54,7,B_in_sqrt_m10_L1,arc_cosine,1,10,1000,,0.6595,101.36,2026-06-15T02:24:25.034733,B-input-√d-
exp_feeding_strategies,CoverType,10000,10000,20000,54,7,B_in_sqrt_m10_L2,arc_cosine,2,10,1000,,0.735,270.1,2026-06-15T02:28:59.437226,B-input-√d-
exp_feeding_strategies,CoverType,10000,10000,20000,54,7,B_in_sqrt_m10_L2,arc_cosine,2,10,1000,,0.7398,326.13,2026-06-15T02:34:29.800340,B-input-√d-
exp_feeding_strategies,CoverType,10000,10000,20000,54,7,B_in_sqrt_m10_L2,arc_cosine,2,10,1000,,0.7019,318.99,2026-06-15T02:39:52.990288,B-input-√d-
exp_feeding_strategies,CoverType,10000,10000,20000,54,7,B_in_sqrt_m50_L1,arc_cosine,1,50,1000,,0.7613,505.78,2026-06-15T02:48:29.491727,B-input-√d-
exp_feeding_strategies,CoverType,10000,10000,20000,54,7,B_in_sqrt_m50_L1,arc_cosine,1,50,1000,,0.766,589.79,2026-06-15T02:58:29.846182,B-input-√d-
exp_feeding_strategies,CoverType,10000,10000,20000,54,7,B_in_sqrt_m50_L1,arc_cosine,1,50,1000,,0.767,491.06,2026-06-15T03:06:51.900781,B-input-√d-
exp_feeding_strategies,CoverType,10000,10000,20000,54,7,B_in_sqrt_m50_L2,arc_cosine,2,50,1000,,0.8055,1311.37,2026-06-15T03:29:04.905529,B-input-√d-
exp_feeding_strategies,CoverType,10000,10000,20000,54,7,B_in_sqrt_m50_L2,arc_cosine,2,50,1000,,0.7966,1448.74,2026-06-15T03:53:35.164247,B-input-√d-
exp_feeding_strategies,CoverType,10000,10000,20000,54,7,B_in_sqrt_m50_L2,arc_cosine,2,50,1000,,0.7999,1369.48,2026-06-15T04:16:46.079782,B-input-√d-
exp_feeding_strategies,CoverType,10000,10000,20000,54,7,B_in_dm_m1_L1,arc_cosine,1,1,1000,,0.7641,18.97,2026-06-15T04:17:05.336404,B-input-d/m
exp_feeding_strategies,CoverType,10000,10000,20000,54,7,B_in_dm_m1_L1,arc_cosine,1,1,1000,,0.7671,18.42,2026-06-15T04:17:24.027590,B-input-d/m
exp_feeding_strategies,CoverType,10000,10000,20000,54,7,B_in_dm_m1_L1,arc_cosine,1,1,1000,,0.7644,17.88,2026-06-15T04:17:42.177502,B-input-d/m
exp_feeding_strategies,CoverType,10000,10000,20000,54,7,B_in_dm_m1_L2,arc_cosine,2,1,1000,,0.7659,24.76,2026-06-15T04:18:07.444540,B-input-d/m
exp_feeding_strategies,CoverType,10000,10000,20000,54,7,B_in_dm_m1_L2,arc_cosine,2,1,1000,,0.7712,24.14,2026-06-15T04:18:32.059477,B-input-d/m
exp_feeding_strategies,CoverType,10000,10000,20000,54,7,B_in_dm_m1_L2,arc_cosine,2,1,1000,,0.7661,22.51,2026-06-15T04:18:55.025550,B-input-d/m
exp_feeding_strategies,CoverType,10000,10000,20000,54,7,B_in_dm_m10_L1,arc_cosine,1,10,1000,,0.7279,71.62,2026-06-15T04:20:08.819550,B-input-d/m
exp_feeding_strategies,CoverType,10000,10000,20000,54,7,B_in_dm_m10_L1,arc_cosine,1,10,1000,,0.7334,71.7,2026-06-15T04:21:22.675132,B-input-d/m
exp_feeding_strategies,CoverType,10000,10000,20000,54,7,B_in_dm_m10_L1,arc_cosine,1,10,1000,,0.7253,78.61,2026-06-15T04:22:43.509100,B-input-d/m
exp_feeding_strategies,CoverType,10000,10000,20000,54,7,B_in_dm_m10_L2,arc_cosine,2,10,1000,,0.761,289.89,2026-06-15T04:27:37.600451,B-input-d/m
exp_feeding_strategies,CoverType,10000,10000,20000,54,7,B_in_dm_m10_L2,arc_cosine,2,10,1000,,0.7572,246.47,2026-06-15T04:31:48.448295,B-input-d/m
exp_feeding_strategies,CoverType,10000,10000,20000,54,7,B_in_dm_m10_L2,arc_cosine,2,10,1000,,0.7527,256.35,2026-06-15T04:36:09.102704,B-input-d/m
exp_feeding_strategies,CoverType,10000,10000,20000,54,7,B_in_dm_m50_L1,arc_cosine,1,50,1000,,0.7207,60.69,2026-06-15T04:37:21.250062,B-input-d/m
exp_feeding_strategies,CoverType,10000,10000,20000,54,7,B_in_dm_m50_L1,arc_cosine,1,50,1000,,0.7206,59.33,2026-06-15T04:38:31.858027,B-input-d/m
exp_feeding_strategies,CoverType,10000,10000,20000,54,7,B_in_dm_m50_L1,arc_cosine,1,50,1000,,0.7179,58.53,2026-06-15T04:39:41.777971,B-input-d/m
exp_feeding_strategies,CoverType,10000,10000,20000,54,7,B_in_dm_m50_L2,arc_cosine,2,50,1000,,0.7504,588.64,2026-06-15T04:49:52.287557,B-input-d/m
exp_feeding_strategies,CoverType,10000,10000,20000,54,7,B_in_dm_m50_L2,arc_cosine,2,50,1000,,0.7568,587.92,2026-06-15T05:00:02.265900,B-input-d/m
exp_feeding_strategies,CoverType,10000,10000,20000,54,7,B_in_dm_m50_L2,arc_cosine,2,50,1000,,0.7531,592.6,2026-06-15T05:10:16.766179,B-input-d/m
exp_feeding_strategies,CoverType,10000,10000,20000,54,7,D_sqrt_fullP_m1_L1,arc_cosine,1,1,1000,,0.5286,15.74,2026-06-15T05:10:32.800806,D_sqrt_fullP
exp_feeding_strategies,CoverType,10000,10000,20000,54,7,D_sqrt_fullP_m1_L1,arc_cosine,1,1,1000,,0.5049,16.52,2026-06-15T05:10:49.583948,D_sqrt_fullP
exp_feeding_strategies,CoverType,10000,10000,20000,54,7,D_sqrt_fullP_m1_L1,arc_cosine,1,1,1000,,0.5105,9.99,2026-06-15T05:10:59.831105,D_sqrt_fullP
exp_feeding_strategies,CoverType,10000,10000,20000,54,7,D_sqrt_fullP_m1_L2,arc_cosine,2,1,1000,,0.5289,22.0,2026-06-15T05:11:22.319676,D_sqrt_fullP
exp_feeding_strategies,CoverType,10000,10000,20000,54,7,D_sqrt_fullP_m1_L2,arc_cosine,2,1,1000,,0.5073,23.25,2026-06-15T05:11:46.032368,D_sqrt_fullP
exp_feeding_strategies,CoverType,10000,10000,20000,54,7,D_sqrt_fullP_m1_L2,arc_cosine,2,1,1000,,0.5129,15.55,2026-06-15T05:12:02.033345,D_sqrt_fullP
exp_feeding_strategies,CoverType,10000,10000,20000,54,7,D_sqrt_fullP_m10_L1,arc_cosine,1,10,1000,,0.7036,8.87,2026-06-15T05:12:13.045684,D_sqrt_fullP
exp_feeding_strategies,CoverType,10000,10000,20000,54,7,D_sqrt_fullP_m10_L1,arc_cosine,1,10,1000,,0.7188,10.27,2026-06-15T05:12:25.446007,D_sqrt_fullP
exp_feeding_strategies,CoverType,10000,10000,20000,54,7,D_sqrt_fullP_m10_L1,arc_cosine,1,10,1000,,0.6563,8.51,2026-06-15T05:12:36.111537,D_sqrt_fullP
exp_feeding_strategies,CoverType,10000,10000,20000,54,7,D_sqrt_fullP_m10_L2,arc_cosine,2,10,1000,,0.7034,20.52,2026-06-15T05:13:00.952338,D_sqrt_fullP
exp_feeding_strategies,CoverType,10000,10000,20000,54,7,D_sqrt_fullP_m10_L2,arc_cosine,2,10,1000,,0.7317,22.22,2026-06-15T05:13:27.362886,D_sqrt_fullP
exp_feeding_strategies,CoverType,10000,10000,20000,54,7,D_sqrt_fullP_m10_L2,arc_cosine,2,10,1000,,0.6679,24.96,2026-06-15T05:13:56.690922,D_sqrt_fullP
exp_feeding_strategies,CoverType,10000,10000,20000,54,7,D_sqrt_fullP_m50_L1,arc_cosine,1,50,1000,,0.7452,67.49,2026-06-15T05:15:14.731528,D_sqrt_fullP
exp_feeding_strategies,CoverType,10000,10000,20000,54,7,D_sqrt_fullP_m50_L1,arc_cosine,1,50,1000,,0.7487,70.63,2026-06-15T05:16:35.983542,D_sqrt_fullP
exp_feeding_strategies,CoverType,10000,10000,20000,54,7,D_sqrt_fullP_m50_L1,arc_cosine,1,50,1000,,0.7512,65.79,2026-06-15T05:17:52.226552,D_sqrt_fullP
exp_feeding_strategies,CoverType,10000,10000,20000,54,7,D_sqrt_fullP_m50_L2,arc_cosine,2,50,1000,,0.7532,73.74,2026-06-15T05:19:27.592050,D_sqrt_fullP
exp_feeding_strategies,CoverType,10000,10000,20000,54,7,D_sqrt_fullP_m50_L2,arc_cosine,2,50,1000,,0.7581,81.45,2026-06-15T05:21:10.348855,D_sqrt_fullP
exp_feeding_strategies,CoverType,10000,10000,20000,54,7,D_sqrt_fullP_m50_L2,arc_cosine,2,50,1000,,0.7594,78.35,2026-06-15T05:22:49.950603,D_sqrt_fullP
exp_feeding_strategies,CoverType,10000,10000,20000,54,7,D_dm_fullP_m1_L1,arc_cosine,1,1,1000,,0.7677,16.6,2026-06-15T05:23:06.835184,D_dm_fullP
exp_feeding_strategies,CoverType,10000,10000,20000,54,7,D_dm_fullP_m1_L1,arc_cosine,1,1,1000,,0.7672,16.42,2026-06-15T05:23:23.533404,D_dm_fullP
exp_feeding_strategies,CoverType,10000,10000,20000,54,7,D_dm_fullP_m1_L1,arc_cosine,1,1,1000,,0.7647,20.03,2026-06-15T05:23:43.839608,D_dm_fullP
exp_feeding_strategies,CoverType,10000,10000,20000,54,7,D_dm_fullP_m1_L2,arc_cosine,2,1,1000,,0.7708,21.16,2026-06-15T05:24:05.528056,D_dm_fullP
exp_feeding_strategies,CoverType,10000,10000,20000,54,7,D_dm_fullP_m1_L2,arc_cosine,2,1,1000,,0.7649,21.55,2026-06-15T05:24:27.564148,D_dm_fullP
exp_feeding_strategies,CoverType,10000,10000,20000,54,7,D_dm_fullP_m1_L2,arc_cosine,2,1,1000,,0.7634,25.86,2026-06-15T05:24:53.886612,D_dm_fullP
exp_feeding_strategies,CoverType,10000,10000,20000,54,7,D_dm_fullP_m10_L1,arc_cosine,1,10,1000,,0.7208,7.87,2026-06-15T05:25:03.864855,D_dm_fullP
exp_feeding_strategies,CoverType,10000,10000,20000,54,7,D_dm_fullP_m10_L1,arc_cosine,1,10,1000,,0.7294,6.29,2026-06-15T05:25:12.279964,D_dm_fullP
exp_feeding_strategies,CoverType,10000,10000,20000,54,7,D_dm_fullP_m10_L1,arc_cosine,1,10,1000,,0.7126,6.35,2026-06-15T05:25:20.789417,D_dm_fullP
exp_feeding_strategies,CoverType,10000,10000,20000,54,7,D_dm_fullP_m10_L2,arc_cosine,2,10,1000,,0.7328,18.47,2026-06-15T05:25:43.465508,D_dm_fullP
exp_feeding_strategies,CoverType,10000,10000,20000,54,7,D_dm_fullP_m10_L2,arc_cosine,2,10,1000,,0.732,14.96,2026-06-15T05:26:02.715459,D_dm_fullP
exp_feeding_strategies,CoverType,10000,10000,20000,54,7,D_dm_fullP_m10_L2,arc_cosine,2,10,1000,,0.7259,16.49,2026-06-15T05:26:23.478785,D_dm_fullP
exp_feeding_strategies,CoverType,10000,10000,20000,54,7,D_dm_fullP_m50_L1,arc_cosine,1,50,1000,,0.7206,34.23,2026-06-15T05:27:09.148202,D_dm_fullP
exp_feeding_strategies,CoverType,10000,10000,20000,54,7,D_dm_fullP_m50_L1,arc_cosine,1,50,1000,,0.7204,37.75,2026-06-15T05:27:58.251458,D_dm_fullP
exp_feeding_strategies,CoverType,10000,10000,20000,54,7,D_dm_fullP_m50_L1,arc_cosine,1,50,1000,,0.7183,32.89,2026-06-15T05:28:42.567386,D_dm_fullP
exp_feeding_strategies,CoverType,10000,10000,20000,54,7,D_dm_fullP_m50_L2,arc_cosine,2,50,1000,,0.7477,85.86,2026-06-15T05:30:30.198895,D_dm_fullP
exp_feeding_strategies,CoverType,10000,10000,20000,54,7,D_dm_fullP_m50_L2,arc_cosine,2,50,1000,,0.7439,84.05,2026-06-15T05:32:16.154213,D_dm_fullP
exp_feeding_strategies,CoverType,10000,10000,20000,54,7,D_dm_fullP_m50_L2,arc_cosine,2,50,1000,,0.7388,90.61,2026-06-15T05:34:08.642858,D_dm_fullP
exp_feeding_strategies,CoverType,50000,50000,20000,54,7,C_splitdata_fullcols_m1_L1,arc_cosine,1,1,1000,,0.7844,93.52,2026-06-15T05:35:42.815344,C — split/full-cols
exp_feeding_strategies,CoverType,50000,50000,20000,54,7,C_splitdata_fullcols_m1_L1,arc_cosine,1,1,1000,,0.7839,85.8,2026-06-15T05:37:09.190615,C — split/full-cols
exp_feeding_strategies,CoverType,50000,50000,20000,54,7,C_splitdata_fullcols_m1_L1,arc_cosine,1,1,1000,,0.787,93.52,2026-06-15T05:38:43.316464,C — split/full-cols
exp_feeding_strategies,CoverType,50000,50000,20000,54,7,C_splitdata_fullcols_m1_L2,arc_cosine,2,1,1000,,0.7937,124.9,2026-06-15T05:40:49.308337,C — split/full-cols
exp_feeding_strategies,CoverType,50000,50000,20000,54,7,C_splitdata_fullcols_m1_L2,arc_cosine,2,1,1000,,0.79,111.07,2026-06-15T05:42:41.443501,C — split/full-cols
exp_feeding_strategies,CoverType,50000,50000,20000,54,7,C_splitdata_fullcols_m1_L2,arc_cosine,2,1,1000,,0.7957,126.57,2026-06-15T05:44:49.076768,C — split/full-cols
exp_feeding_strategies,CoverType,50000,50000,20000,54,7,C_splitdata_fullcols_m10_L1,arc_cosine,1,10,1000,,0.7736,89.23,2026-06-15T05:46:19.011734,C — split/full-cols
exp_feeding_strategies,CoverType,50000,50000,20000,54,7,C_splitdata_fullcols_m10_L1,arc_cosine,1,10,1000,,0.7738,85.16,2026-06-15T05:47:44.809835,C — split/full-cols
exp_feeding_strategies,CoverType,50000,50000,20000,54,7,C_splitdata_fullcols_m10_L1,arc_cosine,1,10,1000,,0.7757,88.02,2026-06-15T05:49:13.481057,C — split/full-cols
exp_feeding_strategies,CoverType,50000,50000,20000,54,7,C_splitdata_fullcols_m10_L2,arc_cosine,2,10,1000,,0.7947,140.58,2026-06-15T05:51:35.238180,C — split/full-cols
exp_feeding_strategies,CoverType,50000,50000,20000,54,7,C_splitdata_fullcols_m10_L2,arc_cosine,2,10,1000,,0.7916,131.94,2026-06-15T05:53:48.366783,C — split/full-cols
exp_feeding_strategies,CoverType,50000,50000,20000,54,7,C_splitdata_fullcols_m10_L2,arc_cosine,2,10,1000,,0.7975,140.91,2026-06-15T05:56:10.449428,C — split/full-cols
exp_feeding_strategies,CoverType,50000,50000,20000,54,7,C_splitdata_fullcols_m50_L1,arc_cosine,1,50,1000,,0.7721,182.65,2026-06-15T05:59:14.104507,C — split/full-cols
exp_feeding_strategies,CoverType,50000,50000,20000,54,7,C_splitdata_fullcols_m50_L1,arc_cosine,1,50,1000,,0.7738,111.02,2026-06-15T06:01:06.121128,C — split/full-cols
exp_feeding_strategies,CoverType,50000,50000,20000,54,7,C_splitdata_fullcols_m50_L1,arc_cosine,1,50,1000,,0.7733,200.21,2026-06-15T06:04:27.343489,C — split/full-cols
exp_feeding_strategies,CoverType,50000,50000,20000,54,7,C_splitdata_fullcols_m50_L2,arc_cosine,2,50,1000,,0.7818,181.08,2026-06-15T06:07:30.689278,C — split/full-cols
exp_feeding_strategies,CoverType,50000,50000,20000,54,7,C_splitdata_fullcols_m50_L2,arc_cosine,2,50,1000,,0.7881,122.09,2026-06-15T06:09:34.937595,C — split/full-cols
exp_feeding_strategies,CoverType,50000,50000,20000,54,7,C_splitdata_fullcols_m50_L2,arc_cosine,2,50,1000,,0.789,147.91,2026-06-15T06:12:05.018749,C — split/full-cols
exp_feeding_strategies,CoverType,50000,50000,20000,54,7,B_in_sqrt_m1_L1,arc_cosine,1,1,1000,,0.5312,55.37,2026-06-15T06:13:00.978695,B-input-√d-
exp_feeding_strategies,CoverType,50000,50000,20000,54,7,B_in_sqrt_m1_L1,arc_cosine,1,1,1000,,0.505,93.56,2026-06-15T06:14:35.122149,B-input-√d-
exp_feeding_strategies,CoverType,50000,50000,20000,54,7,B_in_sqrt_m1_L1,arc_cosine,1,1,1000,,0.5133,64.25,2026-06-15T06:15:39.950385,B-input-√d-
exp_feeding_strategies,CoverType,50000,50000,20000,54,7,B_in_sqrt_m1_L2,arc_cosine,2,1,1000,,0.532,74.55,2026-06-15T06:16:55.560383,B-input-√d-
exp_feeding_strategies,CoverType,50000,50000,20000,54,7,B_in_sqrt_m1_L2,arc_cosine,2,1,1000,,0.4918,127.12,2026-06-15T06:19:03.731423,B-input-√d-
exp_feeding_strategies,CoverType,50000,50000,20000,54,7,B_in_sqrt_m1_L2,arc_cosine,2,1,1000,,0.513,99.24,2026-06-15T06:20:44.011321,B-input-√d-
exp_feeding_strategies,CoverType,50000,50000,20000,54,7,B_in_sqrt_m10_L1,arc_cosine,1,10,1000,,0.7262,538.93,2026-06-15T06:29:47.760028,B-input-√d-
exp_feeding_strategies,CoverType,50000,50000,20000,54,7,B_in_sqrt_m10_L1,arc_cosine,1,10,1000,,0.7268,511.51,2026-06-15T06:38:24.080892,B-input-√d-
exp_feeding_strategies,CoverType,50000,50000,20000,54,7,B_in_sqrt_m10_L1,arc_cosine,1,10,1000,,0.6681,485.4,2026-06-15T06:46:34.267953,B-input-√d-
exp_feeding_strategies,CoverType,50000,50000,20000,54,7,B_in_sqrt_m10_L2,arc_cosine,2,10,1000,,0.761,1506.39,2026-06-15T07:11:50.192936,B-input-√d-
exp_feeding_strategies,CoverType,50000,50000,20000,54,7,B_in_sqrt_m10_L2,arc_cosine,2,10,1000,,0.7598,1631.95,2026-06-15T07:39:11.600137,B-input-√d-
exp_feeding_strategies,CoverType,50000,50000,20000,54,7,B_in_sqrt_m10_L2,arc_cosine,2,10,1000,,0.733,1836.88,2026-06-15T08:09:58.812452,B-input-√d-
exp_feeding_strategies,CoverType,50000,50000,20000,54,7,B_in_sqrt_m50_L1,arc_cosine,1,50,1000,,0.7885,2279.26,2026-06-15T08:48:20.797555,B-input-√d-
exp_width_depth_scenarios,HIGGS,1000,1000,20000,28,2,baseline_fullinput_m1_L1,arc_cosine,1,1,1000,,0.5733,0.33,2026-06-11T11:34:28.633864,"A — baseline (full, m=1)"
exp_width_depth_scenarios,HIGGS,1000,1000,20000,28,2,baseline_fullinput_m1_L1,arc_cosine,1,1,1000,,0.577,0.24,2026-06-11T11:34:29.026396,"A — baseline (full, m=1)"
exp_width_depth_scenarios,HIGGS,1000,1000,20000,28,2,baseline_fullinput_m1_L1,arc_cosine,1,1,1000,,0.5706,0.32,2026-06-11T11:34:29.500545,"A — baseline (full, m=1)"
exp_width_depth_scenarios,HIGGS,1000,1000,20000,28,2,baseline_fullinput_m1_L2,arc_cosine,2,1,1000,,0.5737,0.36,2026-06-11T11:34:30.120098,"A — baseline (full, m=1)"
exp_width_depth_scenarios,HIGGS,1000,1000,20000,28,2,baseline_fullinput_m1_L2,arc_cosine,2,1,1000,,0.5764,0.28,2026-06-11T11:34:30.662270,"A — baseline (full, m=1)"
exp_width_depth_scenarios,HIGGS,1000,1000,20000,28,2,baseline_fullinput_m1_L2,arc_cosine,2,1,1000,,0.5714,0.28,2026-06-11T11:34:31.203495,"A — baseline (full, m=1)"
exp_width_depth_scenarios,HIGGS,1000,1000,20000,28,2,baseline_fullinput_m1_L3,arc_cosine,3,1,1000,,0.5739,0.48,2026-06-11T11:34:32.087460,"A — baseline (full, m=1)"
exp_width_depth_scenarios,HIGGS,1000,1000,20000,28,2,baseline_fullinput_m1_L3,arc_cosine,3,1,1000,,0.5765,0.35,2026-06-11T11:34:32.840847,"A — baseline (full, m=1)"
exp_width_depth_scenarios,HIGGS,1000,1000,20000,28,2,baseline_fullinput_m1_L3,arc_cosine,3,1,1000,,0.5693,0.32,2026-06-11T11:34:33.533418,"A — baseline (full, m=1)"
exp_width_depth_scenarios,HIGGS,1000,1000,20000,28,2,input_subspace_sqrt_m1_L1,arc_cosine,1,1,1000,,0.5199,0.19,2026-06-11T11:34:33.872889,D-√d (input_subspace_sqrt)
exp_width_depth_scenarios,HIGGS,1000,1000,20000,28,2,input_subspace_sqrt_m1_L1,arc_cosine,1,1,1000,,0.5836,0.15,2026-06-11T11:34:34.169014,D-√d (input_subspace_sqrt)
exp_width_depth_scenarios,HIGGS,1000,1000,20000,28,2,input_subspace_sqrt_m1_L1,arc_cosine,1,1,1000,,0.5065,0.16,2026-06-11T11:34:34.474148,D-√d (input_subspace_sqrt)
exp_width_depth_scenarios,HIGGS,1000,1000,20000,28,2,input_subspace_sqrt_m1_L2,arc_cosine,2,1,1000,,0.5199,0.23,2026-06-11T11:34:34.946836,D-√d (input_subspace_sqrt)
exp_width_depth_scenarios,HIGGS,1000,1000,20000,28,2,input_subspace_sqrt_m1_L2,arc_cosine,2,1,1000,,0.5797,0.2,2026-06-11T11:34:35.452562,D-√d (input_subspace_sqrt)
exp_width_depth_scenarios,HIGGS,1000,1000,20000,28,2,input_subspace_sqrt_m1_L2,arc_cosine,2,1,1000,,0.5071,0.2,2026-06-11T11:34:35.978162,D-√d (input_subspace_sqrt)
exp_width_depth_scenarios,HIGGS,1000,1000,20000,28,2,input_subspace_sqrt_m1_L3,arc_cosine,3,1,1000,,0.5198,0.3,2026-06-11T11:34:36.724966,D-√d (input_subspace_sqrt)
exp_width_depth_scenarios,HIGGS,1000,1000,20000,28,2,input_subspace_sqrt_m1_L3,arc_cosine,3,1,1000,,0.5812,0.25,2026-06-11T11:34:37.436948,D-√d (input_subspace_sqrt)
exp_width_depth_scenarios,HIGGS,1000,1000,20000,28,2,input_subspace_sqrt_m1_L3,arc_cosine,3,1,1000,,0.5071,0.2,2026-06-11T11:34:38.006834,D-√d (input_subspace_sqrt)
exp_width_depth_scenarios,HIGGS,1000,1000,20000,28,2,input_subspace_sqrt_m10_L1,arc_cosine,1,10,1000,,0.577,0.15,2026-06-11T11:34:38.290338,D-√d (input_subspace_sqrt)
exp_width_depth_scenarios,HIGGS,1000,1000,20000,28,2,input_subspace_sqrt_m10_L1,arc_cosine,1,10,1000,,0.5946,0.14,2026-06-11T11:34:38.561738,D-√d (input_subspace_sqrt)
exp_width_depth_scenarios,HIGGS,1000,1000,20000,28,2,input_subspace_sqrt_m10_L1,arc_cosine,1,10,1000,,0.5746,0.15,2026-06-11T11:34:38.832461,D-√d (input_subspace_sqrt)
exp_width_depth_scenarios,HIGGS,1000,1000,20000,28,2,input_subspace_sqrt_m10_L2,arc_cosine,2,10,1000,,0.5819,0.23,2026-06-11T11:34:39.268474,D-√d (input_subspace_sqrt)
exp_width_depth_scenarios,HIGGS,1000,1000,20000,28,2,input_subspace_sqrt_m10_L2,arc_cosine,2,10,1000,,0.5906,0.22,2026-06-11T11:34:39.694507,D-√d (input_subspace_sqrt)
exp_width_depth_scenarios,HIGGS,1000,1000,20000,28,2,input_subspace_sqrt_m10_L2,arc_cosine,2,10,1000,,0.5706,0.23,2026-06-11T11:34:40.136025,D-√d (input_subspace_sqrt)
exp_width_depth_scenarios,HIGGS,1000,1000,20000,28,2,input_subspace_sqrt_m10_L3,arc_cosine,3,10,1000,,0.5806,0.27,2026-06-11T11:34:40.710010,D-√d (input_subspace_sqrt)
exp_width_depth_scenarios,HIGGS,1000,1000,20000,28,2,input_subspace_sqrt_m10_L3,arc_cosine,3,10,1000,,0.5913,0.25,2026-06-11T11:34:41.260786,D-√d (input_subspace_sqrt)
exp_width_depth_scenarios,HIGGS,1000,1000,20000,28,2,input_subspace_sqrt_m10_L3,arc_cosine,3,10,1000,,0.5739,0.29,2026-06-11T11:34:41.847405,D-√d (input_subspace_sqrt)
exp_width_depth_scenarios,HIGGS,1000,1000,20000,28,2,input_subspace_sqrt_m50_L1,arc_cosine,1,50,1000,,0.6165,0.13,2026-06-11T11:34:42.127759,D-√d (input_subspace_sqrt)
exp_width_depth_scenarios,HIGGS,1000,1000,20000,28,2,input_subspace_sqrt_m50_L1,arc_cosine,1,50,1000,,0.617,0.13,2026-06-11T11:34:42.393921,D-√d (input_subspace_sqrt)
exp_width_depth_scenarios,HIGGS,1000,1000,20000,28,2,input_subspace_sqrt_m50_L1,arc_cosine,1,50,1000,,0.6091,0.13,2026-06-11T11:34:42.697258,D-√d (input_subspace_sqrt)
exp_width_depth_scenarios,HIGGS,1000,1000,20000,28,2,input_subspace_sqrt_m50_L2,arc_cosine,2,50,1000,,0.6178,0.25,2026-06-11T11:34:43.203085,D-√d (input_subspace_sqrt)
exp_width_depth_scenarios,HIGGS,1000,1000,20000,28,2,input_subspace_sqrt_m50_L2,arc_cosine,2,50,1000,,0.6243,0.25,2026-06-11T11:34:43.710957,D-√d (input_subspace_sqrt)
exp_width_depth_scenarios,HIGGS,1000,1000,20000,28,2,input_subspace_sqrt_m50_L2,arc_cosine,2,50,1000,,0.6075,0.25,2026-06-11T11:34:44.209642,D-√d (input_subspace_sqrt)
exp_width_depth_scenarios,HIGGS,1000,1000,20000,28,2,input_subspace_sqrt_m50_L3,arc_cosine,3,50,1000,,0.6165,0.38,2026-06-11T11:34:44.948666,D-√d (input_subspace_sqrt)
exp_width_depth_scenarios,HIGGS,1000,1000,20000,28,2,input_subspace_sqrt_m50_L3,arc_cosine,3,50,1000,,0.6243,0.36,2026-06-11T11:34:45.677271,D-√d (input_subspace_sqrt)
exp_width_depth_scenarios,HIGGS,1000,1000,20000,28,2,input_subspace_sqrt_m50_L3,arc_cosine,3,50,1000,,0.6134,0.36,2026-06-11T11:34:46.427958,D-√d (input_subspace_sqrt)
exp_width_depth_scenarios,HIGGS,1000,1000,20000,28,2,input_subspace_dm_m1_L1,arc_cosine,1,1,1000,,0.5692,0.37,2026-06-11T11:34:46.941255,D-d/m (input_subspace_dm)
exp_width_depth_scenarios,HIGGS,1000,1000,20000,28,2,input_subspace_dm_m1_L1,arc_cosine,1,1,1000,,0.5728,0.3,2026-06-11T11:34:47.393951,D-d/m (input_subspace_dm)
exp_width_depth_scenarios,HIGGS,1000,1000,20000,28,2,input_subspace_dm_m1_L1,arc_cosine,1,1,1000,,0.5815,0.3,2026-06-11T11:34:47.847801,D-d/m (input_subspace_dm)
exp_width_depth_scenarios,HIGGS,1000,1000,20000,28,2,input_subspace_dm_m1_L2,arc_cosine,2,1,1000,,0.5693,0.4,2026-06-11T11:34:48.514632,D-d/m (input_subspace_dm)
exp_width_depth_scenarios,HIGGS,1000,1000,20000,28,2,input_subspace_dm_m1_L2,arc_cosine,2,1,1000,,0.5709,0.32,2026-06-11T11:34:49.085972,D-d/m (input_subspace_dm)
exp_width_depth_scenarios,HIGGS,1000,1000,20000,28,2,input_subspace_dm_m1_L2,arc_cosine,2,1,1000,,0.5824,0.33,2026-06-11T11:34:49.713444,D-d/m (input_subspace_dm)
exp_width_depth_scenarios,HIGGS,1000,1000,20000,28,2,input_subspace_dm_m1_L3,arc_cosine,3,1,1000,,0.5692,0.42,2026-06-11T11:34:50.536497,D-d/m (input_subspace_dm)
exp_width_depth_scenarios,HIGGS,1000,1000,20000,28,2,input_subspace_dm_m1_L3,arc_cosine,3,1,1000,,0.5718,0.36,2026-06-11T11:34:51.259407,D-d/m (input_subspace_dm)
exp_width_depth_scenarios,HIGGS,1000,1000,20000,28,2,input_subspace_dm_m1_L3,arc_cosine,3,1,1000,,0.5815,0.36,2026-06-11T11:34:51.985932,D-d/m (input_subspace_dm)
exp_width_depth_scenarios,HIGGS,1000,1000,20000,28,2,input_subspace_dm_m10_L1,arc_cosine,1,10,1000,,0.5958,0.13,2026-06-11T11:34:52.247266,D-d/m (input_subspace_dm)
exp_width_depth_scenarios,HIGGS,1000,1000,20000,28,2,input_subspace_dm_m10_L1,arc_cosine,1,10,1000,,0.5973,0.12,2026-06-11T11:34:52.493913,D-d/m (input_subspace_dm)
exp_width_depth_scenarios,HIGGS,1000,1000,20000,28,2,input_subspace_dm_m10_L1,arc_cosine,1,10,1000,,0.6017,0.12,2026-06-11T11:34:52.744997,D-d/m (input_subspace_dm)
exp_width_depth_scenarios,HIGGS,1000,1000,20000,28,2,input_subspace_dm_m10_L2,arc_cosine,2,10,1000,,0.5986,0.16,2026-06-11T11:34:53.129065,D-d/m (input_subspace_dm)
exp_width_depth_scenarios,HIGGS,1000,1000,20000,28,2,input_subspace_dm_m10_L2,arc_cosine,2,10,1000,,0.5993,0.14,2026-06-11T11:34:53.528884,D-d/m (input_subspace_dm)
exp_width_depth_scenarios,HIGGS,1000,1000,20000,28,2,input_subspace_dm_m10_L2,arc_cosine,2,10,1000,,0.6015,0.15,2026-06-11T11:34:53.899382,D-d/m (input_subspace_dm)
exp_width_depth_scenarios,HIGGS,1000,1000,20000,28,2,input_subspace_dm_m10_L3,arc_cosine,3,10,1000,,0.5985,0.17,2026-06-11T11:34:54.408919,D-d/m (input_subspace_dm)
exp_width_depth_scenarios,HIGGS,1000,1000,20000,28,2,input_subspace_dm_m10_L3,arc_cosine,3,10,1000,,0.5995,0.17,2026-06-11T11:34:54.907688,D-d/m (input_subspace_dm)
exp_width_depth_scenarios,HIGGS,1000,1000,20000,28,2,input_subspace_dm_m10_L3,arc_cosine,3,10,1000,,0.602,0.17,2026-06-11T11:34:55.412526,D-d/m (input_subspace_dm)
exp_width_depth_scenarios,HIGGS,1000,1000,20000,28,2,featpart_fulldata_m1_L1,arc_cosine,1,1,1000,,0.5733,0.33,2026-06-11T11:34:55.890950,B-Φ-P/m (featpart_fulldata)
exp_width_depth_scenarios,HIGGS,1000,1000,20000,28,2,featpart_fulldata_m1_L1,arc_cosine,1,1,1000,,0.577,0.28,2026-06-11T11:34:56.323146,B-Φ-P/m (featpart_fulldata)
exp_width_depth_scenarios,HIGGS,1000,1000,20000,28,2,featpart_fulldata_m1_L1,arc_cosine,1,1,1000,,0.5706,0.29,2026-06-11T11:34:56.767171,B-Φ-P/m (featpart_fulldata)
exp_width_depth_scenarios,HIGGS,1000,1000,20000,28,2,featpart_fulldata_m1_L2,arc_cosine,2,1,1000,,0.5737,0.36,2026-06-11T11:34:57.388053,B-Φ-P/m (featpart_fulldata)
exp_width_depth_scenarios,HIGGS,1000,1000,20000,28,2,featpart_fulldata_m1_L2,arc_cosine,2,1,1000,,0.576,0.3,2026-06-11T11:34:57.947599,B-Φ-P/m (featpart_fulldata)
exp_width_depth_scenarios,HIGGS,1000,1000,20000,28,2,featpart_fulldata_m1_L2,arc_cosine,2,1,1000,,0.5715,0.31,2026-06-11T11:34:58.524494,B-Φ-P/m (featpart_fulldata)
exp_width_depth_scenarios,HIGGS,1000,1000,20000,28,2,featpart_fulldata_m1_L3,arc_cosine,3,1,1000,,0.5738,0.4,2026-06-11T11:34:59.291291,B-Φ-P/m (featpart_fulldata)
exp_width_depth_scenarios,HIGGS,1000,1000,20000,28,2,featpart_fulldata_m1_L3,arc_cosine,3,1,1000,,0.5762,0.32,2026-06-11T11:34:59.979388,B-Φ-P/m (featpart_fulldata)
exp_width_depth_scenarios,HIGGS,1000,1000,20000,28,2,featpart_fulldata_m1_L3,arc_cosine,3,1,1000,,0.5698,0.36,2026-06-11T11:35:00.820931,B-Φ-P/m (featpart_fulldata)
exp_width_depth_scenarios,HIGGS,1000,1000,20000,28,2,featpart_fulldata_m10_L1,arc_cosine,1,10,1000,,0.6151,0.1,2026-06-11T11:35:01.114534,B-Φ-P/m (featpart_fulldata)
exp_width_depth_scenarios,HIGGS,1000,1000,20000,28,2,featpart_fulldata_m10_L1,arc_cosine,1,10,1000,,0.6239,0.1,2026-06-11T11:35:01.391446,B-Φ-P/m (featpart_fulldata)
exp_width_depth_scenarios,HIGGS,1000,1000,20000,28,2,featpart_fulldata_m10_L1,arc_cosine,1,10,1000,,0.6148,0.11,2026-06-11T11:35:01.702618,B-Φ-P/m (featpart_fulldata)
exp_width_depth_scenarios,HIGGS,1000,1000,20000,28,2,featpart_fulldata_m10_L2,arc_cosine,2,10,1000,,0.61,0.22,2026-06-11T11:35:02.267702,B-Φ-P/m (featpart_fulldata)
exp_width_depth_scenarios,HIGGS,1000,1000,20000,28,2,featpart_fulldata_m10_L2,arc_cosine,2,10,1000,,0.6218,0.22,2026-06-11T11:35:02.819842,B-Φ-P/m (featpart_fulldata)
exp_width_depth_scenarios,HIGGS,1000,1000,20000,28,2,featpart_fulldata_m10_L2,arc_cosine,2,10,1000,,0.6102,0.21,2026-06-11T11:35:03.344110,B-Φ-P/m (featpart_fulldata)
exp_width_depth_scenarios,HIGGS,1000,1000,20000,28,2,featpart_fulldata_m10_L3,arc_cosine,3,10,1000,,0.6107,0.3,2026-06-11T11:35:04.081061,B-Φ-P/m (featpart_fulldata)
exp_width_depth_scenarios,HIGGS,1000,1000,20000,28,2,featpart_fulldata_m10_L3,arc_cosine,3,10,1000,,0.6199,0.28,2026-06-11T11:35:04.844457,B-Φ-P/m (featpart_fulldata)
exp_width_depth_scenarios,HIGGS,1000,1000,20000,28,2,featpart_fulldata_m10_L3,arc_cosine,3,10,1000,,0.6096,0.29,2026-06-11T11:35:05.640679,B-Φ-P/m (featpart_fulldata)
exp_width_depth_scenarios,HIGGS,1000,1000,20000,28,2,featpart_fulldata_m50_L1,arc_cosine,1,50,1000,,0.5971,0.14,2026-06-11T11:35:05.965261,B-Φ-P/m (featpart_fulldata)
exp_width_depth_scenarios,HIGGS,1000,1000,20000,28,2,featpart_fulldata_m50_L1,arc_cosine,1,50,1000,,0.6097,0.13,2026-06-11T11:35:06.287769,B-Φ-P/m (featpart_fulldata)
exp_width_depth_scenarios,HIGGS,1000,1000,20000,28,2,featpart_fulldata_m50_L1,arc_cosine,1,50,1000,,0.6051,0.13,2026-06-11T11:35:06.612700,B-Φ-P/m (featpart_fulldata)
exp_width_depth_scenarios,HIGGS,1000,1000,20000,28,2,featpart_fulldata_m50_L2,arc_cosine,2,50,1000,,0.5929,0.29,2026-06-11T11:35:07.246561,B-Φ-P/m (featpart_fulldata)
exp_width_depth_scenarios,HIGGS,1000,1000,20000,28,2,featpart_fulldata_m50_L2,arc_cosine,2,50,1000,,0.6048,0.25,2026-06-11T11:35:07.836198,B-Φ-P/m (featpart_fulldata)
exp_width_depth_scenarios,HIGGS,1000,1000,20000,28,2,featpart_fulldata_m50_L2,arc_cosine,2,50,1000,,0.6025,0.34,2026-06-11T11:35:08.552649,B-Φ-P/m (featpart_fulldata)
exp_width_depth_scenarios,HIGGS,1000,1000,20000,28,2,featpart_fulldata_m50_L3,arc_cosine,3,50,1000,,0.594,0.46,2026-06-11T11:35:09.540057,B-Φ-P/m (featpart_fulldata)
exp_width_depth_scenarios,HIGGS,1000,1000,20000,28,2,featpart_fulldata_m50_L3,arc_cosine,3,50,1000,,0.606,0.37,2026-06-11T11:35:10.390445,B-Φ-P/m (featpart_fulldata)
exp_width_depth_scenarios,HIGGS,1000,1000,20000,28,2,featpart_fulldata_m50_L3,arc_cosine,3,50,1000,,0.6051,0.38,2026-06-11T11:35:11.362431,B-Φ-P/m (featpart_fulldata)
exp_width_depth_scenarios,HIGGS,5000,5000,20000,28,2,baseline_fullinput_m1_L1,arc_cosine,1,1,1000,,0.6174,1.21,2026-06-11T11:35:12.769494,"A — baseline (full, m=1)"
exp_width_depth_scenarios,HIGGS,5000,5000,20000,28,2,baseline_fullinput_m1_L1,arc_cosine,1,1,1000,,0.6198,1.12,2026-06-11T11:35:14.063900,"A — baseline (full, m=1)"
exp_width_depth_scenarios,HIGGS,5000,5000,20000,28,2,baseline_fullinput_m1_L1,arc_cosine,1,1,1000,,0.6076,1.34,2026-06-11T11:35:15.617369,"A — baseline (full, m=1)"
exp_width_depth_scenarios,HIGGS,5000,5000,20000,28,2,baseline_fullinput_m1_L2,arc_cosine,2,1,1000,,0.6182,1.36,2026-06-11T11:35:17.360733,"A — baseline (full, m=1)"
exp_width_depth_scenarios,HIGGS,5000,5000,20000,28,2,baseline_fullinput_m1_L2,arc_cosine,2,1,1000,,0.6209,1.31,2026-06-11T11:35:18.995464,"A — baseline (full, m=1)"
exp_width_depth_scenarios,HIGGS,5000,5000,20000,28,2,baseline_fullinput_m1_L2,arc_cosine,2,1,1000,,0.607,1.43,2026-06-11T11:35:20.746414,"A — baseline (full, m=1)"
exp_width_depth_scenarios,HIGGS,5000,5000,20000,28,2,baseline_fullinput_m1_L3,arc_cosine,3,1,1000,,0.6181,1.42,2026-06-11T11:35:22.643363,"A — baseline (full, m=1)"
exp_width_depth_scenarios,HIGGS,5000,5000,20000,28,2,baseline_fullinput_m1_L3,arc_cosine,3,1,1000,,0.6206,1.43,2026-06-11T11:35:24.591751,"A — baseline (full, m=1)"
exp_width_depth_scenarios,HIGGS,5000,5000,20000,28,2,baseline_fullinput_m1_L3,arc_cosine,3,1,1000,,0.6073,1.67,2026-06-11T11:35:26.782396,"A — baseline (full, m=1)"
exp_width_depth_scenarios,HIGGS,5000,5000,20000,28,2,input_subspace_sqrt_m1_L1,arc_cosine,1,1,1000,,0.5191,2.45,2026-06-11T11:35:29.429643,D-√d (input_subspace_sqrt)
exp_width_depth_scenarios,HIGGS,5000,5000,20000,28,2,input_subspace_sqrt_m1_L1,arc_cosine,1,1,1000,,0.615,2.03,2026-06-11T11:35:31.662735,D-√d (input_subspace_sqrt)
exp_width_depth_scenarios,HIGGS,5000,5000,20000,28,2,input_subspace_sqrt_m1_L1,arc_cosine,1,1,1000,,0.5111,2.25,2026-06-11T11:35:34.089361,D-√d (input_subspace_sqrt)
exp_width_depth_scenarios,HIGGS,5000,5000,20000,28,2,input_subspace_sqrt_m1_L2,arc_cosine,2,1,1000,,0.5191,2.24,2026-06-11T11:35:36.644774,D-√d (input_subspace_sqrt)
exp_width_depth_scenarios,HIGGS,5000,5000,20000,28,2,input_subspace_sqrt_m1_L2,arc_cosine,2,1,1000,,0.6139,2.2,2026-06-11T11:35:39.140194,D-√d (input_subspace_sqrt)
exp_width_depth_scenarios,HIGGS,5000,5000,20000,28,2,input_subspace_sqrt_m1_L2,arc_cosine,2,1,1000,,0.5107,2.15,2026-06-11T11:35:41.596678,D-√d (input_subspace_sqrt)
exp_width_depth_scenarios,HIGGS,5000,5000,20000,28,2,input_subspace_sqrt_m1_L3,arc_cosine,3,1,1000,,0.5191,2.43,2026-06-11T11:35:44.537078,D-√d (input_subspace_sqrt)
exp_width_depth_scenarios,HIGGS,5000,5000,20000,28,2,input_subspace_sqrt_m1_L3,arc_cosine,3,1,1000,,0.6138,2.31,2026-06-11T11:35:47.276240,D-√d (input_subspace_sqrt)
exp_width_depth_scenarios,HIGGS,5000,5000,20000,28,2,input_subspace_sqrt_m1_L3,arc_cosine,3,1,1000,,0.5107,2.62,2026-06-11T11:35:50.382906,D-√d (input_subspace_sqrt)
exp_width_depth_scenarios,HIGGS,5000,5000,20000,28,2,input_subspace_sqrt_m10_L1,arc_cosine,1,10,1000,,0.6135,1.26,2026-06-11T11:35:51.830646,D-√d (input_subspace_sqrt)
exp_width_depth_scenarios,HIGGS,5000,5000,20000,28,2,input_subspace_sqrt_m10_L1,arc_cosine,1,10,1000,,0.6271,1.21,2026-06-11T11:35:53.194383,D-√d (input_subspace_sqrt)
exp_width_depth_scenarios,HIGGS,5000,5000,20000,28,2,input_subspace_sqrt_m10_L1,arc_cosine,1,10,1000,,0.6031,1.18,2026-06-11T11:35:54.524525,D-√d (input_subspace_sqrt)
exp_width_depth_scenarios,HIGGS,5000,5000,20000,28,2,input_subspace_sqrt_m10_L2,arc_cosine,2,10,1000,,0.613,1.82,2026-06-11T11:35:56.605312,D-√d (input_subspace_sqrt)
exp_width_depth_scenarios,HIGGS,5000,5000,20000,28,2,input_subspace_sqrt_m10_L2,arc_cosine,2,10,1000,,0.6253,1.79,2026-06-11T11:35:58.665753,D-√d (input_subspace_sqrt)
exp_width_depth_scenarios,HIGGS,5000,5000,20000,28,2,input_subspace_sqrt_m10_L2,arc_cosine,2,10,1000,,0.6042,1.82,2026-06-11T11:36:00.738813,D-√d (input_subspace_sqrt)
exp_width_depth_scenarios,HIGGS,5000,5000,20000,28,2,input_subspace_sqrt_m10_L3,arc_cosine,3,10,1000,,0.6165,2.16,2026-06-11T11:36:03.272989,D-√d (input_subspace_sqrt)
exp_width_depth_scenarios,HIGGS,5000,5000,20000,28,2,input_subspace_sqrt_m10_L3,arc_cosine,3,10,1000,,0.6258,2.11,2026-06-11T11:36:05.754578,D-√d (input_subspace_sqrt)
exp_width_depth_scenarios,HIGGS,5000,5000,20000,28,2,input_subspace_sqrt_m10_L3,arc_cosine,3,10,1000,,0.6032,2.2,2026-06-11T11:36:08.339306,D-√d (input_subspace_sqrt)
exp_width_depth_scenarios,HIGGS,5000,5000,20000,28,2,input_subspace_sqrt_m50_L1,arc_cosine,1,50,1000,,0.6565,0.57,2026-06-11T11:36:09.085208,D-√d (input_subspace_sqrt)
exp_width_depth_scenarios,HIGGS,5000,5000,20000,28,2,input_subspace_sqrt_m50_L1,arc_cosine,1,50,1000,,0.6546,0.58,2026-06-11T11:36:09.827151,D-√d (input_subspace_sqrt)
exp_width_depth_scenarios,HIGGS,5000,5000,20000,28,2,input_subspace_sqrt_m50_L1,arc_cosine,1,50,1000,,0.6452,0.52,2026-06-11T11:36:10.516881,D-√d (input_subspace_sqrt)
exp_width_depth_scenarios,HIGGS,5000,5000,20000,28,2,input_subspace_sqrt_m50_L2,arc_cosine,2,50,1000,,0.6592,0.99,2026-06-11T11:36:11.852348,D-√d (input_subspace_sqrt)
exp_width_depth_scenarios,HIGGS,5000,5000,20000,28,2,input_subspace_sqrt_m50_L2,arc_cosine,2,50,1000,,0.6624,0.97,2026-06-11T11:36:13.085835,D-√d (input_subspace_sqrt)
exp_width_depth_scenarios,HIGGS,5000,5000,20000,28,2,input_subspace_sqrt_m50_L2,arc_cosine,2,50,1000,,0.6515,0.94,2026-06-11T11:36:14.333547,D-√d (input_subspace_sqrt)
exp_width_depth_scenarios,HIGGS,5000,5000,20000,28,2,input_subspace_sqrt_m50_L3,arc_cosine,3,50,1000,,0.6582,1.43,2026-06-11T11:36:16.168169,D-√d (input_subspace_sqrt)
exp_width_depth_scenarios,HIGGS,5000,5000,20000,28,2,input_subspace_sqrt_m50_L3,arc_cosine,3,50,1000,,0.665,1.34,2026-06-11T11:36:17.902764,D-√d (input_subspace_sqrt)
exp_width_depth_scenarios,HIGGS,5000,5000,20000,28,2,input_subspace_sqrt_m50_L3,arc_cosine,3,50,1000,,0.6565,1.31,2026-06-11T11:36:19.624278,D-√d (input_subspace_sqrt)
exp_width_depth_scenarios,HIGGS,5000,5000,20000,28,2,input_subspace_dm_m1_L1,arc_cosine,1,1,1000,,0.6196,1.61,2026-06-11T11:36:21.419112,D-d/m (input_subspace_dm)
exp_width_depth_scenarios,HIGGS,5000,5000,20000,28,2,input_subspace_dm_m1_L1,arc_cosine,1,1,1000,,0.6202,1.17,2026-06-11T11:36:22.770942,D-d/m (input_subspace_dm)
exp_width_depth_scenarios,HIGGS,5000,5000,20000,28,2,input_subspace_dm_m1_L1,arc_cosine,1,1,1000,,0.6142,1.24,2026-06-11T11:36:24.192464,D-d/m (input_subspace_dm)
exp_width_depth_scenarios,HIGGS,5000,5000,20000,28,2,input_subspace_dm_m1_L2,arc_cosine,2,1,1000,,0.6199,1.77,2026-06-11T11:36:26.286209,D-d/m (input_subspace_dm)
exp_width_depth_scenarios,HIGGS,5000,5000,20000,28,2,input_subspace_dm_m1_L2,arc_cosine,2,1,1000,,0.6202,1.33,2026-06-11T11:36:27.923676,D-d/m (input_subspace_dm)
exp_width_depth_scenarios,HIGGS,5000,5000,20000,28,2,input_subspace_dm_m1_L2,arc_cosine,2,1,1000,,0.6132,1.42,2026-06-11T11:36:29.653868,D-d/m (input_subspace_dm)
exp_width_depth_scenarios,HIGGS,5000,5000,20000,28,2,input_subspace_dm_m1_L3,arc_cosine,3,1,1000,,0.6196,1.94,2026-06-11T11:36:32.038371,D-d/m (input_subspace_dm)
exp_width_depth_scenarios,HIGGS,5000,5000,20000,28,2,input_subspace_dm_m1_L3,arc_cosine,3,1,1000,,0.6201,1.48,2026-06-11T11:36:33.969809,D-d/m (input_subspace_dm)
exp_width_depth_scenarios,HIGGS,5000,5000,20000,28,2,input_subspace_dm_m1_L3,arc_cosine,3,1,1000,,0.6135,1.57,2026-06-11T11:36:35.985872,D-d/m (input_subspace_dm)
exp_width_depth_scenarios,HIGGS,5000,5000,20000,28,2,input_subspace_dm_m10_L1,arc_cosine,1,10,1000,,0.6216,0.96,2026-06-11T11:36:37.115361,D-d/m (input_subspace_dm)
exp_width_depth_scenarios,HIGGS,5000,5000,20000,28,2,input_subspace_dm_m10_L1,arc_cosine,1,10,1000,,0.6314,0.97,2026-06-11T11:36:38.246817,D-d/m (input_subspace_dm)
exp_width_depth_scenarios,HIGGS,5000,5000,20000,28,2,input_subspace_dm_m10_L1,arc_cosine,1,10,1000,,0.6338,1.02,2026-06-11T11:36:39.430214,D-d/m (input_subspace_dm)
exp_width_depth_scenarios,HIGGS,5000,5000,20000,28,2,input_subspace_dm_m10_L2,arc_cosine,2,10,1000,,0.6289,1.3,2026-06-11T11:36:41.058140,D-d/m (input_subspace_dm)
exp_width_depth_scenarios,HIGGS,5000,5000,20000,28,2,input_subspace_dm_m10_L2,arc_cosine,2,10,1000,,0.6364,1.21,2026-06-11T11:36:42.583635,D-d/m (input_subspace_dm)
exp_width_depth_scenarios,HIGGS,5000,5000,20000,28,2,input_subspace_dm_m10_L2,arc_cosine,2,10,1000,,0.6361,1.21,2026-06-11T11:36:44.119415,D-d/m (input_subspace_dm)
exp_width_depth_scenarios,HIGGS,5000,5000,20000,28,2,input_subspace_dm_m10_L3,arc_cosine,3,10,1000,,0.6293,1.52,2026-06-11T11:36:46.117814,D-d/m (input_subspace_dm)
exp_width_depth_scenarios,HIGGS,5000,5000,20000,28,2,input_subspace_dm_m10_L3,arc_cosine,3,10,1000,,0.6361,1.64,2026-06-11T11:36:48.480452,D-d/m (input_subspace_dm)
exp_width_depth_scenarios,HIGGS,5000,5000,20000,28,2,input_subspace_dm_m10_L3,arc_cosine,3,10,1000,,0.6353,1.53,2026-06-11T11:36:50.538222,D-d/m (input_subspace_dm)
exp_width_depth_scenarios,HIGGS,5000,5000,20000,28,2,featpart_fulldata_m1_L1,arc_cosine,1,1,1000,,0.6174,1.17,2026-06-11T11:36:51.898230,B-Φ-P/m (featpart_fulldata)
exp_width_depth_scenarios,HIGGS,5000,5000,20000,28,2,featpart_fulldata_m1_L1,arc_cosine,1,1,1000,,0.6198,1.15,2026-06-11T11:36:53.233565,B-Φ-P/m (featpart_fulldata)
exp_width_depth_scenarios,HIGGS,5000,5000,20000,28,2,featpart_fulldata_m1_L1,arc_cosine,1,1,1000,,0.6076,1.53,2026-06-11T11:36:54.984101,B-Φ-P/m (featpart_fulldata)
exp_width_depth_scenarios,HIGGS,5000,5000,20000,28,2,featpart_fulldata_m1_L2,arc_cosine,2,1,1000,,0.6183,1.5,2026-06-11T11:36:56.882513,B-Φ-P/m (featpart_fulldata)
exp_width_depth_scenarios,HIGGS,5000,5000,20000,28,2,featpart_fulldata_m1_L2,arc_cosine,2,1,1000,,0.621,1.41,2026-06-11T11:36:58.633801,B-Φ-P/m (featpart_fulldata)
exp_width_depth_scenarios,HIGGS,5000,5000,20000,28,2,featpart_fulldata_m1_L2,arc_cosine,2,1,1000,,0.607,1.49,2026-06-11T11:37:00.466507,B-Φ-P/m (featpart_fulldata)
exp_width_depth_scenarios,HIGGS,5000,5000,20000,28,2,featpart_fulldata_m1_L3,arc_cosine,3,1,1000,,0.6182,1.65,2026-06-11T11:37:02.644425,B-Φ-P/m (featpart_fulldata)
exp_width_depth_scenarios,HIGGS,5000,5000,20000,28,2,featpart_fulldata_m1_L3,arc_cosine,3,1,1000,,0.6208,1.49,2026-06-11T11:37:04.648087,B-Φ-P/m (featpart_fulldata)
exp_width_depth_scenarios,HIGGS,5000,5000,20000,28,2,featpart_fulldata_m1_L3,arc_cosine,3,1,1000,,0.6073,1.66,2026-06-11T11:37:06.806776,B-Φ-P/m (featpart_fulldata)
exp_width_depth_scenarios,HIGGS,5000,5000,20000,28,2,featpart_fulldata_m10_L1,arc_cosine,1,10,1000,,0.6423,0.4,2026-06-11T11:37:07.429577,B-Φ-P/m (featpart_fulldata)
exp_width_depth_scenarios,HIGGS,5000,5000,20000,28,2,featpart_fulldata_m10_L1,arc_cosine,1,10,1000,,0.6461,0.4,2026-06-11T11:37:08.032512,B-Φ-P/m (featpart_fulldata)
exp_width_depth_scenarios,HIGGS,5000,5000,20000,28,2,featpart_fulldata_m10_L1,arc_cosine,1,10,1000,,0.6369,0.39,2026-06-11T11:37:08.643621,B-Φ-P/m (featpart_fulldata)
exp_width_depth_scenarios,HIGGS,5000,5000,20000,28,2,featpart_fulldata_m10_L2,arc_cosine,2,10,1000,,0.635,0.89,2026-06-11T11:37:09.919317,B-Φ-P/m (featpart_fulldata)
exp_width_depth_scenarios,HIGGS,5000,5000,20000,28,2,featpart_fulldata_m10_L2,arc_cosine,2,10,1000,,0.6383,0.92,2026-06-11T11:37:11.213213,B-Φ-P/m (featpart_fulldata)
exp_width_depth_scenarios,HIGGS,5000,5000,20000,28,2,featpart_fulldata_m10_L2,arc_cosine,2,10,1000,,0.6304,0.97,2026-06-11T11:37:12.595150,B-Φ-P/m (featpart_fulldata)
exp_width_depth_scenarios,HIGGS,5000,5000,20000,28,2,featpart_fulldata_m10_L3,arc_cosine,3,10,1000,,0.6309,1.19,2026-06-11T11:37:14.378556,B-Φ-P/m (featpart_fulldata)
exp_width_depth_scenarios,HIGGS,5000,5000,20000,28,2,featpart_fulldata_m10_L3,arc_cosine,3,10,1000,,0.6398,1.18,2026-06-11T11:37:16.122219,B-Φ-P/m (featpart_fulldata)
exp_width_depth_scenarios,HIGGS,5000,5000,20000,28,2,featpart_fulldata_m10_L3,arc_cosine,3,10,1000,,0.6293,1.24,2026-06-11T11:37:18.038201,B-Φ-P/m (featpart_fulldata)
exp_width_depth_scenarios,HIGGS,5000,5000,20000,28,2,featpart_fulldata_m50_L1,arc_cosine,1,50,1000,,0.6304,0.51,2026-06-11T11:37:18.873300,B-Φ-P/m (featpart_fulldata)
exp_width_depth_scenarios,HIGGS,5000,5000,20000,28,2,featpart_fulldata_m50_L1,arc_cosine,1,50,1000,,0.632,0.49,2026-06-11T11:37:19.657450,B-Φ-P/m (featpart_fulldata)
exp_width_depth_scenarios,HIGGS,5000,5000,20000,28,2,featpart_fulldata_m50_L1,arc_cosine,1,50,1000,,0.6227,0.43,2026-06-11T11:37:20.343376,B-Φ-P/m (featpart_fulldata)
exp_width_depth_scenarios,HIGGS,5000,5000,20000,28,2,featpart_fulldata_m50_L2,arc_cosine,2,50,1000,,0.6284,0.9,2026-06-11T11:37:21.784291,B-Φ-P/m (featpart_fulldata)
exp_width_depth_scenarios,HIGGS,5000,5000,20000,28,2,featpart_fulldata_m50_L2,arc_cosine,2,50,1000,,0.6294,0.85,2026-06-11T11:37:23.063037,B-Φ-P/m (featpart_fulldata)
exp_width_depth_scenarios,HIGGS,5000,5000,20000,28,2,featpart_fulldata_m50_L2,arc_cosine,2,50,1000,,0.6234,0.86,2026-06-11T11:37:24.377055,B-Φ-P/m (featpart_fulldata)
exp_width_depth_scenarios,HIGGS,5000,5000,20000,28,2,featpart_fulldata_m50_L3,arc_cosine,3,50,1000,,0.6231,1.31,2026-06-11T11:37:26.360472,B-Φ-P/m (featpart_fulldata)
exp_width_depth_scenarios,HIGGS,5000,5000,20000,28,2,featpart_fulldata_m50_L3,arc_cosine,3,50,1000,,0.6334,1.35,2026-06-11T11:37:28.289485,B-Φ-P/m (featpart_fulldata)
exp_width_depth_scenarios,HIGGS,5000,5000,20000,28,2,featpart_fulldata_m50_L3,arc_cosine,3,50,1000,,0.6232,1.17,2026-06-11T11:37:30.076153,B-Φ-P/m (featpart_fulldata)
exp_width_depth_scenarios,HIGGS,10000,10000,20000,28,2,baseline_fullinput_m1_L1,arc_cosine,1,1,1000,,0.6349,2.12,2026-06-11T11:37:32.440517,"A — baseline (full, m=1)"
exp_width_depth_scenarios,HIGGS,10000,10000,20000,28,2,baseline_fullinput_m1_L1,arc_cosine,1,1,1000,,0.6401,2.95,2026-06-11T11:37:35.657045,"A — baseline (full, m=1)"
exp_width_depth_scenarios,HIGGS,10000,10000,20000,28,2,baseline_fullinput_m1_L1,arc_cosine,1,1,1000,,0.6321,2.08,2026-06-11T11:37:37.955167,"A — baseline (full, m=1)"
exp_width_depth_scenarios,HIGGS,10000,10000,20000,28,2,baseline_fullinput_m1_L2,arc_cosine,2,1,1000,,0.6352,2.45,2026-06-11T11:37:40.830998,"A — baseline (full, m=1)"
exp_width_depth_scenarios,HIGGS,10000,10000,20000,28,2,baseline_fullinput_m1_L2,arc_cosine,2,1,1000,,0.6401,2.94,2026-06-11T11:37:44.172736,"A — baseline (full, m=1)"
exp_width_depth_scenarios,HIGGS,10000,10000,20000,28,2,baseline_fullinput_m1_L2,arc_cosine,2,1,1000,,0.632,2.38,2026-06-11T11:37:47.001617,"A — baseline (full, m=1)"
exp_width_depth_scenarios,HIGGS,10000,10000,20000,28,2,baseline_fullinput_m1_L3,arc_cosine,3,1,1000,,0.6346,2.88,2026-06-11T11:37:50.549097,"A — baseline (full, m=1)"
exp_width_depth_scenarios,HIGGS,10000,10000,20000,28,2,baseline_fullinput_m1_L3,arc_cosine,3,1,1000,,0.64,3.21,2026-06-11T11:37:54.355123,"A — baseline (full, m=1)"
exp_width_depth_scenarios,HIGGS,10000,10000,20000,28,2,baseline_fullinput_m1_L3,arc_cosine,3,1,1000,,0.6319,2.68,2026-06-11T11:37:57.683606,"A — baseline (full, m=1)"
exp_width_depth_scenarios,HIGGS,10000,10000,20000,28,2,input_subspace_sqrt_m1_L1,arc_cosine,1,1,1000,,0.5194,4.5,2026-06-11T11:38:02.430576,D-√d (input_subspace_sqrt)
exp_width_depth_scenarios,HIGGS,10000,10000,20000,28,2,input_subspace_sqrt_m1_L1,arc_cosine,1,1,1000,,0.6219,2.69,2026-06-11T11:38:05.362770,D-√d (input_subspace_sqrt)
exp_width_depth_scenarios,HIGGS,10000,10000,20000,28,2,input_subspace_sqrt_m1_L1,arc_cosine,1,1,1000,,0.5077,3.9,2026-06-11T11:38:09.525457,D-√d (input_subspace_sqrt)
exp_width_depth_scenarios,HIGGS,10000,10000,20000,28,2,input_subspace_sqrt_m1_L2,arc_cosine,2,1,1000,,0.5196,5.1,2026-06-11T11:38:15.104740,D-√d (input_subspace_sqrt)
exp_width_depth_scenarios,HIGGS,10000,10000,20000,28,2,input_subspace_sqrt_m1_L2,arc_cosine,2,1,1000,,0.6197,3.34,2026-06-11T11:38:18.925620,D-√d (input_subspace_sqrt)
exp_width_depth_scenarios,HIGGS,10000,10000,20000,28,2,input_subspace_sqrt_m1_L2,arc_cosine,2,1,1000,,0.5072,3.97,2026-06-11T11:38:23.316518,D-√d (input_subspace_sqrt)
exp_width_depth_scenarios,HIGGS,10000,10000,20000,28,2,input_subspace_sqrt_m1_L3,arc_cosine,3,1,1000,,0.5196,4.84,2026-06-11T11:38:28.765043,D-√d (input_subspace_sqrt)
exp_width_depth_scenarios,HIGGS,10000,10000,20000,28,2,input_subspace_sqrt_m1_L3,arc_cosine,3,1,1000,,0.6196,2.98,2026-06-11T11:38:32.337868,D-√d (input_subspace_sqrt)
exp_width_depth_scenarios,HIGGS,10000,10000,20000,28,2,input_subspace_sqrt_m1_L3,arc_cosine,3,1,1000,,0.5072,5.43,2026-06-11T11:38:38.554370,D-√d (input_subspace_sqrt)
exp_width_depth_scenarios,HIGGS,10000,10000,20000,28,2,input_subspace_sqrt_m10_L1,arc_cosine,1,10,1000,,0.6328,2.81,2026-06-11T11:38:41.616506,D-√d (input_subspace_sqrt)
exp_width_depth_scenarios,HIGGS,10000,10000,20000,28,2,input_subspace_sqrt_m10_L1,arc_cosine,1,10,1000,,0.6421,2.59,2026-06-11T11:38:44.414278,D-√d (input_subspace_sqrt)
exp_width_depth_scenarios,HIGGS,10000,10000,20000,28,2,input_subspace_sqrt_m10_L1,arc_cosine,1,10,1000,,0.6149,2.54,2026-06-11T11:38:47.184013,D-√d (input_subspace_sqrt)
exp_width_depth_scenarios,HIGGS,10000,10000,20000,28,2,input_subspace_sqrt_m10_L2,arc_cosine,2,10,1000,,0.6349,4.02,2026-06-11T11:38:51.772250,D-√d (input_subspace_sqrt)
exp_width_depth_scenarios,HIGGS,10000,10000,20000,28,2,input_subspace_sqrt_m10_L2,arc_cosine,2,10,1000,,0.6497,4.17,2026-06-11T11:38:56.265216,D-√d (input_subspace_sqrt)
exp_width_depth_scenarios,HIGGS,10000,10000,20000,28,2,input_subspace_sqrt_m10_L2,arc_cosine,2,10,1000,,0.6121,3.57,2026-06-11T11:39:00.208362,D-√d (input_subspace_sqrt)
exp_width_depth_scenarios,HIGGS,10000,10000,20000,28,2,input_subspace_sqrt_m10_L3,arc_cosine,3,10,1000,,0.6362,4.28,2026-06-11T11:39:04.932449,D-√d (input_subspace_sqrt)
exp_width_depth_scenarios,HIGGS,10000,10000,20000,28,2,input_subspace_sqrt_m10_L3,arc_cosine,3,10,1000,,0.6466,4.51,2026-06-11T11:39:09.903721,D-√d (input_subspace_sqrt)
exp_width_depth_scenarios,HIGGS,10000,10000,20000,28,2,input_subspace_sqrt_m10_L3,arc_cosine,3,10,1000,,0.6133,4.32,2026-06-11T11:39:14.887483,D-√d (input_subspace_sqrt)
exp_width_depth_scenarios,HIGGS,10000,10000,20000,28,2,input_subspace_sqrt_m50_L1,arc_cosine,1,50,1000,,0.6654,1.5,2026-06-11T11:39:16.655527,D-√d (input_subspace_sqrt)
exp_width_depth_scenarios,HIGGS,10000,10000,20000,28,2,input_subspace_sqrt_m50_L1,arc_cosine,1,50,1000,,0.6679,1.66,2026-06-11T11:39:18.556502,D-√d (input_subspace_sqrt)
exp_width_depth_scenarios,HIGGS,10000,10000,20000,28,2,input_subspace_sqrt_m50_L1,arc_cosine,1,50,1000,,0.6441,1.42,2026-06-11T11:39:20.197957,D-√d (input_subspace_sqrt)
exp_width_depth_scenarios,HIGGS,10000,10000,20000,28,2,input_subspace_sqrt_m50_L2,arc_cosine,2,50,1000,,0.6726,2.62,2026-06-11T11:39:23.237090,D-√d (input_subspace_sqrt)
exp_width_depth_scenarios,HIGGS,10000,10000,20000,28,2,input_subspace_sqrt_m50_L2,arc_cosine,2,50,1000,,0.6734,2.61,2026-06-11T11:39:26.253833,D-√d (input_subspace_sqrt)
exp_width_depth_scenarios,HIGGS,10000,10000,20000,28,2,input_subspace_sqrt_m50_L2,arc_cosine,2,50,1000,,0.6595,2.5,2026-06-11T11:39:29.133377,D-√d (input_subspace_sqrt)
exp_width_depth_scenarios,HIGGS,10000,10000,20000,28,2,input_subspace_sqrt_m50_L3,arc_cosine,3,50,1000,,0.6673,3.56,2026-06-11T11:39:33.259651,D-√d (input_subspace_sqrt)
exp_width_depth_scenarios,HIGGS,10000,10000,20000,28,2,input_subspace_sqrt_m50_L3,arc_cosine,3,50,1000,,0.6721,3.67,2026-06-11T11:39:37.574464,D-√d (input_subspace_sqrt)
exp_width_depth_scenarios,HIGGS,10000,10000,20000,28,2,input_subspace_sqrt_m50_L3,arc_cosine,3,50,1000,,0.6617,3.56,2026-06-11T11:39:41.833848,D-√d (input_subspace_sqrt)
exp_width_depth_scenarios,HIGGS,10000,10000,20000,28,2,input_subspace_dm_m1_L1,arc_cosine,1,1,1000,,0.6391,2.39,2026-06-11T11:39:44.491305,D-d/m (input_subspace_dm)
exp_width_depth_scenarios,HIGGS,10000,10000,20000,28,2,input_subspace_dm_m1_L1,arc_cosine,1,1,1000,,0.6442,2.53,2026-06-11T11:39:47.272674,D-d/m (input_subspace_dm)
exp_width_depth_scenarios,HIGGS,10000,10000,20000,28,2,input_subspace_dm_m1_L1,arc_cosine,1,1,1000,,0.6351,2.03,2026-06-11T11:39:49.596372,D-d/m (input_subspace_dm)
exp_width_depth_scenarios,HIGGS,10000,10000,20000,28,2,input_subspace_dm_m1_L2,arc_cosine,2,1,1000,,0.6391,2.69,2026-06-11T11:39:52.739127,D-d/m (input_subspace_dm)
exp_width_depth_scenarios,HIGGS,10000,10000,20000,28,2,input_subspace_dm_m1_L2,arc_cosine,2,1,1000,,0.6441,2.59,2026-06-11T11:39:55.771885,D-d/m (input_subspace_dm)
exp_width_depth_scenarios,HIGGS,10000,10000,20000,28,2,input_subspace_dm_m1_L2,arc_cosine,2,1,1000,,0.6351,2.41,2026-06-11T11:39:58.630400,D-d/m (input_subspace_dm)
exp_width_depth_scenarios,HIGGS,10000,10000,20000,28,2,input_subspace_dm_m1_L3,arc_cosine,3,1,1000,,0.6389,3.01,2026-06-11T11:40:02.257378,D-d/m (input_subspace_dm)
exp_width_depth_scenarios,HIGGS,10000,10000,20000,28,2,input_subspace_dm_m1_L3,arc_cosine,3,1,1000,,0.6443,2.92,2026-06-11T11:40:05.839793,D-d/m (input_subspace_dm)
exp_width_depth_scenarios,HIGGS,10000,10000,20000,28,2,input_subspace_dm_m1_L3,arc_cosine,3,1,1000,,0.635,2.71,2026-06-11T11:40:09.189514,D-d/m (input_subspace_dm)
exp_width_depth_scenarios,HIGGS,10000,10000,20000,28,2,input_subspace_dm_m10_L1,arc_cosine,1,10,1000,,0.6318,2.38,2026-06-11T11:40:11.813602,D-d/m (input_subspace_dm)
exp_width_depth_scenarios,HIGGS,10000,10000,20000,28,2,input_subspace_dm_m10_L1,arc_cosine,1,10,1000,,0.645,2.06,2026-06-11T11:40:14.072083,D-d/m (input_subspace_dm)
exp_width_depth_scenarios,HIGGS,10000,10000,20000,28,2,input_subspace_dm_m10_L1,arc_cosine,1,10,1000,,0.6413,1.82,2026-06-11T11:40:16.107436,D-d/m (input_subspace_dm)
exp_width_depth_scenarios,HIGGS,10000,10000,20000,28,2,input_subspace_dm_m10_L2,arc_cosine,2,10,1000,,0.6357,2.3,2026-06-11T11:40:18.821268,D-d/m (input_subspace_dm)
exp_width_depth_scenarios,HIGGS,10000,10000,20000,28,2,input_subspace_dm_m10_L2,arc_cosine,2,10,1000,,0.6446,2.22,2026-06-11T11:40:21.437431,D-d/m (input_subspace_dm)
exp_width_depth_scenarios,HIGGS,10000,10000,20000,28,2,input_subspace_dm_m10_L2,arc_cosine,2,10,1000,,0.6431,2.17,2026-06-11T11:40:23.994547,D-d/m (input_subspace_dm)
exp_width_depth_scenarios,HIGGS,10000,10000,20000,28,2,input_subspace_dm_m10_L3,arc_cosine,3,10,1000,,0.6361,2.8,2026-06-11T11:40:27.379895,D-d/m (input_subspace_dm)
exp_width_depth_scenarios,HIGGS,10000,10000,20000,28,2,input_subspace_dm_m10_L3,arc_cosine,3,10,1000,,0.6442,2.61,2026-06-11T11:40:30.595830,D-d/m (input_subspace_dm)
exp_width_depth_scenarios,HIGGS,10000,10000,20000,28,2,input_subspace_dm_m10_L3,arc_cosine,3,10,1000,,0.6433,2.54,2026-06-11T11:40:33.729135,D-d/m (input_subspace_dm)
exp_width_depth_scenarios,HIGGS,10000,10000,20000,28,2,featpart_fulldata_m1_L1,arc_cosine,1,1,1000,,0.6349,2.19,2026-06-11T11:40:36.156003,B-Φ-P/m (featpart_fulldata)
exp_width_depth_scenarios,HIGGS,10000,10000,20000,28,2,featpart_fulldata_m1_L1,arc_cosine,1,1,1000,,0.6401,2.57,2026-06-11T11:40:38.939874,B-Φ-P/m (featpart_fulldata)
exp_width_depth_scenarios,HIGGS,10000,10000,20000,28,2,featpart_fulldata_m1_L1,arc_cosine,1,1,1000,,0.6321,2.07,2026-06-11T11:40:41.248244,B-Φ-P/m (featpart_fulldata)
exp_width_depth_scenarios,HIGGS,10000,10000,20000,28,2,featpart_fulldata_m1_L2,arc_cosine,2,1,1000,,0.6351,2.62,2026-06-11T11:40:44.388688,B-Φ-P/m (featpart_fulldata)
exp_width_depth_scenarios,HIGGS,10000,10000,20000,28,2,featpart_fulldata_m1_L2,arc_cosine,2,1,1000,,0.6401,3.24,2026-06-11T11:40:48.134425,B-Φ-P/m (featpart_fulldata)
exp_width_depth_scenarios,HIGGS,10000,10000,20000,28,2,featpart_fulldata_m1_L2,arc_cosine,2,1,1000,,0.632,2.39,2026-06-11T11:40:50.947289,B-Φ-P/m (featpart_fulldata)
exp_width_depth_scenarios,HIGGS,10000,10000,20000,28,2,featpart_fulldata_m1_L3,arc_cosine,3,1,1000,,0.6348,2.78,2026-06-11T11:40:54.331026,B-Φ-P/m (featpart_fulldata)
exp_width_depth_scenarios,HIGGS,10000,10000,20000,28,2,featpart_fulldata_m1_L3,arc_cosine,3,1,1000,,0.6401,3.13,2026-06-11T11:40:58.087207,B-Φ-P/m (featpart_fulldata)
exp_width_depth_scenarios,HIGGS,10000,10000,20000,28,2,featpart_fulldata_m1_L3,arc_cosine,3,1,1000,,0.6319,2.74,2026-06-11T11:41:01.448935,B-Φ-P/m (featpart_fulldata)
exp_width_depth_scenarios,HIGGS,10000,10000,20000,28,2,featpart_fulldata_m10_L1,arc_cosine,1,10,1000,,0.6463,0.93,2026-06-11T11:41:02.689518,B-Φ-P/m (featpart_fulldata)
exp_width_depth_scenarios,HIGGS,10000,10000,20000,28,2,featpart_fulldata_m10_L1,arc_cosine,1,10,1000,,0.652,0.86,2026-06-11T11:41:03.831738,B-Φ-P/m (featpart_fulldata)
exp_width_depth_scenarios,HIGGS,10000,10000,20000,28,2,featpart_fulldata_m10_L1,arc_cosine,1,10,1000,,0.6459,0.83,2026-06-11T11:41:04.928099,B-Φ-P/m (featpart_fulldata)
exp_width_depth_scenarios,HIGGS,10000,10000,20000,28,2,featpart_fulldata_m10_L2,arc_cosine,2,10,1000,,0.6423,1.87,2026-06-11T11:41:07.291267,B-Φ-P/m (featpart_fulldata)
exp_width_depth_scenarios,HIGGS,10000,10000,20000,28,2,featpart_fulldata_m10_L2,arc_cosine,2,10,1000,,0.6483,1.66,2026-06-11T11:41:09.499339,B-Φ-P/m (featpart_fulldata)
exp_width_depth_scenarios,HIGGS,10000,10000,20000,28,2,featpart_fulldata_m10_L2,arc_cosine,2,10,1000,,0.6417,1.71,2026-06-11T11:41:11.735479,B-Φ-P/m (featpart_fulldata)
exp_width_depth_scenarios,HIGGS,10000,10000,20000,28,2,featpart_fulldata_m10_L3,arc_cosine,3,10,1000,,0.6421,2.2,2026-06-11T11:41:14.657797,B-Φ-P/m (featpart_fulldata)
exp_width_depth_scenarios,HIGGS,10000,10000,20000,28,2,featpart_fulldata_m10_L3,arc_cosine,3,10,1000,,0.647,2.17,2026-06-11T11:41:17.534543,B-Φ-P/m (featpart_fulldata)
exp_width_depth_scenarios,HIGGS,10000,10000,20000,28,2,featpart_fulldata_m10_L3,arc_cosine,3,10,1000,,0.6427,2.25,2026-06-11T11:41:20.512735,B-Φ-P/m (featpart_fulldata)
exp_width_depth_scenarios,HIGGS,10000,10000,20000,28,2,featpart_fulldata_m50_L1,arc_cosine,1,50,1000,,0.6358,0.86,2026-06-11T11:41:21.716183,B-Φ-P/m (featpart_fulldata)
exp_width_depth_scenarios,HIGGS,10000,10000,20000,28,2,featpart_fulldata_m50_L1,arc_cosine,1,50,1000,,0.6416,0.85,2026-06-11T11:41:22.855272,B-Φ-P/m (featpart_fulldata)
exp_width_depth_scenarios,HIGGS,10000,10000,20000,28,2,featpart_fulldata_m50_L1,arc_cosine,1,50,1000,,0.627,0.75,2026-06-11T11:41:23.871414,B-Φ-P/m (featpart_fulldata)
exp_width_depth_scenarios,HIGGS,10000,10000,20000,28,2,featpart_fulldata_m50_L2,arc_cosine,2,50,1000,,0.6333,1.46,2026-06-11T11:41:25.853861,B-Φ-P/m (featpart_fulldata)
exp_width_depth_scenarios,HIGGS,10000,10000,20000,28,2,featpart_fulldata_m50_L2,arc_cosine,2,50,1000,,0.6401,1.46,2026-06-11T11:41:27.837379,B-Φ-P/m (featpart_fulldata)
exp_width_depth_scenarios,HIGGS,10000,10000,20000,28,2,featpart_fulldata_m50_L2,arc_cosine,2,50,1000,,0.6276,1.87,2026-06-11T11:41:30.430505,B-Φ-P/m (featpart_fulldata)
exp_width_depth_scenarios,HIGGS,10000,10000,20000,28,2,featpart_fulldata_m50_L3,arc_cosine,3,50,1000,,0.632,2.28,2026-06-11T11:41:33.502123,B-Φ-P/m (featpart_fulldata)
exp_width_depth_scenarios,HIGGS,10000,10000,20000,28,2,featpart_fulldata_m50_L3,arc_cosine,3,50,1000,,0.6366,2.08,2026-06-11T11:41:36.292781,B-Φ-P/m (featpart_fulldata)
exp_width_depth_scenarios,HIGGS,10000,10000,20000,28,2,featpart_fulldata_m50_L3,arc_cosine,3,50,1000,,0.6262,2.21,2026-06-11T11:41:39.190985,B-Φ-P/m (featpart_fulldata)
exp_width_depth_scenarios,HIGGS,50000,50000,20000,28,2,baseline_fullinput_m1_L1,arc_cosine,1,1,1000,,0.6729,8.31,2026-06-11T11:41:47.963713,"A — baseline (full, m=1)"
exp_width_depth_scenarios,HIGGS,50000,50000,20000,28,2,baseline_fullinput_m1_L1,arc_cosine,1,1,1000,,0.6675,10.42,2026-06-11T11:41:58.980058,"A — baseline (full, m=1)"
exp_width_depth_scenarios,HIGGS,50000,50000,20000,28,2,baseline_fullinput_m1_L1,arc_cosine,1,1,1000,,0.6716,10.41,2026-06-11T11:42:09.857693,"A — baseline (full, m=1)"
exp_width_depth_scenarios,HIGGS,50000,50000,20000,28,2,baseline_fullinput_m1_L2,arc_cosine,2,1,1000,,0.6734,10.04,2026-06-11T11:42:20.817448,"A — baseline (full, m=1)"
exp_width_depth_scenarios,HIGGS,50000,50000,20000,28,2,baseline_fullinput_m1_L2,arc_cosine,2,1,1000,,0.6679,12.49,2026-06-11T11:42:34.260120,"A — baseline (full, m=1)"
exp_width_depth_scenarios,HIGGS,50000,50000,20000,28,2,baseline_fullinput_m1_L2,arc_cosine,2,1,1000,,0.6725,10.85,2026-06-11T11:42:45.997698,"A — baseline (full, m=1)"
exp_width_depth_scenarios,HIGGS,50000,50000,20000,28,2,baseline_fullinput_m1_L3,arc_cosine,3,1,1000,,0.6739,12.22,2026-06-11T11:42:59.499816,"A — baseline (full, m=1)"
exp_width_depth_scenarios,HIGGS,50000,50000,20000,28,2,baseline_fullinput_m1_L3,arc_cosine,3,1,1000,,0.6677,13.29,2026-06-11T11:43:13.983704,"A — baseline (full, m=1)"
exp_width_depth_scenarios,HIGGS,50000,50000,20000,28,2,baseline_fullinput_m1_L3,arc_cosine,3,1,1000,,0.6727,11.34,2026-06-11T11:43:26.536285,"A — baseline (full, m=1)"
exp_width_depth_scenarios,HIGGS,50000,50000,20000,28,2,input_subspace_sqrt_m1_L1,arc_cosine,1,1,1000,,0.5378,16.55,2026-06-11T11:43:43.525122,D-√d (input_subspace_sqrt)
exp_width_depth_scenarios,HIGGS,50000,50000,20000,28,2,input_subspace_sqrt_m1_L1,arc_cosine,1,1,1000,,0.6224,12.85,2026-06-11T11:43:56.808317,D-√d (input_subspace_sqrt)
exp_width_depth_scenarios,HIGGS,50000,50000,20000,28,2,input_subspace_sqrt_m1_L1,arc_cosine,1,1,1000,,0.5206,27.36,2026-06-11T11:44:24.593899,D-√d (input_subspace_sqrt)
exp_width_depth_scenarios,HIGGS,50000,50000,20000,28,2,input_subspace_sqrt_m1_L2,arc_cosine,2,1,1000,,0.5379,17.79,2026-06-11T11:44:43.258153,D-√d (input_subspace_sqrt)
exp_width_depth_scenarios,HIGGS,50000,50000,20000,28,2,input_subspace_sqrt_m1_L2,arc_cosine,2,1,1000,,0.6211,15.0,2026-06-11T11:44:59.278952,D-√d (input_subspace_sqrt)
exp_width_depth_scenarios,HIGGS,50000,50000,20000,28,2,input_subspace_sqrt_m1_L2,arc_cosine,2,1,1000,,0.5205,32.19,2026-06-11T11:45:32.322288,D-√d (input_subspace_sqrt)
exp_width_depth_scenarios,HIGGS,50000,50000,20000,28,2,input_subspace_sqrt_m1_L3,arc_cosine,3,1,1000,,0.5379,18.95,2026-06-11T11:45:52.884477,D-√d (input_subspace_sqrt)
exp_width_depth_scenarios,HIGGS,50000,50000,20000,28,2,input_subspace_sqrt_m1_L3,arc_cosine,3,1,1000,,0.6211,17.19,2026-06-11T11:46:11.619143,D-√d (input_subspace_sqrt)
exp_width_depth_scenarios,HIGGS,50000,50000,20000,28,2,input_subspace_sqrt_m1_L3,arc_cosine,3,1,1000,,0.5204,30.34,2026-06-11T11:46:43.139679,D-√d (input_subspace_sqrt)
exp_width_depth_scenarios,HIGGS,50000,50000,20000,28,2,input_subspace_sqrt_m10_L1,arc_cosine,1,10,1000,,0.6381,13.8,2026-06-11T11:46:57.375075,D-√d (input_subspace_sqrt)
exp_width_depth_scenarios,HIGGS,50000,50000,20000,28,2,input_subspace_sqrt_m10_L1,arc_cosine,1,10,1000,,0.6473,13.12,2026-06-11T11:47:10.936779,D-√d (input_subspace_sqrt)
exp_width_depth_scenarios,HIGGS,50000,50000,20000,28,2,input_subspace_sqrt_m10_L1,arc_cosine,1,10,1000,,0.6262,13.7,2026-06-11T11:47:25.076047,D-√d (input_subspace_sqrt)
exp_width_depth_scenarios,HIGGS,50000,50000,20000,28,2,input_subspace_sqrt_m10_L2,arc_cosine,2,10,1000,,0.6422,18.1,2026-06-11T11:47:43.968256,D-√d (input_subspace_sqrt)
exp_width_depth_scenarios,HIGGS,50000,50000,20000,28,2,input_subspace_sqrt_m10_L2,arc_cosine,2,10,1000,,0.65,17.08,2026-06-11T11:48:01.867890,D-√d (input_subspace_sqrt)
exp_width_depth_scenarios,HIGGS,50000,50000,20000,28,2,input_subspace_sqrt_m10_L2,arc_cosine,2,10,1000,,0.6283,18.09,2026-06-11T11:48:20.757043,D-√d (input_subspace_sqrt)
exp_width_depth_scenarios,HIGGS,50000,50000,20000,28,2,input_subspace_sqrt_m10_L3,arc_cosine,3,10,1000,,0.6415,20.88,2026-06-11T11:48:42.801200,D-√d (input_subspace_sqrt)
exp_width_depth_scenarios,HIGGS,50000,50000,20000,28,2,input_subspace_sqrt_m10_L3,arc_cosine,3,10,1000,,0.652,20.02,2026-06-11T11:49:03.978207,D-√d (input_subspace_sqrt)
exp_width_depth_scenarios,HIGGS,50000,50000,20000,28,2,input_subspace_sqrt_m10_L3,arc_cosine,3,10,1000,,0.6299,20.92,2026-06-11T11:49:26.050045,D-√d (input_subspace_sqrt)
exp_width_depth_scenarios,HIGGS,50000,50000,20000,28,2,input_subspace_sqrt_m50_L1,arc_cosine,1,50,1000,,0.668,8.56,2026-06-11T11:49:35.068408,D-√d (input_subspace_sqrt)
exp_width_depth_scenarios,HIGGS,50000,50000,20000,28,2,input_subspace_sqrt_m50_L1,arc_cosine,1,50,1000,,0.6643,8.32,2026-06-11T11:49:43.865733,D-√d (input_subspace_sqrt)
exp_width_depth_scenarios,HIGGS,50000,50000,20000,28,2,input_subspace_sqrt_m50_L1,arc_cosine,1,50,1000,,0.6556,9.35,2026-06-11T11:49:53.686131,D-√d (input_subspace_sqrt)
exp_width_depth_scenarios,HIGGS,50000,50000,20000,28,2,input_subspace_sqrt_m50_L2,arc_cosine,2,50,1000,,0.6797,16.94,2026-06-11T11:50:11.595749,D-√d (input_subspace_sqrt)
exp_width_depth_scenarios,HIGGS,50000,50000,20000,28,2,input_subspace_sqrt_m50_L2,arc_cosine,2,50,1000,,0.6724,16.46,2026-06-11T11:50:29.113604,D-√d (input_subspace_sqrt)
exp_width_depth_scenarios,HIGGS,50000,50000,20000,28,2,input_subspace_sqrt_m50_L2,arc_cosine,2,50,1000,,0.6695,16.72,2026-06-11T11:50:47.150444,D-√d (input_subspace_sqrt)
exp_width_depth_scenarios,HIGGS,50000,50000,20000,28,2,input_subspace_sqrt_m50_L3,arc_cosine,3,50,1000,,0.6768,20.67,2026-06-11T11:51:09.238044,D-√d (input_subspace_sqrt)
exp_width_depth_scenarios,HIGGS,50000,50000,20000,28,2,input_subspace_sqrt_m50_L3,arc_cosine,3,50,1000,,0.6751,21.77,2026-06-11T11:51:32.291591,D-√d (input_subspace_sqrt)
exp_width_depth_scenarios,HIGGS,50000,50000,20000,28,2,input_subspace_sqrt_m50_L3,arc_cosine,3,50,1000,,0.6696,20.04,2026-06-11T11:51:53.931248,D-√d (input_subspace_sqrt)
exp_width_depth_scenarios,HIGGS,50000,50000,20000,28,2,input_subspace_dm_m1_L1,arc_cosine,1,1,1000,,0.673,9.17,2026-06-11T11:52:03.600719,D-d/m (input_subspace_dm)
exp_width_depth_scenarios,HIGGS,50000,50000,20000,28,2,input_subspace_dm_m1_L1,arc_cosine,1,1,1000,,0.6671,7.39,2026-06-11T11:52:11.443167,D-d/m (input_subspace_dm)
exp_width_depth_scenarios,HIGGS,50000,50000,20000,28,2,input_subspace_dm_m1_L1,arc_cosine,1,1,1000,,0.6675,8.54,2026-06-11T11:52:20.426961,D-d/m (input_subspace_dm)
exp_width_depth_scenarios,HIGGS,50000,50000,20000,28,2,input_subspace_dm_m1_L2,arc_cosine,2,1,1000,,0.6723,10.22,2026-06-11T11:52:31.669816,D-d/m (input_subspace_dm)
exp_width_depth_scenarios,HIGGS,50000,50000,20000,28,2,input_subspace_dm_m1_L2,arc_cosine,2,1,1000,,0.6683,10.59,2026-06-11T11:52:43.154381,D-d/m (input_subspace_dm)
exp_width_depth_scenarios,HIGGS,50000,50000,20000,28,2,input_subspace_dm_m1_L2,arc_cosine,2,1,1000,,0.6688,9.89,2026-06-11T11:52:53.857185,D-d/m (input_subspace_dm)
exp_width_depth_scenarios,HIGGS,50000,50000,20000,28,2,input_subspace_dm_m1_L3,arc_cosine,3,1,1000,,0.6727,10.93,2026-06-11T11:53:05.982376,D-d/m (input_subspace_dm)
exp_width_depth_scenarios,HIGGS,50000,50000,20000,28,2,input_subspace_dm_m1_L3,arc_cosine,3,1,1000,,0.6677,9.78,2026-06-11T11:53:16.948961,D-d/m (input_subspace_dm)
exp_width_depth_scenarios,HIGGS,50000,50000,20000,28,2,input_subspace_dm_m1_L3,arc_cosine,3,1,1000,,0.669,11.44,2026-06-11T11:53:29.678541,D-d/m (input_subspace_dm)
exp_width_depth_scenarios,HIGGS,50000,50000,20000,28,2,input_subspace_dm_m10_L1,arc_cosine,1,10,1000,,0.6477,9.72,2026-06-11T11:53:39.916120,D-d/m (input_subspace_dm)
exp_width_depth_scenarios,HIGGS,50000,50000,20000,28,2,input_subspace_dm_m10_L1,arc_cosine,1,10,1000,,0.6538,11.87,2026-06-11T11:53:52.321168,D-d/m (input_subspace_dm)
exp_width_depth_scenarios,HIGGS,50000,50000,20000,28,2,input_subspace_dm_m10_L1,arc_cosine,1,10,1000,,0.6538,11.51,2026-06-11T11:54:04.612899,D-d/m (input_subspace_dm)
exp_width_depth_scenarios,HIGGS,50000,50000,20000,28,2,input_subspace_dm_m10_L2,arc_cosine,2,10,1000,,0.6505,12.06,2026-06-11T11:54:17.878162,D-d/m (input_subspace_dm)
exp_width_depth_scenarios,HIGGS,50000,50000,20000,28,2,input_subspace_dm_m10_L2,arc_cosine,2,10,1000,,0.654,13.94,2026-06-11T11:54:32.838364,D-d/m (input_subspace_dm)
exp_width_depth_scenarios,HIGGS,50000,50000,20000,28,2,input_subspace_dm_m10_L2,arc_cosine,2,10,1000,,0.6549,14.06,2026-06-11T11:54:48.450240,D-d/m (input_subspace_dm)
exp_width_depth_scenarios,HIGGS,50000,50000,20000,28,2,input_subspace_dm_m10_L3,arc_cosine,3,10,1000,,0.6504,14.78,2026-06-11T11:55:05.289840,D-d/m (input_subspace_dm)
exp_width_depth_scenarios,HIGGS,50000,50000,20000,28,2,input_subspace_dm_m10_L3,arc_cosine,3,10,1000,,0.6543,14.71,2026-06-11T11:55:21.633451,D-d/m (input_subspace_dm)
exp_width_depth_scenarios,HIGGS,50000,50000,20000,28,2,input_subspace_dm_m10_L3,arc_cosine,3,10,1000,,0.6542,14.85,2026-06-11T11:55:38.063054,D-d/m (input_subspace_dm)
exp_width_depth_scenarios,HIGGS,50000,50000,20000,28,2,featpart_fulldata_m1_L1,arc_cosine,1,1,1000,,0.6729,8.69,2026-06-11T11:55:47.298008,B-Φ-P/m (featpart_fulldata)
exp_width_depth_scenarios,HIGGS,50000,50000,20000,28,2,featpart_fulldata_m1_L1,arc_cosine,1,1,1000,,0.6675,10.24,2026-06-11T11:55:58.157187,B-Φ-P/m (featpart_fulldata)
exp_width_depth_scenarios,HIGGS,50000,50000,20000,28,2,featpart_fulldata_m1_L1,arc_cosine,1,1,1000,,0.6716,8.71,2026-06-11T11:56:07.339709,B-Φ-P/m (featpart_fulldata)
exp_width_depth_scenarios,HIGGS,50000,50000,20000,28,2,featpart_fulldata_m1_L2,arc_cosine,2,1,1000,,0.6734,9.28,2026-06-11T11:56:17.432101,B-Φ-P/m (featpart_fulldata)
exp_width_depth_scenarios,HIGGS,50000,50000,20000,28,2,featpart_fulldata_m1_L2,arc_cosine,2,1,1000,,0.6679,10.57,2026-06-11T11:56:28.821284,B-Φ-P/m (featpart_fulldata)
exp_width_depth_scenarios,HIGGS,50000,50000,20000,28,2,featpart_fulldata_m1_L2,arc_cosine,2,1,1000,,0.6725,9.82,2026-06-11T11:56:39.456398,B-Φ-P/m (featpart_fulldata)
exp_width_depth_scenarios,HIGGS,50000,50000,20000,28,2,featpart_fulldata_m1_L3,arc_cosine,3,1,1000,,0.6739,10.41,2026-06-11T11:56:51.046894,B-Φ-P/m (featpart_fulldata)
exp_width_depth_scenarios,HIGGS,50000,50000,20000,28,2,featpart_fulldata_m1_L3,arc_cosine,3,1,1000,,0.6677,11.76,2026-06-11T11:57:03.981528,B-Φ-P/m (featpart_fulldata)
exp_width_depth_scenarios,HIGGS,50000,50000,20000,28,2,featpart_fulldata_m1_L3,arc_cosine,3,1,1000,,0.6728,10.87,2026-06-11T11:57:16.035109,B-Φ-P/m (featpart_fulldata)
exp_width_depth_scenarios,HIGGS,50000,50000,20000,28,2,featpart_fulldata_m10_L1,arc_cosine,1,10,1000,,0.6499,4.72,2026-06-11T11:57:21.262175,B-Φ-P/m (featpart_fulldata)
exp_width_depth_scenarios,HIGGS,50000,50000,20000,28,2,featpart_fulldata_m10_L1,arc_cosine,1,10,1000,,0.6514,4.78,2026-06-11T11:57:26.554180,B-Φ-P/m (featpart_fulldata)
exp_width_depth_scenarios,HIGGS,50000,50000,20000,28,2,featpart_fulldata_m10_L1,arc_cosine,1,10,1000,,0.6545,4.69,2026-06-11T11:57:31.759681,B-Φ-P/m (featpart_fulldata)
exp_width_depth_scenarios,HIGGS,50000,50000,20000,28,2,featpart_fulldata_m10_L2,arc_cosine,2,10,1000,,0.6502,7.68,2026-06-11T11:57:40.391461,B-Φ-P/m (featpart_fulldata)
exp_width_depth_scenarios,HIGGS,50000,50000,20000,28,2,featpart_fulldata_m10_L2,arc_cosine,2,10,1000,,0.6512,7.54,2026-06-11T11:57:48.874717,B-Φ-P/m (featpart_fulldata)
exp_width_depth_scenarios,HIGGS,50000,50000,20000,28,2,featpart_fulldata_m10_L2,arc_cosine,2,10,1000,,0.6584,7.49,2026-06-11T11:57:57.304792,B-Φ-P/m (featpart_fulldata)
exp_width_depth_scenarios,HIGGS,50000,50000,20000,28,2,featpart_fulldata_m10_L3,arc_cosine,3,10,1000,,0.6505,9.64,2026-06-11T11:58:08.322351,B-Φ-P/m (featpart_fulldata)
exp_width_depth_scenarios,HIGGS,50000,50000,20000,28,2,featpart_fulldata_m10_L3,arc_cosine,3,10,1000,,0.6513,9.69,2026-06-11T11:58:19.393602,B-Φ-P/m (featpart_fulldata)
exp_width_depth_scenarios,HIGGS,50000,50000,20000,28,2,featpart_fulldata_m10_L3,arc_cosine,3,10,1000,,0.6576,9.67,2026-06-11T11:58:30.446808,B-Φ-P/m (featpart_fulldata)
exp_width_depth_scenarios,HIGGS,50000,50000,20000,28,2,featpart_fulldata_m50_L1,arc_cosine,1,50,1000,,0.636,3.47,2026-06-11T11:58:34.469674,B-Φ-P/m (featpart_fulldata)
exp_width_depth_scenarios,HIGGS,50000,50000,20000,28,2,featpart_fulldata_m50_L1,arc_cosine,1,50,1000,,0.637,3.34,2026-06-11T11:58:38.343840,B-Φ-P/m (featpart_fulldata)
exp_width_depth_scenarios,HIGGS,50000,50000,20000,28,2,featpart_fulldata_m50_L1,arc_cosine,1,50,1000,,0.6355,3.48,2026-06-11T11:58:42.369114,B-Φ-P/m (featpart_fulldata)
exp_width_depth_scenarios,HIGGS,50000,50000,20000,28,2,featpart_fulldata_m50_L2,arc_cosine,2,50,1000,,0.6342,6.54,2026-06-11T11:58:49.918500,B-Φ-P/m (featpart_fulldata)
exp_width_depth_scenarios,HIGGS,50000,50000,20000,28,2,featpart_fulldata_m50_L2,arc_cosine,2,50,1000,,0.6395,6.37,2026-06-11T11:58:57.301239,B-Φ-P/m (featpart_fulldata)
exp_width_depth_scenarios,HIGGS,50000,50000,20000,28,2,featpart_fulldata_m50_L2,arc_cosine,2,50,1000,,0.6369,6.32,2026-06-11T11:59:04.617547,B-Φ-P/m (featpart_fulldata)
exp_width_depth_scenarios,HIGGS,50000,50000,20000,28,2,featpart_fulldata_m50_L3,arc_cosine,3,50,1000,,0.6356,9.01,2026-06-11T11:59:15.210253,B-Φ-P/m (featpart_fulldata)
exp_width_depth_scenarios,HIGGS,50000,50000,20000,28,2,featpart_fulldata_m50_L3,arc_cosine,3,50,1000,,0.6374,10.16,2026-06-11T11:59:27.049891,B-Φ-P/m (featpart_fulldata)
exp_width_depth_scenarios,HIGGS,50000,50000,20000,28,2,featpart_fulldata_m50_L3,arc_cosine,3,50,1000,,0.6361,9.11,2026-06-11T11:59:37.661280,B-Φ-P/m (featpart_fulldata)
exp_width_depth_scenarios,HIGGS,100000,100000,20000,28,2,baseline_fullinput_m1_L1,arc_cosine,1,1,1000,,0.679,18.05,2026-06-11T11:59:56.572741,"A — baseline (full, m=1)"
exp_width_depth_scenarios,HIGGS,100000,100000,20000,28,2,baseline_fullinput_m1_L1,arc_cosine,1,1,1000,,0.6645,15.92,2026-06-11T12:00:13.220372,"A — baseline (full, m=1)"
exp_width_depth_scenarios,HIGGS,100000,100000,20000,28,2,baseline_fullinput_m1_L1,arc_cosine,1,1,1000,,0.6718,16.31,2026-06-11T12:00:30.245313,"A — baseline (full, m=1)"
exp_width_depth_scenarios,HIGGS,100000,100000,20000,28,2,baseline_fullinput_m1_L2,arc_cosine,2,1,1000,,0.6794,19.65,2026-06-11T12:00:51.225058,"A — baseline (full, m=1)"
exp_width_depth_scenarios,HIGGS,100000,100000,20000,28,2,baseline_fullinput_m1_L2,arc_cosine,2,1,1000,,0.6653,17.05,2026-06-11T12:01:09.724179,"A — baseline (full, m=1)"
exp_width_depth_scenarios,HIGGS,100000,100000,20000,28,2,baseline_fullinput_m1_L2,arc_cosine,2,1,1000,,0.6717,19.8,2026-06-11T12:01:30.840081,"A — baseline (full, m=1)"
exp_width_depth_scenarios,HIGGS,100000,100000,20000,28,2,baseline_fullinput_m1_L3,arc_cosine,3,1,1000,,0.6797,21.65,2026-06-11T12:01:54.532700,"A — baseline (full, m=1)"
exp_width_depth_scenarios,HIGGS,100000,100000,20000,28,2,baseline_fullinput_m1_L3,arc_cosine,3,1,1000,,0.6649,19.09,2026-06-11T12:02:15.562157,"A — baseline (full, m=1)"
exp_width_depth_scenarios,HIGGS,100000,100000,20000,28,2,baseline_fullinput_m1_L3,arc_cosine,3,1,1000,,0.6721,21.48,2026-06-11T12:02:38.954391,"A — baseline (full, m=1)"
exp_width_depth_scenarios,HIGGS,100000,100000,20000,28,2,input_subspace_sqrt_m1_L1,arc_cosine,1,1,1000,,0.5444,27.52,2026-06-11T12:03:07.236196,D-√d (input_subspace_sqrt)
exp_width_depth_scenarios,HIGGS,100000,100000,20000,28,2,input_subspace_sqrt_m1_L1,arc_cosine,1,1,1000,,0.6191,19.15,2026-06-11T12:03:27.103167,D-√d (input_subspace_sqrt)
exp_width_depth_scenarios,HIGGS,100000,100000,20000,28,2,input_subspace_sqrt_m1_L1,arc_cosine,1,1,1000,,0.5283,41.02,2026-06-11T12:04:08.885046,D-√d (input_subspace_sqrt)
exp_width_depth_scenarios,HIGGS,100000,100000,20000,28,2,input_subspace_sqrt_m1_L2,arc_cosine,2,1,1000,,0.5446,29.73,2026-06-11T12:04:39.990618,D-√d (input_subspace_sqrt)
exp_width_depth_scenarios,HIGGS,100000,100000,20000,28,2,input_subspace_sqrt_m1_L2,arc_cosine,2,1,1000,,0.6204,21.45,2026-06-11T12:05:02.746091,D-√d (input_subspace_sqrt)
exp_width_depth_scenarios,HIGGS,100000,100000,20000,28,2,input_subspace_sqrt_m1_L2,arc_cosine,2,1,1000,,0.5285,43.46,2026-06-11T12:05:47.494115,D-√d (input_subspace_sqrt)
exp_width_depth_scenarios,HIGGS,100000,100000,20000,28,2,input_subspace_sqrt_m1_L3,arc_cosine,3,1,1000,,0.5445,31.64,2026-06-11T12:06:21.099500,D-√d (input_subspace_sqrt)
exp_width_depth_scenarios,HIGGS,100000,100000,20000,28,2,input_subspace_sqrt_m1_L3,arc_cosine,3,1,1000,,0.6209,23.73,2026-06-11T12:06:46.725844,D-√d (input_subspace_sqrt)
exp_width_depth_scenarios,HIGGS,100000,100000,20000,28,2,input_subspace_sqrt_m1_L3,arc_cosine,3,1,1000,,0.5284,46.56,2026-06-11T12:07:35.163818,D-√d (input_subspace_sqrt)
exp_width_depth_scenarios,HIGGS,100000,100000,20000,28,2,input_subspace_sqrt_m10_L1,arc_cosine,1,10,1000,,0.6436,26.73,2026-06-11T12:08:02.632102,D-√d (input_subspace_sqrt)
exp_width_depth_scenarios,HIGGS,100000,100000,20000,28,2,input_subspace_sqrt_m10_L1,arc_cosine,1,10,1000,,0.6456,29.45,2026-06-11T12:08:32.832443,D-√d (input_subspace_sqrt)
exp_width_depth_scenarios,HIGGS,100000,100000,20000,28,2,input_subspace_sqrt_m10_L1,arc_cosine,1,10,1000,,0.6318,25.37,2026-06-11T12:08:58.936752,D-√d (input_subspace_sqrt)
exp_width_depth_scenarios,HIGGS,100000,100000,20000,28,2,input_subspace_sqrt_m10_L2,arc_cosine,2,10,1000,,0.6465,36.78,2026-06-11T12:09:37.839354,D-√d (input_subspace_sqrt)
exp_width_depth_scenarios,HIGGS,100000,100000,20000,28,2,input_subspace_sqrt_m10_L2,arc_cosine,2,10,1000,,0.6504,38.55,2026-06-11T12:10:17.861208,D-√d (input_subspace_sqrt)
exp_width_depth_scenarios,HIGGS,100000,100000,20000,28,2,input_subspace_sqrt_m10_L2,arc_cosine,2,10,1000,,0.6371,36.31,2026-06-11T12:10:55.604783,D-√d (input_subspace_sqrt)
exp_width_depth_scenarios,HIGGS,100000,100000,20000,28,2,input_subspace_sqrt_m10_L3,arc_cosine,3,10,1000,,0.646,41.5,2026-06-11T12:11:39.360768,D-√d (input_subspace_sqrt)
exp_width_depth_scenarios,HIGGS,100000,100000,20000,28,2,input_subspace_sqrt_m10_L3,arc_cosine,3,10,1000,,0.6505,44.13,2026-06-11T12:12:25.565156,D-√d (input_subspace_sqrt)
exp_width_depth_scenarios,HIGGS,100000,100000,20000,28,2,input_subspace_sqrt_m10_L3,arc_cosine,3,10,1000,,0.6344,40.53,2026-06-11T12:13:08.191752,D-√d (input_subspace_sqrt)
exp_width_depth_scenarios,HIGGS,100000,100000,20000,28,2,input_subspace_sqrt_m50_L1,arc_cosine,1,50,1000,,0.669,17.19,2026-06-11T12:13:26.296707,D-√d (input_subspace_sqrt)
exp_width_depth_scenarios,HIGGS,100000,100000,20000,28,2,input_subspace_sqrt_m50_L1,arc_cosine,1,50,1000,,0.6627,16.95,2026-06-11T12:13:44.116873,D-√d (input_subspace_sqrt)
exp_width_depth_scenarios,HIGGS,100000,100000,20000,28,2,input_subspace_sqrt_m50_L1,arc_cosine,1,50,1000,,0.6584,16.65,2026-06-11T12:14:01.636759,D-√d (input_subspace_sqrt)
exp_width_depth_scenarios,HIGGS,100000,100000,20000,28,2,input_subspace_sqrt_m50_L2,arc_cosine,2,50,1000,,0.6811,30.41,2026-06-11T12:14:35.764401,D-√d (input_subspace_sqrt)
exp_width_depth_scenarios,HIGGS,100000,100000,20000,28,2,input_subspace_sqrt_m50_L2,arc_cosine,2,50,1000,,0.6694,30.88,2026-06-11T12:15:08.457195,D-√d (input_subspace_sqrt)
exp_width_depth_scenarios,HIGGS,100000,100000,20000,28,2,input_subspace_sqrt_m50_L2,arc_cosine,2,50,1000,,0.6751,29.66,2026-06-11T12:15:40.167657,D-√d (input_subspace_sqrt)
exp_width_depth_scenarios,HIGGS,100000,100000,20000,28,2,input_subspace_sqrt_m50_L3,arc_cosine,3,50,1000,,0.6811,44.43,2026-06-11T12:16:27.521261,D-√d (input_subspace_sqrt)
exp_width_depth_scenarios,HIGGS,100000,100000,20000,28,2,input_subspace_sqrt_m50_L3,arc_cosine,3,50,1000,,0.6691,44.5,2026-06-11T12:17:14.472648,D-√d (input_subspace_sqrt)
exp_width_depth_scenarios,HIGGS,100000,100000,20000,28,2,input_subspace_sqrt_m50_L3,arc_cosine,3,50,1000,,0.674,42.26,2026-06-11T12:17:59.293615,D-√d (input_subspace_sqrt)
exp_width_depth_scenarios,HIGGS,100000,100000,20000,28,2,input_subspace_dm_m1_L1,arc_cosine,1,1,1000,,0.6743,17.31,2026-06-11T12:18:17.425574,D-d/m (input_subspace_dm)
exp_width_depth_scenarios,HIGGS,100000,100000,20000,28,2,input_subspace_dm_m1_L1,arc_cosine,1,1,1000,,0.6677,16.04,2026-06-11T12:18:34.232987,D-d/m (input_subspace_dm)
exp_width_depth_scenarios,HIGGS,100000,100000,20000,28,2,input_subspace_dm_m1_L1,arc_cosine,1,1,1000,,0.6774,19.38,2026-06-11T12:18:54.493643,D-d/m (input_subspace_dm)
exp_width_depth_scenarios,HIGGS,100000,100000,20000,28,2,input_subspace_dm_m1_L2,arc_cosine,2,1,1000,,0.6752,19.03,2026-06-11T12:19:14.873371,D-d/m (input_subspace_dm)
exp_width_depth_scenarios,HIGGS,100000,100000,20000,28,2,input_subspace_dm_m1_L2,arc_cosine,2,1,1000,,0.6673,19.07,2026-06-11T12:19:35.509849,D-d/m (input_subspace_dm)
exp_width_depth_scenarios,HIGGS,100000,100000,20000,28,2,input_subspace_dm_m1_L2,arc_cosine,2,1,1000,,0.676,23.41,2026-06-11T12:20:00.263334,D-d/m (input_subspace_dm)
exp_width_depth_scenarios,HIGGS,100000,100000,20000,28,2,input_subspace_dm_m1_L3,arc_cosine,3,1,1000,,0.6746,21.83,2026-06-11T12:20:24.181485,D-d/m (input_subspace_dm)
exp_width_depth_scenarios,HIGGS,100000,100000,20000,28,2,input_subspace_dm_m1_L3,arc_cosine,3,1,1000,,0.6672,20.81,2026-06-11T12:20:46.897716,D-d/m (input_subspace_dm)
exp_width_depth_scenarios,HIGGS,100000,100000,20000,28,2,input_subspace_dm_m1_L3,arc_cosine,3,1,1000,,0.6764,25.78,2026-06-11T12:21:14.569393,D-d/m (input_subspace_dm)
exp_width_depth_scenarios,HIGGS,100000,100000,20000,28,2,input_subspace_dm_m10_L1,arc_cosine,1,10,1000,,0.6459,15.95,2026-06-11T12:21:31.266046,D-d/m (input_subspace_dm)
exp_width_depth_scenarios,HIGGS,100000,100000,20000,28,2,input_subspace_dm_m10_L1,arc_cosine,1,10,1000,,0.6473,19.45,2026-06-11T12:21:51.446826,D-d/m (input_subspace_dm)
exp_width_depth_scenarios,HIGGS,100000,100000,20000,28,2,input_subspace_dm_m10_L1,arc_cosine,1,10,1000,,0.657,17.97,2026-06-11T12:22:10.182749,D-d/m (input_subspace_dm)
exp_width_depth_scenarios,HIGGS,100000,100000,20000,28,2,input_subspace_dm_m10_L2,arc_cosine,2,10,1000,,0.6535,21.12,2026-06-11T12:22:32.848221,D-d/m (input_subspace_dm)
exp_width_depth_scenarios,HIGGS,100000,100000,20000,28,2,input_subspace_dm_m10_L2,arc_cosine,2,10,1000,,0.6482,21.21,2026-06-11T12:22:55.549220,D-d/m (input_subspace_dm)
exp_width_depth_scenarios,HIGGS,100000,100000,20000,28,2,input_subspace_dm_m10_L2,arc_cosine,2,10,1000,,0.6556,20.58,2026-06-11T12:23:17.627662,D-d/m (input_subspace_dm)
exp_width_depth_scenarios,HIGGS,100000,100000,20000,28,2,input_subspace_dm_m10_L3,arc_cosine,3,10,1000,,0.6528,22.9,2026-06-11T12:23:42.823342,D-d/m (input_subspace_dm)
exp_width_depth_scenarios,HIGGS,100000,100000,20000,28,2,input_subspace_dm_m10_L3,arc_cosine,3,10,1000,,0.6491,24.31,2026-06-11T12:24:09.423365,D-d/m (input_subspace_dm)
exp_width_depth_scenarios,HIGGS,100000,100000,20000,28,2,input_subspace_dm_m10_L3,arc_cosine,3,10,1000,,0.656,24.07,2026-06-11T12:24:35.812058,D-d/m (input_subspace_dm)
exp_width_depth_scenarios,HIGGS,100000,100000,20000,28,2,featpart_fulldata_m1_L1,arc_cosine,1,1,1000,,0.679,16.27,2026-06-11T12:24:52.797599,B-Φ-P/m (featpart_fulldata)
exp_width_depth_scenarios,HIGGS,100000,100000,20000,28,2,featpart_fulldata_m1_L1,arc_cosine,1,1,1000,,0.6645,14.08,2026-06-11T12:25:07.588160,B-Φ-P/m (featpart_fulldata)
exp_width_depth_scenarios,HIGGS,100000,100000,20000,28,2,featpart_fulldata_m1_L1,arc_cosine,1,1,1000,,0.6718,16.26,2026-06-11T12:25:24.551126,B-Φ-P/m (featpart_fulldata)
exp_width_depth_scenarios,HIGGS,100000,100000,20000,28,2,featpart_fulldata_m1_L2,arc_cosine,2,1,1000,,0.6794,18.84,2026-06-11T12:25:44.693099,B-Φ-P/m (featpart_fulldata)
exp_width_depth_scenarios,HIGGS,100000,100000,20000,28,2,featpart_fulldata_m1_L2,arc_cosine,2,1,1000,,0.6653,16.49,2026-06-11T12:26:02.480391,B-Φ-P/m (featpart_fulldata)
exp_width_depth_scenarios,HIGGS,100000,100000,20000,28,2,featpart_fulldata_m1_L2,arc_cosine,2,1,1000,,0.6717,18.8,2026-06-11T12:26:22.592634,B-Φ-P/m (featpart_fulldata)
exp_width_depth_scenarios,HIGGS,100000,100000,20000,28,2,featpart_fulldata_m1_L3,arc_cosine,3,1,1000,,0.6797,21.14,2026-06-11T12:26:45.624265,B-Φ-P/m (featpart_fulldata)
exp_width_depth_scenarios,HIGGS,100000,100000,20000,28,2,featpart_fulldata_m1_L3,arc_cosine,3,1,1000,,0.6647,18.84,2026-06-11T12:27:06.370865,B-Φ-P/m (featpart_fulldata)
exp_width_depth_scenarios,HIGGS,100000,100000,20000,28,2,featpart_fulldata_m1_L3,arc_cosine,3,1,1000,,0.672,20.73,2026-06-11T12:27:28.999318,B-Φ-P/m (featpart_fulldata)
exp_width_depth_scenarios,HIGGS,100000,100000,20000,28,2,featpart_fulldata_m10_L1,arc_cosine,1,10,1000,,0.6534,9.98,2026-06-11T12:27:39.821137,B-Φ-P/m (featpart_fulldata)
exp_width_depth_scenarios,HIGGS,100000,100000,20000,28,2,featpart_fulldata_m10_L1,arc_cosine,1,10,1000,,0.6505,9.76,2026-06-11T12:27:50.437155,B-Φ-P/m (featpart_fulldata)
exp_width_depth_scenarios,HIGGS,100000,100000,20000,28,2,featpart_fulldata_m10_L1,arc_cosine,1,10,1000,,0.6585,9.62,2026-06-11T12:28:00.893554,B-Φ-P/m (featpart_fulldata)
exp_width_depth_scenarios,HIGGS,100000,100000,20000,28,2,featpart_fulldata_m10_L2,arc_cosine,2,10,1000,,0.6541,15.24,2026-06-11T12:28:17.692755,B-Φ-P/m (featpart_fulldata)
exp_width_depth_scenarios,HIGGS,100000,100000,20000,28,2,featpart_fulldata_m10_L2,arc_cosine,2,10,1000,,0.6509,15.41,2026-06-11T12:28:34.646151,B-Φ-P/m (featpart_fulldata)
exp_width_depth_scenarios,HIGGS,100000,100000,20000,28,2,featpart_fulldata_m10_L2,arc_cosine,2,10,1000,,0.6585,14.73,2026-06-11T12:28:50.952488,B-Φ-P/m (featpart_fulldata)
exp_width_depth_scenarios,HIGGS,100000,100000,20000,28,2,featpart_fulldata_m10_L3,arc_cosine,3,10,1000,,0.6538,19.08,2026-06-11T12:29:12.299541,B-Φ-P/m (featpart_fulldata)
exp_width_depth_scenarios,HIGGS,100000,100000,20000,28,2,featpart_fulldata_m10_L3,arc_cosine,3,10,1000,,0.6507,19.28,2026-06-11T12:29:33.885369,B-Φ-P/m (featpart_fulldata)
exp_width_depth_scenarios,HIGGS,100000,100000,20000,28,2,featpart_fulldata_m10_L3,arc_cosine,3,10,1000,,0.659,19.06,2026-06-11T12:29:55.213383,B-Φ-P/m (featpart_fulldata)
exp_width_depth_scenarios,HIGGS,100000,100000,20000,28,2,featpart_fulldata_m50_L1,arc_cosine,1,50,1000,,0.6367,7.79,2026-06-11T12:30:03.882714,B-Φ-P/m (featpart_fulldata)
exp_width_depth_scenarios,HIGGS,100000,100000,20000,28,2,featpart_fulldata_m50_L1,arc_cosine,1,50,1000,,0.6358,7.4,2026-06-11T12:30:12.162403,B-Φ-P/m (featpart_fulldata)
exp_width_depth_scenarios,HIGGS,100000,100000,20000,28,2,featpart_fulldata_m50_L1,arc_cosine,1,50,1000,,0.6435,7.73,2026-06-11T12:30:20.752041,B-Φ-P/m (featpart_fulldata)
exp_width_depth_scenarios,HIGGS,100000,100000,20000,28,2,featpart_fulldata_m50_L2,arc_cosine,2,50,1000,,0.6375,14.88,2026-06-11T12:30:37.277040,B-Φ-P/m (featpart_fulldata)
exp_width_depth_scenarios,HIGGS,100000,100000,20000,28,2,featpart_fulldata_m50_L2,arc_cosine,2,50,1000,,0.6338,14.43,2026-06-11T12:30:53.350659,B-Φ-P/m (featpart_fulldata)
exp_width_depth_scenarios,HIGGS,100000,100000,20000,28,2,featpart_fulldata_m50_L2,arc_cosine,2,50,1000,,0.6413,14.49,2026-06-11T12:31:09.476801,B-Φ-P/m (featpart_fulldata)
exp_width_depth_scenarios,HIGGS,100000,100000,20000,28,2,featpart_fulldata_m50_L3,arc_cosine,3,50,1000,,0.6381,21.21,2026-06-11T12:31:33.114962,B-Φ-P/m (featpart_fulldata)
exp_width_depth_scenarios,HIGGS,100000,100000,20000,28,2,featpart_fulldata_m50_L3,arc_cosine,3,50,1000,,0.6314,20.73,2026-06-11T12:31:56.243433,B-Φ-P/m (featpart_fulldata)
exp_width_depth_scenarios,HIGGS,100000,100000,20000,28,2,featpart_fulldata_m50_L3,arc_cosine,3,50,1000,,0.6422,21.05,2026-06-11T12:32:19.703123,B-Φ-P/m (featpart_fulldata)
exp_width_depth_scenarios,HIGGS,200000,200000,20000,28,2,baseline_fullinput_m1_L1,arc_cosine,1,1,1000,,0.6823,32.17,2026-06-11T12:32:53.104860,"A — baseline (full, m=1)"
exp_width_depth_scenarios,HIGGS,200000,200000,20000,28,2,baseline_fullinput_m1_L1,arc_cosine,1,1,1000,,0.6725,28.96,2026-06-11T12:33:23.647296,"A — baseline (full, m=1)"
exp_width_depth_scenarios,HIGGS,200000,200000,20000,28,2,baseline_fullinput_m1_L1,arc_cosine,1,1,1000,,0.668,35.21,2026-06-11T12:34:00.081249,"A — baseline (full, m=1)"
exp_width_depth_scenarios,HIGGS,200000,200000,20000,28,2,baseline_fullinput_m1_L2,arc_cosine,2,1,1000,,0.6818,38.04,2026-06-11T12:34:41.156562,"A — baseline (full, m=1)"
exp_width_depth_scenarios,HIGGS,200000,200000,20000,28,2,baseline_fullinput_m1_L2,arc_cosine,2,1,1000,,0.6741,30.03,2026-06-11T12:35:14.016860,"A — baseline (full, m=1)"
exp_width_depth_scenarios,HIGGS,200000,200000,20000,28,2,baseline_fullinput_m1_L2,arc_cosine,2,1,1000,,0.6712,39.76,2026-06-11T12:35:56.846038,"A — baseline (full, m=1)"
exp_width_depth_scenarios,HIGGS,200000,200000,20000,28,2,baseline_fullinput_m1_L3,arc_cosine,3,1,1000,,0.6823,40.13,2026-06-11T12:36:40.592612,"A — baseline (full, m=1)"
exp_width_depth_scenarios,HIGGS,200000,200000,20000,28,2,baseline_fullinput_m1_L3,arc_cosine,3,1,1000,,0.6741,33.37,2026-06-11T12:37:17.542761,"A — baseline (full, m=1)"
exp_width_depth_scenarios,HIGGS,200000,200000,20000,28,2,baseline_fullinput_m1_L3,arc_cosine,3,1,1000,,0.6703,44.04,2026-06-11T12:38:05.313398,"A — baseline (full, m=1)"
exp_width_depth_scenarios,HIGGS,200000,200000,20000,28,2,input_subspace_sqrt_m1_L1,arc_cosine,1,1,1000,,0.5451,71.75,2026-06-11T12:39:18.279883,D-√d (input_subspace_sqrt)
exp_width_depth_scenarios,HIGGS,200000,200000,20000,28,2,input_subspace_sqrt_m1_L1,arc_cosine,1,1,1000,,0.6196,51.1,2026-06-11T12:40:10.584212,D-√d (input_subspace_sqrt)
exp_width_depth_scenarios,HIGGS,200000,200000,20000,28,2,input_subspace_sqrt_m1_L1,arc_cosine,1,1,1000,,0.5349,30.46,2026-06-11T12:40:42.276400,D-√d (input_subspace_sqrt)
exp_width_depth_scenarios,HIGGS,200000,200000,20000,28,2,input_subspace_sqrt_m1_L2,arc_cosine,2,1,1000,,0.5453,77.25,2026-06-11T12:42:02.773651,D-√d (input_subspace_sqrt)
exp_width_depth_scenarios,HIGGS,200000,200000,20000,28,2,input_subspace_sqrt_m1_L2,arc_cosine,2,1,1000,,0.6223,55.85,2026-06-11T12:43:01.501344,D-√d (input_subspace_sqrt)
exp_width_depth_scenarios,HIGGS,200000,200000,20000,28,2,input_subspace_sqrt_m1_L2,arc_cosine,2,1,1000,,0.5349,35.91,2026-06-11T12:43:40.326539,D-√d (input_subspace_sqrt)
exp_width_depth_scenarios,HIGGS,200000,200000,20000,28,2,input_subspace_sqrt_m1_L3,arc_cosine,3,1,1000,,0.5453,92.69,2026-06-11T12:45:17.380990,D-√d (input_subspace_sqrt)
exp_width_depth_scenarios,HIGGS,200000,200000,20000,28,2,input_subspace_sqrt_m1_L3,arc_cosine,3,1,1000,,0.6222,60.47,2026-06-11T12:46:21.806332,D-√d (input_subspace_sqrt)
exp_width_depth_scenarios,HIGGS,200000,200000,20000,28,2,input_subspace_sqrt_m1_L3,arc_cosine,3,1,1000,,0.5349,40.56,2026-06-11T12:47:06.280350,D-√d (input_subspace_sqrt)
exp_width_depth_scenarios,HIGGS,200000,200000,20000,28,2,input_subspace_sqrt_m10_L1,arc_cosine,1,10,1000,,0.6455,46.72,2026-06-11T12:47:54.334504,D-√d (input_subspace_sqrt)
exp_width_depth_scenarios,HIGGS,200000,200000,20000,28,2,input_subspace_sqrt_m10_L1,arc_cosine,1,10,1000,,0.6472,54.65,2026-06-11T12:48:50.369725,D-√d (input_subspace_sqrt)
exp_width_depth_scenarios,HIGGS,200000,200000,20000,28,2,input_subspace_sqrt_m10_L1,arc_cosine,1,10,1000,,0.6269,51.81,2026-06-11T12:49:43.521951,D-√d (input_subspace_sqrt)
exp_width_depth_scenarios,HIGGS,200000,200000,20000,28,2,input_subspace_sqrt_m10_L2,arc_cosine,2,10,1000,,0.6483,59.39,2026-06-11T12:50:45.357149,D-√d (input_subspace_sqrt)
exp_width_depth_scenarios,HIGGS,200000,200000,20000,28,2,input_subspace_sqrt_m10_L2,arc_cosine,2,10,1000,,0.6486,68.01,2026-06-11T12:51:55.818562,D-√d (input_subspace_sqrt)
exp_width_depth_scenarios,HIGGS,200000,200000,20000,28,2,input_subspace_sqrt_m10_L2,arc_cosine,2,10,1000,,0.6319,64.39,2026-06-11T12:53:02.655998,D-√d (input_subspace_sqrt)
exp_width_depth_scenarios,HIGGS,200000,200000,20000,28,2,input_subspace_sqrt_m10_L3,arc_cosine,3,10,1000,,0.6468,72.65,2026-06-11T12:54:18.889125,D-√d (input_subspace_sqrt)
exp_width_depth_scenarios,HIGGS,200000,200000,20000,28,2,input_subspace_sqrt_m10_L3,arc_cosine,3,10,1000,,0.6501,83.87,2026-06-11T12:55:47.679176,D-√d (input_subspace_sqrt)
exp_width_depth_scenarios,HIGGS,200000,200000,20000,28,2,input_subspace_sqrt_m10_L3,arc_cosine,3,10,1000,,0.6309,91.36,2026-06-11T12:57:23.755579,D-√d (input_subspace_sqrt)
exp_width_depth_scenarios,HIGGS,200000,200000,20000,28,2,input_subspace_sqrt_m50_L1,arc_cosine,1,50,1000,,0.6732,37.6,2026-06-11T12:58:03.565521,D-√d (input_subspace_sqrt)
exp_width_depth_scenarios,HIGGS,200000,200000,20000,28,2,input_subspace_sqrt_m50_L1,arc_cosine,1,50,1000,,0.6716,36.51,2026-06-11T12:58:42.197574,D-√d (input_subspace_sqrt)
exp_width_depth_scenarios,HIGGS,200000,200000,20000,28,2,input_subspace_sqrt_m50_L1,arc_cosine,1,50,1000,,0.6524,37.64,2026-06-11T12:59:22.067561,D-√d (input_subspace_sqrt)
exp_width_depth_scenarios,HIGGS,200000,200000,20000,28,2,input_subspace_sqrt_m50_L2,arc_cosine,2,50,1000,,0.6787,66.82,2026-06-11T13:00:32.953545,D-√d (input_subspace_sqrt)
exp_width_depth_scenarios,HIGGS,200000,200000,20000,28,2,input_subspace_sqrt_m50_L2,arc_cosine,2,50,1000,,0.6752,66.06,2026-06-11T13:01:43.251293,D-√d (input_subspace_sqrt)
exp_width_depth_scenarios,HIGGS,200000,200000,20000,28,2,input_subspace_sqrt_m50_L2,arc_cosine,2,50,1000,,0.6629,67.13,2026-06-11T13:02:54.540073,D-√d (input_subspace_sqrt)
exp_width_depth_scenarios,HIGGS,200000,200000,20000,28,2,input_subspace_sqrt_m50_L3,arc_cosine,3,50,1000,,0.6791,87.69,2026-06-11T13:04:28.436289,D-√d (input_subspace_sqrt)
exp_width_depth_scenarios,HIGGS,200000,200000,20000,28,2,input_subspace_sqrt_m50_L3,arc_cosine,3,50,1000,,0.6774,80.1,2026-06-11T13:05:53.276740,D-√d (input_subspace_sqrt)
exp_width_depth_scenarios,HIGGS,200000,200000,20000,28,2,input_subspace_sqrt_m50_L3,arc_cosine,3,50,1000,,0.6646,76.36,2026-06-11T13:07:14.509012,D-√d (input_subspace_sqrt)
exp_width_depth_scenarios,HIGGS,200000,200000,20000,28,2,input_subspace_dm_m1_L1,arc_cosine,1,1,1000,,0.6805,37.73,2026-06-11T13:07:53.498209,D-d/m (input_subspace_dm)
exp_width_depth_scenarios,HIGGS,200000,200000,20000,28,2,input_subspace_dm_m1_L1,arc_cosine,1,1,1000,,0.678,30.94,2026-06-11T13:08:25.755286,D-d/m (input_subspace_dm)
exp_width_depth_scenarios,HIGGS,200000,200000,20000,28,2,input_subspace_dm_m1_L1,arc_cosine,1,1,1000,,0.6674,44.97,2026-06-11T13:09:12.113348,D-d/m (input_subspace_dm)
exp_width_depth_scenarios,HIGGS,200000,200000,20000,28,2,input_subspace_dm_m1_L2,arc_cosine,2,1,1000,,0.6801,50.03,2026-06-11T13:10:05.547832,D-d/m (input_subspace_dm)
exp_width_depth_scenarios,HIGGS,200000,200000,20000,28,2,input_subspace_dm_m1_L2,arc_cosine,2,1,1000,,0.679,37.93,2026-06-11T13:10:46.282873,D-d/m (input_subspace_dm)
exp_width_depth_scenarios,HIGGS,200000,200000,20000,28,2,input_subspace_dm_m1_L2,arc_cosine,2,1,1000,,0.6674,47.4,2026-06-11T13:11:36.071432,D-d/m (input_subspace_dm)
exp_width_depth_scenarios,HIGGS,200000,200000,20000,28,2,input_subspace_dm_m1_L3,arc_cosine,3,1,1000,,0.6802,50.92,2026-06-11T13:12:30.540289,D-d/m (input_subspace_dm)
exp_width_depth_scenarios,HIGGS,200000,200000,20000,28,2,input_subspace_dm_m1_L3,arc_cosine,3,1,1000,,0.6792,42.46,2026-06-11T13:13:16.564807,D-d/m (input_subspace_dm)
exp_width_depth_scenarios,HIGGS,200000,200000,20000,28,2,input_subspace_dm_m1_L3,arc_cosine,3,1,1000,,0.6677,54.11,2026-06-11T13:14:14.157253,D-d/m (input_subspace_dm)
exp_width_depth_scenarios,HIGGS,200000,200000,20000,28,2,input_subspace_dm_m10_L1,arc_cosine,1,10,1000,,0.6499,28.01,2026-06-11T13:14:43.828199,D-d/m (input_subspace_dm)
exp_width_depth_scenarios,HIGGS,200000,200000,20000,28,2,input_subspace_dm_m10_L1,arc_cosine,1,10,1000,,0.6532,33.72,2026-06-11T13:15:18.867384,D-d/m (input_subspace_dm)
exp_width_depth_scenarios,HIGGS,200000,200000,20000,28,2,input_subspace_dm_m10_L1,arc_cosine,1,10,1000,,0.6503,35.68,2026-06-11T13:15:55.919042,D-d/m (input_subspace_dm)
exp_width_depth_scenarios,HIGGS,200000,200000,20000,28,2,input_subspace_dm_m10_L2,arc_cosine,2,10,1000,,0.6534,36.36,2026-06-11T13:16:35.143731,D-d/m (input_subspace_dm)
exp_width_depth_scenarios,HIGGS,200000,200000,20000,28,2,input_subspace_dm_m10_L2,arc_cosine,2,10,1000,,0.6569,39.89,2026-06-11T13:17:18.193320,D-d/m (input_subspace_dm)
exp_width_depth_scenarios,HIGGS,200000,200000,20000,28,2,input_subspace_dm_m10_L2,arc_cosine,2,10,1000,,0.6496,42.11,2026-06-11T13:18:03.249116,D-d/m (input_subspace_dm)
exp_width_depth_scenarios,HIGGS,200000,200000,20000,28,2,input_subspace_dm_m10_L3,arc_cosine,3,10,1000,,0.6534,41.2,2026-06-11T13:18:48.727316,D-d/m (input_subspace_dm)
exp_width_depth_scenarios,HIGGS,200000,200000,20000,28,2,input_subspace_dm_m10_L3,arc_cosine,3,10,1000,,0.6565,46.05,2026-06-11T13:19:38.845659,D-d/m (input_subspace_dm)
exp_width_depth_scenarios,HIGGS,200000,200000,20000,28,2,input_subspace_dm_m10_L3,arc_cosine,3,10,1000,,0.65,47.54,2026-06-11T13:20:30.409373,D-d/m (input_subspace_dm)
exp_width_depth_scenarios,HIGGS,200000,200000,20000,28,2,featpart_fulldata_m1_L1,arc_cosine,1,1,1000,,0.6823,32.94,2026-06-11T13:21:04.623251,B-Φ-P/m (featpart_fulldata)
exp_width_depth_scenarios,HIGGS,200000,200000,20000,28,2,featpart_fulldata_m1_L1,arc_cosine,1,1,1000,,0.6725,27.39,2026-06-11T13:21:33.333583,B-Φ-P/m (featpart_fulldata)
exp_width_depth_scenarios,HIGGS,200000,200000,20000,28,2,featpart_fulldata_m1_L1,arc_cosine,1,1,1000,,0.668,37.06,2026-06-11T13:22:11.692823,B-Φ-P/m (featpart_fulldata)
exp_width_depth_scenarios,HIGGS,200000,200000,20000,28,2,featpart_fulldata_m1_L2,arc_cosine,2,1,1000,,0.6821,38.82,2026-06-11T13:22:52.864668,B-Φ-P/m (featpart_fulldata)
exp_width_depth_scenarios,HIGGS,200000,200000,20000,28,2,featpart_fulldata_m1_L2,arc_cosine,2,1,1000,,0.6741,31.25,2026-06-11T13:23:26.696883,B-Φ-P/m (featpart_fulldata)
exp_width_depth_scenarios,HIGGS,200000,200000,20000,28,2,featpart_fulldata_m1_L2,arc_cosine,2,1,1000,,0.6712,42.17,2026-06-11T13:24:11.488705,B-Φ-P/m (featpart_fulldata)
exp_width_depth_scenarios,HIGGS,200000,200000,20000,28,2,featpart_fulldata_m1_L3,arc_cosine,3,1,1000,,0.6825,44.44,2026-06-11T13:24:59.419853,B-Φ-P/m (featpart_fulldata)
exp_width_depth_scenarios,HIGGS,200000,200000,20000,28,2,featpart_fulldata_m1_L3,arc_cosine,3,1,1000,,0.6741,37.23,2026-06-11T13:25:40.480846,B-Φ-P/m (featpart_fulldata)
exp_width_depth_scenarios,HIGGS,200000,200000,20000,28,2,featpart_fulldata_m1_L3,arc_cosine,3,1,1000,,0.6705,44.76,2026-06-11T13:26:28.809302,B-Φ-P/m (featpart_fulldata)
exp_width_depth_scenarios,HIGGS,200000,200000,20000,28,2,featpart_fulldata_m10_L1,arc_cosine,1,10,1000,,0.6552,20.41,2026-06-11T13:26:50.821569,B-Φ-P/m (featpart_fulldata)
exp_width_depth_scenarios,HIGGS,200000,200000,20000,28,2,featpart_fulldata_m10_L1,arc_cosine,1,10,1000,,0.6509,20.67,2026-06-11T13:27:13.243041,B-Φ-P/m (featpart_fulldata)
exp_width_depth_scenarios,HIGGS,200000,200000,20000,28,2,featpart_fulldata_m10_L1,arc_cosine,1,10,1000,,0.6464,20.39,2026-06-11T13:27:35.329347,B-Φ-P/m (featpart_fulldata)
exp_width_depth_scenarios,HIGGS,200000,200000,20000,28,2,featpart_fulldata_m10_L2,arc_cosine,2,10,1000,,0.6558,31.64,2026-06-11T13:28:09.880368,B-Φ-P/m (featpart_fulldata)
exp_width_depth_scenarios,HIGGS,200000,200000,20000,28,2,featpart_fulldata_m10_L2,arc_cosine,2,10,1000,,0.6513,30.95,2026-06-11T13:28:43.667740,B-Φ-P/m (featpart_fulldata)
exp_width_depth_scenarios,HIGGS,200000,200000,20000,28,2,featpart_fulldata_m10_L2,arc_cosine,2,10,1000,,0.648,32.19,2026-06-11T13:29:18.847874,B-Φ-P/m (featpart_fulldata)
exp_width_depth_scenarios,HIGGS,200000,200000,20000,28,2,featpart_fulldata_m10_L3,arc_cosine,3,10,1000,,0.655,38.42,2026-06-11T13:30:01.465284,B-Φ-P/m (featpart_fulldata)
exp_width_depth_scenarios,HIGGS,200000,200000,20000,28,2,featpart_fulldata_m10_L3,arc_cosine,3,10,1000,,0.651,38.29,2026-06-11T13:30:43.957914,B-Φ-P/m (featpart_fulldata)
exp_width_depth_scenarios,HIGGS,200000,200000,20000,28,2,featpart_fulldata_m10_L3,arc_cosine,3,10,1000,,0.6482,39.44,2026-06-11T13:31:27.483118,B-Φ-P/m (featpart_fulldata)
exp_width_depth_scenarios,HIGGS,200000,200000,20000,28,2,featpart_fulldata_m50_L1,arc_cosine,1,50,1000,,0.6399,17.32,2026-06-11T13:31:46.333707,B-Φ-P/m (featpart_fulldata)
exp_width_depth_scenarios,HIGGS,200000,200000,20000,28,2,featpart_fulldata_m50_L1,arc_cosine,1,50,1000,,0.6393,15.85,2026-06-11T13:32:03.713346,B-Φ-P/m (featpart_fulldata)
exp_width_depth_scenarios,HIGGS,200000,200000,20000,28,2,featpart_fulldata_m50_L1,arc_cosine,1,50,1000,,0.633,16.58,2026-06-11T13:32:21.870608,B-Φ-P/m (featpart_fulldata)
exp_width_depth_scenarios,HIGGS,200000,200000,20000,28,2,featpart_fulldata_m50_L2,arc_cosine,2,50,1000,,0.638,36.44,2026-06-11T13:33:01.671227,B-Φ-P/m (featpart_fulldata)
exp_width_depth_scenarios,HIGGS,200000,200000,20000,28,2,featpart_fulldata_m50_L2,arc_cosine,2,50,1000,,0.6353,32.29,2026-06-11T13:33:37.260143,B-Φ-P/m (featpart_fulldata)
exp_width_depth_scenarios,HIGGS,200000,200000,20000,28,2,featpart_fulldata_m50_L2,arc_cosine,2,50,1000,,0.6307,31.76,2026-06-11T13:34:12.054884,B-Φ-P/m (featpart_fulldata)
exp_width_depth_scenarios,HIGGS,200000,200000,20000,28,2,featpart_fulldata_m50_L3,arc_cosine,3,50,1000,,0.6381,48.01,2026-06-11T13:35:04.737638,B-Φ-P/m (featpart_fulldata)
exp_width_depth_scenarios,HIGGS,200000,200000,20000,28,2,featpart_fulldata_m50_L3,arc_cosine,3,50,1000,,0.6318,47.06,2026-06-11T13:35:57.040380,B-Φ-P/m (featpart_fulldata)
exp_width_depth_scenarios,HIGGS,200000,200000,20000,28,2,featpart_fulldata_m50_L3,arc_cosine,3,50,1000,,0.6279,46.05,2026-06-11T13:36:47.883191,B-Φ-P/m (featpart_fulldata)
exp_width_depth_scenarios,MNIST,1000,1000,14000,784,10,baseline_fullinput_m1_L1,arc_cosine,1,1,1000,,0.8548,0.2,2026-06-11T14:13:31.377418,"A — baseline (full, m=1)"
exp_width_depth_scenarios,MNIST,1000,1000,14000,784,10,baseline_fullinput_m1_L1,arc_cosine,1,1,1000,,0.8537,0.27,2026-06-11T14:13:32.084890,"A — baseline (full, m=1)"
exp_width_depth_scenarios,MNIST,1000,1000,14000,784,10,baseline_fullinput_m1_L1,arc_cosine,1,1,1000,,0.8516,0.22,2026-06-11T14:13:32.718494,"A — baseline (full, m=1)"
exp_width_depth_scenarios,MNIST,1000,1000,14000,784,10,baseline_fullinput_m1_L2,arc_cosine,2,1,1000,,0.8565,0.36,2026-06-11T14:13:33.600624,"A — baseline (full, m=1)"
exp_width_depth_scenarios,MNIST,1000,1000,14000,784,10,baseline_fullinput_m1_L2,arc_cosine,2,1,1000,,0.8544,0.37,2026-06-11T14:13:34.444642,"A — baseline (full, m=1)"
exp_width_depth_scenarios,MNIST,1000,1000,14000,784,10,baseline_fullinput_m1_L2,arc_cosine,2,1,1000,,0.8544,0.42,2026-06-11T14:13:35.374975,"A — baseline (full, m=1)"
exp_width_depth_scenarios,MNIST,1000,1000,14000,784,10,baseline_fullinput_m1_L3,arc_cosine,3,1,1000,,0.8581,0.51,2026-06-11T14:13:36.453223,"A — baseline (full, m=1)"
exp_width_depth_scenarios,MNIST,1000,1000,14000,784,10,baseline_fullinput_m1_L3,arc_cosine,3,1,1000,,0.8536,0.52,2026-06-11T14:13:37.568163,"A — baseline (full, m=1)"
exp_width_depth_scenarios,MNIST,1000,1000,14000,784,10,baseline_fullinput_m1_L3,arc_cosine,3,1,1000,,0.8544,0.5,2026-06-11T14:13:38.666946,"A — baseline (full, m=1)"
exp_width_depth_scenarios,MNIST,1000,1000,14000,784,10,input_subspace_sqrt_m1_L1,arc_cosine,1,1,1000,,0.5409,1.07,2026-06-11T14:13:39.994657,D-√d (input_subspace_sqrt)
exp_width_depth_scenarios,MNIST,1000,1000,14000,784,10,input_subspace_sqrt_m1_L1,arc_cosine,1,1,1000,,0.5575,1.59,2026-06-11T14:13:41.880511,D-√d (input_subspace_sqrt)
exp_width_depth_scenarios,MNIST,1000,1000,14000,784,10,input_subspace_sqrt_m1_L1,arc_cosine,1,1,1000,,0.6106,1.13,2026-06-11T14:13:43.282800,D-√d (input_subspace_sqrt)
exp_width_depth_scenarios,MNIST,1000,1000,14000,784,10,input_subspace_sqrt_m1_L2,arc_cosine,2,1,1000,,0.4091,1.85,2026-06-11T14:13:45.547283,D-√d (input_subspace_sqrt)
exp_width_depth_scenarios,MNIST,1000,1000,14000,784,10,input_subspace_sqrt_m1_L2,arc_cosine,2,1,1000,,0.3649,2.29,2026-06-11T14:13:48.227351,D-√d (input_subspace_sqrt)
exp_width_depth_scenarios,MNIST,1000,1000,14000,784,10,input_subspace_sqrt_m1_L2,arc_cosine,2,1,1000,,0.402,1.73,2026-06-11T14:13:50.345205,D-√d (input_subspace_sqrt)
exp_width_depth_scenarios,MNIST,1000,1000,14000,784,10,input_subspace_sqrt_m1_L3,arc_cosine,3,1,1000,,0.3764,2.5,2026-06-11T14:13:53.325532,D-√d (input_subspace_sqrt)
exp_width_depth_scenarios,MNIST,1000,1000,14000,784,10,input_subspace_sqrt_m1_L3,arc_cosine,3,1,1000,,0.3036,2.9,2026-06-11T14:13:56.702175,D-√d (input_subspace_sqrt)
exp_width_depth_scenarios,MNIST,1000,1000,14000,784,10,input_subspace_sqrt_m1_L3,arc_cosine,3,1,1000,,0.3114,2.45,2026-06-11T14:13:59.655390,D-√d (input_subspace_sqrt)
exp_width_depth_scenarios,MNIST,1000,1000,14000,784,10,input_subspace_sqrt_m10_L1,arc_cosine,1,10,1000,,0.7935,1.56,2026-06-11T14:14:01.525068,D-√d (input_subspace_sqrt)
exp_width_depth_scenarios,MNIST,1000,1000,14000,784,10,input_subspace_sqrt_m10_L1,arc_cosine,1,10,1000,,0.8196,1.28,2026-06-11T14:14:03.087747,D-√d (input_subspace_sqrt)
exp_width_depth_scenarios,MNIST,1000,1000,14000,784,10,input_subspace_sqrt_m10_L1,arc_cosine,1,10,1000,,0.8164,1.69,2026-06-11T14:14:05.063984,D-√d (input_subspace_sqrt)
exp_width_depth_scenarios,MNIST,1000,1000,14000,784,10,input_subspace_sqrt_m10_L2,arc_cosine,2,10,1000,,0.7828,2.05,2026-06-11T14:14:07.550770,D-√d (input_subspace_sqrt)
exp_width_depth_scenarios,MNIST,1000,1000,14000,784,10,input_subspace_sqrt_m10_L2,arc_cosine,2,10,1000,,0.812,1.94,2026-06-11T14:14:10.005079,D-√d (input_subspace_sqrt)
exp_width_depth_scenarios,MNIST,1000,1000,14000,784,10,input_subspace_sqrt_m10_L2,arc_cosine,2,10,1000,,0.8043,2.38,2026-06-11T14:14:12.781154,D-√d (input_subspace_sqrt)
exp_width_depth_scenarios,MNIST,1000,1000,14000,784,10,input_subspace_sqrt_m10_L3,arc_cosine,3,10,1000,,0.7647,2.61,2026-06-11T14:14:15.913971,D-√d (input_subspace_sqrt)
exp_width_depth_scenarios,MNIST,1000,1000,14000,784,10,input_subspace_sqrt_m10_L3,arc_cosine,3,10,1000,,0.7964,2.37,2026-06-11T14:14:18.833745,D-√d (input_subspace_sqrt)
exp_width_depth_scenarios,MNIST,1000,1000,14000,784,10,input_subspace_sqrt_m10_L3,arc_cosine,3,10,1000,,0.7893,2.89,2026-06-11T14:14:22.291173,D-√d (input_subspace_sqrt)
exp_width_depth_scenarios,MNIST,1000,1000,14000,784,10,input_subspace_sqrt_m50_L1,arc_cosine,1,50,1000,,0.8014,1.29,2026-06-11T14:14:24.033029,D-√d (input_subspace_sqrt)
exp_width_depth_scenarios,MNIST,1000,1000,14000,784,10,input_subspace_sqrt_m50_L1,arc_cosine,1,50,1000,,0.8226,1.2,2026-06-11T14:14:25.687751,D-√d (input_subspace_sqrt)
exp_width_depth_scenarios,MNIST,1000,1000,14000,784,10,input_subspace_sqrt_m50_L1,arc_cosine,1,50,1000,,0.809,1.21,2026-06-11T14:14:27.348911,D-√d (input_subspace_sqrt)
exp_width_depth_scenarios,MNIST,1000,1000,14000,784,10,input_subspace_sqrt_m50_L2,arc_cosine,2,50,1000,,0.8079,1.7,2026-06-11T14:14:29.712122,D-√d (input_subspace_sqrt)
exp_width_depth_scenarios,MNIST,1000,1000,14000,784,10,input_subspace_sqrt_m50_L2,arc_cosine,2,50,1000,,0.8226,1.64,2026-06-11T14:14:32.002644,D-√d (input_subspace_sqrt)
exp_width_depth_scenarios,MNIST,1000,1000,14000,784,10,input_subspace_sqrt_m50_L2,arc_cosine,2,50,1000,,0.8114,1.71,2026-06-11T14:14:34.351026,D-√d (input_subspace_sqrt)
exp_width_depth_scenarios,MNIST,1000,1000,14000,784,10,input_subspace_sqrt_m50_L3,arc_cosine,3,50,1000,,0.8008,2.18,2026-06-11T14:14:37.397851,D-√d (input_subspace_sqrt)
exp_width_depth_scenarios,MNIST,1000,1000,14000,784,10,input_subspace_sqrt_m50_L3,arc_cosine,3,50,1000,,0.8174,2.2,2026-06-11T14:14:40.442006,D-√d (input_subspace_sqrt)
exp_width_depth_scenarios,MNIST,1000,1000,14000,784,10,input_subspace_sqrt_m50_L3,arc_cosine,3,50,1000,,0.7921,2.29,2026-06-11T14:14:43.577569,D-√d (input_subspace_sqrt)
exp_width_depth_scenarios,MNIST,1000,1000,14000,784,10,input_subspace_dm_m1_L1,arc_cosine,1,1,1000,,0.8454,0.23,2026-06-11T14:14:44.309207,D-d/m (input_subspace_dm)
exp_width_depth_scenarios,MNIST,1000,1000,14000,784,10,input_subspace_dm_m1_L1,arc_cosine,1,1,1000,,0.8611,0.23,2026-06-11T14:14:45.005752,D-d/m (input_subspace_dm)
exp_width_depth_scenarios,MNIST,1000,1000,14000,784,10,input_subspace_dm_m1_L1,arc_cosine,1,1,1000,,0.8535,0.23,2026-06-11T14:14:45.719470,D-d/m (input_subspace_dm)
exp_width_depth_scenarios,MNIST,1000,1000,14000,784,10,input_subspace_dm_m1_L2,arc_cosine,2,1,1000,,0.8465,0.39,2026-06-11T14:14:46.681283,D-d/m (input_subspace_dm)
exp_width_depth_scenarios,MNIST,1000,1000,14000,784,10,input_subspace_dm_m1_L2,arc_cosine,2,1,1000,,0.8628,0.39,2026-06-11T14:14:47.640111,D-d/m (input_subspace_dm)
exp_width_depth_scenarios,MNIST,1000,1000,14000,784,10,input_subspace_dm_m1_L2,arc_cosine,2,1,1000,,0.8556,0.39,2026-06-11T14:14:48.600367,D-d/m (input_subspace_dm)
exp_width_depth_scenarios,MNIST,1000,1000,14000,784,10,input_subspace_dm_m1_L3,arc_cosine,3,1,1000,,0.8478,0.51,2026-06-11T14:14:49.836305,D-d/m (input_subspace_dm)
exp_width_depth_scenarios,MNIST,1000,1000,14000,784,10,input_subspace_dm_m1_L3,arc_cosine,3,1,1000,,0.864,0.51,2026-06-11T14:14:50.991808,D-d/m (input_subspace_dm)
exp_width_depth_scenarios,MNIST,1000,1000,14000,784,10,input_subspace_dm_m1_L3,arc_cosine,3,1,1000,,0.8549,0.52,2026-06-11T14:14:52.169833,D-d/m (input_subspace_dm)
exp_width_depth_scenarios,MNIST,1000,1000,14000,784,10,input_subspace_dm_m10_L1,arc_cosine,1,10,1000,,0.8409,0.89,2026-06-11T14:14:53.453649,D-d/m (input_subspace_dm)
exp_width_depth_scenarios,MNIST,1000,1000,14000,784,10,input_subspace_dm_m10_L1,arc_cosine,1,10,1000,,0.8413,0.93,2026-06-11T14:14:54.772052,D-d/m (input_subspace_dm)
exp_width_depth_scenarios,MNIST,1000,1000,14000,784,10,input_subspace_dm_m10_L1,arc_cosine,1,10,1000,,0.8326,0.95,2026-06-11T14:14:56.081676,D-d/m (input_subspace_dm)
exp_width_depth_scenarios,MNIST,1000,1000,14000,784,10,input_subspace_dm_m10_L2,arc_cosine,2,10,1000,,0.8549,1.31,2026-06-11T14:14:57.858137,D-d/m (input_subspace_dm)
exp_width_depth_scenarios,MNIST,1000,1000,14000,784,10,input_subspace_dm_m10_L2,arc_cosine,2,10,1000,,0.8548,1.36,2026-06-11T14:14:59.675191,D-d/m (input_subspace_dm)
exp_width_depth_scenarios,MNIST,1000,1000,14000,784,10,input_subspace_dm_m10_L2,arc_cosine,2,10,1000,,0.8505,1.41,2026-06-11T14:15:01.553168,D-d/m (input_subspace_dm)
exp_width_depth_scenarios,MNIST,1000,1000,14000,784,10,input_subspace_dm_m10_L3,arc_cosine,3,10,1000,,0.8556,1.68,2026-06-11T14:15:03.834419,D-d/m (input_subspace_dm)
exp_width_depth_scenarios,MNIST,1000,1000,14000,784,10,input_subspace_dm_m10_L3,arc_cosine,3,10,1000,,0.8601,1.8,2026-06-11T14:15:06.267902,D-d/m (input_subspace_dm)
exp_width_depth_scenarios,MNIST,1000,1000,14000,784,10,input_subspace_dm_m10_L3,arc_cosine,3,10,1000,,0.8564,1.74,2026-06-11T14:15:08.557533,D-d/m (input_subspace_dm)
exp_width_depth_scenarios,MNIST,1000,1000,14000,784,10,input_subspace_dm_m50_L1,arc_cosine,1,50,1000,,0.8061,1.41,2026-06-11T14:15:10.358952,D-d/m (input_subspace_dm)
exp_width_depth_scenarios,MNIST,1000,1000,14000,784,10,input_subspace_dm_m50_L1,arc_cosine,1,50,1000,,0.8194,1.35,2026-06-11T14:15:12.052696,D-d/m (input_subspace_dm)
exp_width_depth_scenarios,MNIST,1000,1000,14000,784,10,input_subspace_dm_m50_L1,arc_cosine,1,50,1000,,0.8054,1.42,2026-06-11T14:15:13.855515,D-d/m (input_subspace_dm)
exp_width_depth_scenarios,MNIST,1000,1000,14000,784,10,input_subspace_dm_m50_L2,arc_cosine,2,50,1000,,0.8092,1.92,2026-06-11T14:15:16.270520,D-d/m (input_subspace_dm)
exp_width_depth_scenarios,MNIST,1000,1000,14000,784,10,input_subspace_dm_m50_L2,arc_cosine,2,50,1000,,0.8349,1.92,2026-06-11T14:15:18.721850,D-d/m (input_subspace_dm)
exp_width_depth_scenarios,MNIST,1000,1000,14000,784,10,input_subspace_dm_m50_L2,arc_cosine,2,50,1000,,0.8159,2.08,2026-06-11T14:15:21.293561,D-d/m (input_subspace_dm)
exp_width_depth_scenarios,MNIST,1000,1000,14000,784,10,input_subspace_dm_m50_L3,arc_cosine,3,50,1000,,0.8083,2.76,2026-06-11T14:15:24.766756,D-d/m (input_subspace_dm)
exp_width_depth_scenarios,MNIST,1000,1000,14000,784,10,input_subspace_dm_m50_L3,arc_cosine,3,50,1000,,0.8288,2.62,2026-06-11T14:15:28.030495,D-d/m (input_subspace_dm)
exp_width_depth_scenarios,MNIST,1000,1000,14000,784,10,input_subspace_dm_m50_L3,arc_cosine,3,50,1000,,0.8014,2.61,2026-06-11T14:15:31.891840,D-d/m (input_subspace_dm)
exp_width_depth_scenarios,MNIST,1000,1000,14000,784,10,featpart_fulldata_m1_L1,arc_cosine,1,1,1000,,0.8548,0.23,2026-06-11T14:15:32.629609,B-Φ-P/m (featpart_fulldata)
exp_width_depth_scenarios,MNIST,1000,1000,14000,784,10,featpart_fulldata_m1_L1,arc_cosine,1,1,1000,,0.8537,0.27,2026-06-11T14:15:33.399461,B-Φ-P/m (featpart_fulldata)
exp_width_depth_scenarios,MNIST,1000,1000,14000,784,10,featpart_fulldata_m1_L1,arc_cosine,1,1,1000,,0.8516,0.27,2026-06-11T14:15:34.139617,B-Φ-P/m (featpart_fulldata)
exp_width_depth_scenarios,MNIST,1000,1000,14000,784,10,featpart_fulldata_m1_L2,arc_cosine,2,1,1000,,0.8584,0.51,2026-06-11T14:15:35.328899,B-Φ-P/m (featpart_fulldata)
exp_width_depth_scenarios,MNIST,1000,1000,14000,784,10,featpart_fulldata_m1_L2,arc_cosine,2,1,1000,,0.857,0.43,2026-06-11T14:15:36.308629,B-Φ-P/m (featpart_fulldata)
exp_width_depth_scenarios,MNIST,1000,1000,14000,784,10,featpart_fulldata_m1_L2,arc_cosine,2,1,1000,,0.8542,0.43,2026-06-11T14:15:37.238418,B-Φ-P/m (featpart_fulldata)
exp_width_depth_scenarios,MNIST,1000,1000,14000,784,10,featpart_fulldata_m1_L3,arc_cosine,3,1,1000,,0.8591,0.5,2026-06-11T14:15:38.316528,B-Φ-P/m (featpart_fulldata)
exp_width_depth_scenarios,MNIST,1000,1000,14000,784,10,featpart_fulldata_m1_L3,arc_cosine,3,1,1000,,0.8568,0.49,2026-06-11T14:15:39.364939,B-Φ-P/m (featpart_fulldata)
exp_width_depth_scenarios,MNIST,1000,1000,14000,784,10,featpart_fulldata_m1_L3,arc_cosine,3,1,1000,,0.8524,0.49,2026-06-11T14:15:40.386399,B-Φ-P/m (featpart_fulldata)
exp_width_depth_scenarios,MNIST,1000,1000,14000,784,10,featpart_fulldata_m10_L1,arc_cosine,1,10,1000,,0.8209,0.53,2026-06-11T14:15:41.324069,B-Φ-P/m (featpart_fulldata)
exp_width_depth_scenarios,MNIST,1000,1000,14000,784,10,featpart_fulldata_m10_L1,arc_cosine,1,10,1000,,0.8226,0.51,2026-06-11T14:15:42.349660,B-Φ-P/m (featpart_fulldata)
exp_width_depth_scenarios,MNIST,1000,1000,14000,784,10,featpart_fulldata_m10_L1,arc_cosine,1,10,1000,,0.8308,0.56,2026-06-11T14:15:43.316640,B-Φ-P/m (featpart_fulldata)
exp_width_depth_scenarios,MNIST,1000,1000,14000,784,10,featpart_fulldata_m10_L2,arc_cosine,2,10,1000,,0.8391,0.79,2026-06-11T14:15:44.649869,B-Φ-P/m (featpart_fulldata)
exp_width_depth_scenarios,MNIST,1000,1000,14000,784,10,featpart_fulldata_m10_L2,arc_cosine,2,10,1000,,0.8481,0.75,2026-06-11T14:15:45.936821,B-Φ-P/m (featpart_fulldata)
exp_width_depth_scenarios,MNIST,1000,1000,14000,784,10,featpart_fulldata_m10_L2,arc_cosine,2,10,1000,,0.8494,0.77,2026-06-11T14:15:47.177467,B-Φ-P/m (featpart_fulldata)
exp_width_depth_scenarios,MNIST,1000,1000,14000,784,10,featpart_fulldata_m10_L3,arc_cosine,3,10,1000,,0.8485,1.07,2026-06-11T14:15:48.938215,B-Φ-P/m (featpart_fulldata)
exp_width_depth_scenarios,MNIST,1000,1000,14000,784,10,featpart_fulldata_m10_L3,arc_cosine,3,10,1000,,0.8562,1.03,2026-06-11T14:15:50.581110,B-Φ-P/m (featpart_fulldata)
exp_width_depth_scenarios,MNIST,1000,1000,14000,784,10,featpart_fulldata_m10_L3,arc_cosine,3,10,1000,,0.8557,1.0,2026-06-11T14:15:52.173666,B-Φ-P/m (featpart_fulldata)
exp_width_depth_scenarios,MNIST,1000,1000,14000,784,10,featpart_fulldata_m50_L1,arc_cosine,1,50,1000,,0.8003,1.23,2026-06-11T14:15:53.901951,B-Φ-P/m (featpart_fulldata)
exp_width_depth_scenarios,MNIST,1000,1000,14000,784,10,featpart_fulldata_m50_L1,arc_cosine,1,50,1000,,0.8032,1.19,2026-06-11T14:15:55.590021,B-Φ-P/m (featpart_fulldata)
exp_width_depth_scenarios,MNIST,1000,1000,14000,784,10,featpart_fulldata_m50_L1,arc_cosine,1,50,1000,,0.7966,1.19,2026-06-11T14:15:57.267008,B-Φ-P/m (featpart_fulldata)
exp_width_depth_scenarios,MNIST,1000,1000,14000,784,10,featpart_fulldata_m50_L2,arc_cosine,2,50,1000,,0.8036,1.8,2026-06-11T14:15:59.852317,B-Φ-P/m (featpart_fulldata)
exp_width_depth_scenarios,MNIST,1000,1000,14000,784,10,featpart_fulldata_m50_L2,arc_cosine,2,50,1000,,0.807,1.67,2026-06-11T14:16:02.250171,B-Φ-P/m (featpart_fulldata)
exp_width_depth_scenarios,MNIST,1000,1000,14000,784,10,featpart_fulldata_m50_L2,arc_cosine,2,50,1000,,0.7959,1.78,2026-06-11T14:16:04.838092,B-Φ-P/m (featpart_fulldata)
exp_width_depth_scenarios,MNIST,1000,1000,14000,784,10,featpart_fulldata_m50_L3,arc_cosine,3,50,1000,,0.8024,2.37,2026-06-11T14:16:08.216610,B-Φ-P/m (featpart_fulldata)
exp_width_depth_scenarios,MNIST,1000,1000,14000,784,10,featpart_fulldata_m50_L3,arc_cosine,3,50,1000,,0.816,2.09,2026-06-11T14:16:11.366303,B-Φ-P/m (featpart_fulldata)
exp_width_depth_scenarios,MNIST,1000,1000,14000,784,10,featpart_fulldata_m50_L3,arc_cosine,3,50,1000,,0.7964,2.97,2026-06-11T14:16:15.417248,B-Φ-P/m (featpart_fulldata)
exp_width_depth_scenarios,MNIST,5000,5000,14000,784,10,baseline_fullinput_m1_L1,arc_cosine,1,1,1000,,0.9053,1.73,2026-06-11T14:16:17.654443,"A — baseline (full, m=1)"
exp_width_depth_scenarios,MNIST,5000,5000,14000,784,10,baseline_fullinput_m1_L1,arc_cosine,1,1,1000,,0.9025,1.66,2026-06-11T14:16:19.770396,"A — baseline (full, m=1)"
exp_width_depth_scenarios,MNIST,5000,5000,14000,784,10,baseline_fullinput_m1_L1,arc_cosine,1,1,1000,,0.9073,1.65,2026-06-11T14:16:21.878602,"A — baseline (full, m=1)"
exp_width_depth_scenarios,MNIST,5000,5000,14000,784,10,baseline_fullinput_m1_L2,arc_cosine,2,1,1000,,0.9063,2.52,2026-06-11T14:16:24.973178,"A — baseline (full, m=1)"
exp_width_depth_scenarios,MNIST,5000,5000,14000,784,10,baseline_fullinput_m1_L2,arc_cosine,2,1,1000,,0.9049,2.67,2026-06-11T14:16:28.262050,"A — baseline (full, m=1)"
exp_width_depth_scenarios,MNIST,5000,5000,14000,784,10,baseline_fullinput_m1_L2,arc_cosine,2,1,1000,,0.9099,2.72,2026-06-11T14:16:31.668530,"A — baseline (full, m=1)"
exp_width_depth_scenarios,MNIST,5000,5000,14000,784,10,baseline_fullinput_m1_L3,arc_cosine,3,1,1000,,0.9064,3.64,2026-06-11T14:16:36.079082,"A — baseline (full, m=1)"
exp_width_depth_scenarios,MNIST,5000,5000,14000,784,10,baseline_fullinput_m1_L3,arc_cosine,3,1,1000,,0.9061,3.48,2026-06-11T14:16:40.312135,"A — baseline (full, m=1)"
exp_width_depth_scenarios,MNIST,5000,5000,14000,784,10,baseline_fullinput_m1_L3,arc_cosine,3,1,1000,,0.9104,3.62,2026-06-11T14:16:44.696046,"A — baseline (full, m=1)"
exp_width_depth_scenarios,MNIST,5000,5000,14000,784,10,input_subspace_sqrt_m1_L1,arc_cosine,1,1,1000,,0.6121,13.65,2026-06-11T14:16:58.697328,D-√d (input_subspace_sqrt)
exp_width_depth_scenarios,MNIST,5000,5000,14000,784,10,input_subspace_sqrt_m1_L1,arc_cosine,1,1,1000,,0.6216,12.87,2026-06-11T14:17:11.939117,D-√d (input_subspace_sqrt)
exp_width_depth_scenarios,MNIST,5000,5000,14000,784,10,input_subspace_sqrt_m1_L1,arc_cosine,1,1,1000,,0.6765,9.12,2026-06-11T14:17:21.423960,D-√d (input_subspace_sqrt)
exp_width_depth_scenarios,MNIST,5000,5000,14000,784,10,input_subspace_sqrt_m1_L2,arc_cosine,2,1,1000,,0.421,18.98,2026-06-11T14:17:40.951989,D-√d (input_subspace_sqrt)
exp_width_depth_scenarios,MNIST,5000,5000,14000,784,10,input_subspace_sqrt_m1_L2,arc_cosine,2,1,1000,,0.4354,19.78,2026-06-11T14:18:01.219695,D-√d (input_subspace_sqrt)
exp_width_depth_scenarios,MNIST,5000,5000,14000,784,10,input_subspace_sqrt_m1_L2,arc_cosine,2,1,1000,,0.4897,13.36,2026-06-11T14:18:15.037264,D-√d (input_subspace_sqrt)
exp_width_depth_scenarios,MNIST,5000,5000,14000,784,10,input_subspace_sqrt_m1_L3,arc_cosine,3,1,1000,,0.385,20.14,2026-06-11T14:18:35.764980,D-√d (input_subspace_sqrt)
exp_width_depth_scenarios,MNIST,5000,5000,14000,784,10,input_subspace_sqrt_m1_L3,arc_cosine,3,1,1000,,0.3686,20.58,2026-06-11T14:18:56.900924,D-√d (input_subspace_sqrt)
exp_width_depth_scenarios,MNIST,5000,5000,14000,784,10,input_subspace_sqrt_m1_L3,arc_cosine,3,1,1000,,0.3638,17.33,2026-06-11T14:19:14.773121,D-√d (input_subspace_sqrt)
exp_width_depth_scenarios,MNIST,5000,5000,14000,784,10,input_subspace_sqrt_m10_L1,arc_cosine,1,10,1000,,0.8961,5.56,2026-06-11T14:19:20.733576,D-√d (input_subspace_sqrt)
exp_width_depth_scenarios,MNIST,5000,5000,14000,784,10,input_subspace_sqrt_m10_L1,arc_cosine,1,10,1000,,0.899,4.89,2026-06-11T14:19:25.989736,D-√d (input_subspace_sqrt)
exp_width_depth_scenarios,MNIST,5000,5000,14000,784,10,input_subspace_sqrt_m10_L1,arc_cosine,1,10,1000,,0.8918,5.32,2026-06-11T14:19:31.651888,D-√d (input_subspace_sqrt)
exp_width_depth_scenarios,MNIST,5000,5000,14000,784,10,input_subspace_sqrt_m10_L2,arc_cosine,2,10,1000,,0.8746,9.43,2026-06-11T14:19:41.563904,D-√d (input_subspace_sqrt)
exp_width_depth_scenarios,MNIST,5000,5000,14000,784,10,input_subspace_sqrt_m10_L2,arc_cosine,2,10,1000,,0.8812,8.2,2026-06-11T14:19:50.216366,D-√d (input_subspace_sqrt)
exp_width_depth_scenarios,MNIST,5000,5000,14000,784,10,input_subspace_sqrt_m10_L2,arc_cosine,2,10,1000,,0.8796,8.73,2026-06-11T14:19:59.404823,D-√d (input_subspace_sqrt)
exp_width_depth_scenarios,MNIST,5000,5000,14000,784,10,input_subspace_sqrt_m10_L3,arc_cosine,3,10,1000,,0.8638,12.06,2026-06-11T14:20:12.060592,D-√d (input_subspace_sqrt)
exp_width_depth_scenarios,MNIST,5000,5000,14000,784,10,input_subspace_sqrt_m10_L3,arc_cosine,3,10,1000,,0.8706,10.77,2026-06-11T14:20:23.387195,D-√d (input_subspace_sqrt)
exp_width_depth_scenarios,MNIST,5000,5000,14000,784,10,input_subspace_sqrt_m10_L3,arc_cosine,3,10,1000,,0.8639,11.5,2026-06-11T14:20:35.459366,D-√d (input_subspace_sqrt)
exp_width_depth_scenarios,MNIST,5000,5000,14000,784,10,input_subspace_sqrt_m50_L1,arc_cosine,1,50,1000,,0.8862,12.09,2026-06-11T14:20:48.139329,D-√d (input_subspace_sqrt)
exp_width_depth_scenarios,MNIST,5000,5000,14000,784,10,input_subspace_sqrt_m50_L1,arc_cosine,1,50,1000,,0.8795,15.53,2026-06-11T14:21:04.219407,D-√d (input_subspace_sqrt)
exp_width_depth_scenarios,MNIST,5000,5000,14000,784,10,input_subspace_sqrt_m50_L1,arc_cosine,1,50,1000,,0.8899,15.12,2026-06-11T14:21:19.997087,D-√d (input_subspace_sqrt)
exp_width_depth_scenarios,MNIST,5000,5000,14000,784,10,input_subspace_sqrt_m50_L2,arc_cosine,2,50,1000,,0.8834,23.85,2026-06-11T14:21:44.688669,D-√d (input_subspace_sqrt)
exp_width_depth_scenarios,MNIST,5000,5000,14000,784,10,input_subspace_sqrt_m50_L2,arc_cosine,2,50,1000,,0.8799,13.69,2026-06-11T14:21:59.427298,D-√d (input_subspace_sqrt)
exp_width_depth_scenarios,MNIST,5000,5000,14000,784,10,input_subspace_sqrt_m50_L2,arc_cosine,2,50,1000,,0.8788,14.92,2026-06-11T14:22:15.178073,D-√d (input_subspace_sqrt)
exp_width_depth_scenarios,MNIST,5000,5000,14000,784,10,input_subspace_sqrt_m50_L3,arc_cosine,3,50,1000,,0.8713,15.95,2026-06-11T14:22:32.190939,D-√d (input_subspace_sqrt)
exp_width_depth_scenarios,MNIST,5000,5000,14000,784,10,input_subspace_sqrt_m50_L3,arc_cosine,3,50,1000,,0.8702,16.0,2026-06-11T14:22:49.328858,D-√d (input_subspace_sqrt)
exp_width_depth_scenarios,MNIST,5000,5000,14000,784,10,input_subspace_sqrt_m50_L3,arc_cosine,3,50,1000,,0.8679,17.37,2026-06-11T14:23:07.798502,D-√d (input_subspace_sqrt)
exp_width_depth_scenarios,MNIST,5000,5000,14000,784,10,input_subspace_dm_m1_L1,arc_cosine,1,1,1000,,0.9086,1.67,2026-06-11T14:23:10.114346,D-d/m (input_subspace_dm)
exp_width_depth_scenarios,MNIST,5000,5000,14000,784,10,input_subspace_dm_m1_L1,arc_cosine,1,1,1000,,0.905,1.6,2026-06-11T14:23:12.356900,D-d/m (input_subspace_dm)
exp_width_depth_scenarios,MNIST,5000,5000,14000,784,10,input_subspace_dm_m1_L1,arc_cosine,1,1,1000,,0.9079,1.65,2026-06-11T14:23:14.640741,D-d/m (input_subspace_dm)
exp_width_depth_scenarios,MNIST,5000,5000,14000,784,10,input_subspace_dm_m1_L2,arc_cosine,2,1,1000,,0.9108,2.69,2026-06-11T14:23:18.062582,D-d/m (input_subspace_dm)
exp_width_depth_scenarios,MNIST,5000,5000,14000,784,10,input_subspace_dm_m1_L2,arc_cosine,2,1,1000,,0.9071,2.61,2026-06-11T14:23:21.412462,D-d/m (input_subspace_dm)
exp_width_depth_scenarios,MNIST,5000,5000,14000,784,10,input_subspace_dm_m1_L2,arc_cosine,2,1,1000,,0.9104,2.67,2026-06-11T14:23:24.815958,D-d/m (input_subspace_dm)
exp_width_depth_scenarios,MNIST,5000,5000,14000,784,10,input_subspace_dm_m1_L3,arc_cosine,3,1,1000,,0.9119,3.61,2026-06-11T14:23:29.298145,D-d/m (input_subspace_dm)
exp_width_depth_scenarios,MNIST,5000,5000,14000,784,10,input_subspace_dm_m1_L3,arc_cosine,3,1,1000,,0.9084,3.36,2026-06-11T14:23:33.497243,D-d/m (input_subspace_dm)
exp_width_depth_scenarios,MNIST,5000,5000,14000,784,10,input_subspace_dm_m1_L3,arc_cosine,3,1,1000,,0.9101,3.47,2026-06-11T14:23:37.844294,D-d/m (input_subspace_dm)
exp_width_depth_scenarios,MNIST,5000,5000,14000,784,10,input_subspace_dm_m10_L1,arc_cosine,1,10,1000,,0.9079,2.67,2026-06-11T14:23:40.974486,D-d/m (input_subspace_dm)
exp_width_depth_scenarios,MNIST,5000,5000,14000,784,10,input_subspace_dm_m10_L1,arc_cosine,1,10,1000,,0.907,2.56,2026-06-11T14:23:43.978244,D-d/m (input_subspace_dm)
exp_width_depth_scenarios,MNIST,5000,5000,14000,784,10,input_subspace_dm_m10_L1,arc_cosine,1,10,1000,,0.9114,2.65,2026-06-11T14:23:47.072425,D-d/m (input_subspace_dm)
exp_width_depth_scenarios,MNIST,5000,5000,14000,784,10,input_subspace_dm_m10_L2,arc_cosine,2,10,1000,,0.9086,5.31,2026-06-11T14:23:52.963089,D-d/m (input_subspace_dm)
exp_width_depth_scenarios,MNIST,5000,5000,14000,784,10,input_subspace_dm_m10_L2,arc_cosine,2,10,1000,,0.9044,5.5,2026-06-11T14:23:59.021077,D-d/m (input_subspace_dm)
exp_width_depth_scenarios,MNIST,5000,5000,14000,784,10,input_subspace_dm_m10_L2,arc_cosine,2,10,1000,,0.9079,5.45,2026-06-11T14:24:05.018580,D-d/m (input_subspace_dm)
exp_width_depth_scenarios,MNIST,5000,5000,14000,784,10,input_subspace_dm_m10_L3,arc_cosine,3,10,1000,,0.9076,7.6,2026-06-11T14:24:13.277112,D-d/m (input_subspace_dm)
exp_width_depth_scenarios,MNIST,5000,5000,14000,784,10,input_subspace_dm_m10_L3,arc_cosine,3,10,1000,,0.9046,7.57,2026-06-11T14:24:21.513279,D-d/m (input_subspace_dm)
exp_width_depth_scenarios,MNIST,5000,5000,14000,784,10,input_subspace_dm_m10_L3,arc_cosine,3,10,1000,,0.9076,7.72,2026-06-11T14:24:29.897987,D-d/m (input_subspace_dm)
exp_width_depth_scenarios,MNIST,5000,5000,14000,784,10,input_subspace_dm_m50_L1,arc_cosine,1,50,1000,,0.887,13.53,2026-06-11T14:24:43.887361,D-d/m (input_subspace_dm)
exp_width_depth_scenarios,MNIST,5000,5000,14000,784,10,input_subspace_dm_m50_L1,arc_cosine,1,50,1000,,0.8846,12.18,2026-06-11T14:24:56.497855,D-d/m (input_subspace_dm)
exp_width_depth_scenarios,MNIST,5000,5000,14000,784,10,input_subspace_dm_m50_L1,arc_cosine,1,50,1000,,0.8879,12.7,2026-06-11T14:25:09.634006,D-d/m (input_subspace_dm)
exp_width_depth_scenarios,MNIST,5000,5000,14000,784,10,input_subspace_dm_m50_L2,arc_cosine,2,50,1000,,0.888,13.3,2026-06-11T14:25:23.543382,D-d/m (input_subspace_dm)
exp_width_depth_scenarios,MNIST,5000,5000,14000,784,10,input_subspace_dm_m50_L2,arc_cosine,2,50,1000,,0.8855,11.89,2026-06-11T14:25:36.037148,D-d/m (input_subspace_dm)
exp_width_depth_scenarios,MNIST,5000,5000,14000,784,10,input_subspace_dm_m50_L2,arc_cosine,2,50,1000,,0.8869,16.58,2026-06-11T14:25:53.230462,D-d/m (input_subspace_dm)
exp_width_depth_scenarios,MNIST,5000,5000,14000,784,10,input_subspace_dm_m50_L3,arc_cosine,3,50,1000,,0.8797,15.19,2026-06-11T14:26:09.231941,D-d/m (input_subspace_dm)
exp_width_depth_scenarios,MNIST,5000,5000,14000,784,10,input_subspace_dm_m50_L3,arc_cosine,3,50,1000,,0.8828,14.69,2026-06-11T14:26:24.702081,D-d/m (input_subspace_dm)
exp_width_depth_scenarios,MNIST,5000,5000,14000,784,10,input_subspace_dm_m50_L3,arc_cosine,3,50,1000,,0.8819,16.7,2026-06-11T14:26:42.196775,D-d/m (input_subspace_dm)
exp_width_depth_scenarios,MNIST,5000,5000,14000,784,10,featpart_fulldata_m1_L1,arc_cosine,1,1,1000,,0.9053,1.53,2026-06-11T14:26:44.214158,B-Φ-P/m (featpart_fulldata)
exp_width_depth_scenarios,MNIST,5000,5000,14000,784,10,featpart_fulldata_m1_L1,arc_cosine,1,1,1000,,0.9025,1.58,2026-06-11T14:26:46.274453,B-Φ-P/m (featpart_fulldata)
exp_width_depth_scenarios,MNIST,5000,5000,14000,784,10,featpart_fulldata_m1_L1,arc_cosine,1,1,1000,,0.9073,1.56,2026-06-11T14:26:48.314437,B-Φ-P/m (featpart_fulldata)
exp_width_depth_scenarios,MNIST,5000,5000,14000,784,10,featpart_fulldata_m1_L2,arc_cosine,2,1,1000,,0.9069,2.48,2026-06-11T14:26:51.401712,B-Φ-P/m (featpart_fulldata)
exp_width_depth_scenarios,MNIST,5000,5000,14000,784,10,featpart_fulldata_m1_L2,arc_cosine,2,1,1000,,0.9056,2.53,2026-06-11T14:26:54.519599,B-Φ-P/m (featpart_fulldata)
exp_width_depth_scenarios,MNIST,5000,5000,14000,784,10,featpart_fulldata_m1_L2,arc_cosine,2,1,1000,,0.9094,2.54,2026-06-11T14:26:57.665865,B-Φ-P/m (featpart_fulldata)
exp_width_depth_scenarios,MNIST,5000,5000,14000,784,10,featpart_fulldata_m1_L3,arc_cosine,3,1,1000,,0.9066,3.16,2026-06-11T14:27:01.539977,B-Φ-P/m (featpart_fulldata)
exp_width_depth_scenarios,MNIST,5000,5000,14000,784,10,featpart_fulldata_m1_L3,arc_cosine,3,1,1000,,0.9053,3.36,2026-06-11T14:27:05.611203,B-Φ-P/m (featpart_fulldata)
exp_width_depth_scenarios,MNIST,5000,5000,14000,784,10,featpart_fulldata_m1_L3,arc_cosine,3,1,1000,,0.9103,3.28,2026-06-11T14:27:09.672923,B-Φ-P/m (featpart_fulldata)
exp_width_depth_scenarios,MNIST,5000,5000,14000,784,10,featpart_fulldata_m10_L1,arc_cosine,1,10,1000,,0.8926,1.74,2026-06-11T14:27:11.920630,B-Φ-P/m (featpart_fulldata)
exp_width_depth_scenarios,MNIST,5000,5000,14000,784,10,featpart_fulldata_m10_L1,arc_cosine,1,10,1000,,0.8946,1.72,2026-06-11T14:27:14.155799,B-Φ-P/m (featpart_fulldata)
exp_width_depth_scenarios,MNIST,5000,5000,14000,784,10,featpart_fulldata_m10_L1,arc_cosine,1,10,1000,,0.8938,1.71,2026-06-11T14:27:16.377488,B-Φ-P/m (featpart_fulldata)
exp_width_depth_scenarios,MNIST,5000,5000,14000,784,10,featpart_fulldata_m10_L2,arc_cosine,2,10,1000,,0.9016,3.07,2026-06-11T14:27:20.094348,B-Φ-P/m (featpart_fulldata)
exp_width_depth_scenarios,MNIST,5000,5000,14000,784,10,featpart_fulldata_m10_L2,arc_cosine,2,10,1000,,0.8989,2.97,2026-06-11T14:27:23.721012,B-Φ-P/m (featpart_fulldata)
exp_width_depth_scenarios,MNIST,5000,5000,14000,784,10,featpart_fulldata_m10_L2,arc_cosine,2,10,1000,,0.9024,3.0,2026-06-11T14:27:27.364646,B-Φ-P/m (featpart_fulldata)
exp_width_depth_scenarios,MNIST,5000,5000,14000,784,10,featpart_fulldata_m10_L3,arc_cosine,3,10,1000,,0.9026,4.17,2026-06-11T14:27:32.362971,B-Φ-P/m (featpart_fulldata)
exp_width_depth_scenarios,MNIST,5000,5000,14000,784,10,featpart_fulldata_m10_L3,arc_cosine,3,10,1000,,0.9039,4.12,2026-06-11T14:27:37.277405,B-Φ-P/m (featpart_fulldata)
exp_width_depth_scenarios,MNIST,5000,5000,14000,784,10,featpart_fulldata_m10_L3,arc_cosine,3,10,1000,,0.9024,4.19,2026-06-11T14:27:42.276681,B-Φ-P/m (featpart_fulldata)
exp_width_depth_scenarios,MNIST,5000,5000,14000,784,10,featpart_fulldata_m50_L1,arc_cosine,1,50,1000,,0.8732,9.47,2026-06-11T14:27:52.371192,B-Φ-P/m (featpart_fulldata)
exp_width_depth_scenarios,MNIST,5000,5000,14000,784,10,featpart_fulldata_m50_L1,arc_cosine,1,50,1000,,0.8656,7.71,2026-06-11T14:28:00.723581,B-Φ-P/m (featpart_fulldata)
exp_width_depth_scenarios,MNIST,5000,5000,14000,784,10,featpart_fulldata_m50_L1,arc_cosine,1,50,1000,,0.8734,9.03,2026-06-11T14:28:10.389464,B-Φ-P/m (featpart_fulldata)
exp_width_depth_scenarios,MNIST,5000,5000,14000,784,10,featpart_fulldata_m50_L2,arc_cosine,2,50,1000,,0.873,7.74,2026-06-11T14:28:19.178411,B-Φ-P/m (featpart_fulldata)
exp_width_depth_scenarios,MNIST,5000,5000,14000,784,10,featpart_fulldata_m50_L2,arc_cosine,2,50,1000,,0.8656,8.44,2026-06-11T14:28:28.623775,B-Φ-P/m (featpart_fulldata)
exp_width_depth_scenarios,MNIST,5000,5000,14000,784,10,featpart_fulldata_m50_L2,arc_cosine,2,50,1000,,0.8681,8.78,2026-06-11T14:28:38.440454,B-Φ-P/m (featpart_fulldata)
exp_width_depth_scenarios,MNIST,5000,5000,14000,784,10,featpart_fulldata_m50_L3,arc_cosine,3,50,1000,,0.8681,10.08,2026-06-11T14:28:49.964041,B-Φ-P/m (featpart_fulldata)
exp_width_depth_scenarios,MNIST,5000,5000,14000,784,10,featpart_fulldata_m50_L3,arc_cosine,3,50,1000,,0.8597,9.01,2026-06-11T14:29:00.282325,B-Φ-P/m (featpart_fulldata)
exp_width_depth_scenarios,MNIST,5000,5000,14000,784,10,featpart_fulldata_m50_L3,arc_cosine,3,50,1000,,0.8644,9.99,2026-06-11T14:29:11.475015,B-Φ-P/m (featpart_fulldata)
exp_width_depth_scenarios,MNIST,10000,10000,14000,784,10,baseline_fullinput_m1_L1,arc_cosine,1,1,1000,,0.9201,3.62,2026-06-11T14:29:15.646857,"A — baseline (full, m=1)"
exp_width_depth_scenarios,MNIST,10000,10000,14000,784,10,baseline_fullinput_m1_L1,arc_cosine,1,1,1000,,0.9176,3.62,2026-06-11T14:29:19.826957,"A — baseline (full, m=1)"
exp_width_depth_scenarios,MNIST,10000,10000,14000,784,10,baseline_fullinput_m1_L1,arc_cosine,1,1,1000,,0.9236,3.88,2026-06-11T14:29:24.264038,"A — baseline (full, m=1)"
exp_width_depth_scenarios,MNIST,10000,10000,14000,784,10,baseline_fullinput_m1_L2,arc_cosine,2,1,1000,,0.9224,6.15,2026-06-11T14:29:31.276028,"A — baseline (full, m=1)"
exp_width_depth_scenarios,MNIST,10000,10000,14000,784,10,baseline_fullinput_m1_L2,arc_cosine,2,1,1000,,0.9203,5.76,2026-06-11T14:29:37.831491,"A — baseline (full, m=1)"
exp_width_depth_scenarios,MNIST,10000,10000,14000,784,10,baseline_fullinput_m1_L2,arc_cosine,2,1,1000,,0.9263,5.7,2026-06-11T14:29:44.313791,"A — baseline (full, m=1)"
exp_width_depth_scenarios,MNIST,10000,10000,14000,784,10,baseline_fullinput_m1_L3,arc_cosine,3,1,1000,,0.9241,7.22,2026-06-11T14:29:52.356504,"A — baseline (full, m=1)"
exp_width_depth_scenarios,MNIST,10000,10000,14000,784,10,baseline_fullinput_m1_L3,arc_cosine,3,1,1000,,0.9209,7.24,2026-06-11T14:30:00.426611,"A — baseline (full, m=1)"
exp_width_depth_scenarios,MNIST,10000,10000,14000,784,10,baseline_fullinput_m1_L3,arc_cosine,3,1,1000,,0.9255,7.26,2026-06-11T14:30:08.511730,"A — baseline (full, m=1)"
exp_width_depth_scenarios,MNIST,10000,10000,14000,784,10,input_subspace_sqrt_m1_L1,arc_cosine,1,1,1000,,0.6236,21.53,2026-06-11T14:30:30.447762,D-√d (input_subspace_sqrt)
exp_width_depth_scenarios,MNIST,10000,10000,14000,784,10,input_subspace_sqrt_m1_L1,arc_cosine,1,1,1000,,0.6354,26.33,2026-06-11T14:30:57.206676,D-√d (input_subspace_sqrt)
exp_width_depth_scenarios,MNIST,10000,10000,14000,784,10,input_subspace_sqrt_m1_L1,arc_cosine,1,1,1000,,0.6941,27.49,2026-06-11T14:31:25.194955,D-√d (input_subspace_sqrt)
exp_width_depth_scenarios,MNIST,10000,10000,14000,784,10,input_subspace_sqrt_m1_L2,arc_cosine,2,1,1000,,0.4282,31.69,2026-06-11T14:31:57.457369,D-√d (input_subspace_sqrt)
exp_width_depth_scenarios,MNIST,10000,10000,14000,784,10,input_subspace_sqrt_m1_L2,arc_cosine,2,1,1000,,0.4256,30.65,2026-06-11T14:32:28.652062,D-√d (input_subspace_sqrt)
exp_width_depth_scenarios,MNIST,10000,10000,14000,784,10,input_subspace_sqrt_m1_L2,arc_cosine,2,1,1000,,0.489,27.95,2026-06-11T14:32:57.138826,D-√d (input_subspace_sqrt)
exp_width_depth_scenarios,MNIST,10000,10000,14000,784,10,input_subspace_sqrt_m1_L3,arc_cosine,3,1,1000,,0.3958,38.4,2026-06-11T14:33:36.216294,D-√d (input_subspace_sqrt)
exp_width_depth_scenarios,MNIST,10000,10000,14000,784,10,input_subspace_sqrt_m1_L3,arc_cosine,3,1,1000,,0.3663,43.68,2026-06-11T14:34:20.586893,D-√d (input_subspace_sqrt)
exp_width_depth_scenarios,MNIST,10000,10000,14000,784,10,input_subspace_sqrt_m1_L3,arc_cosine,3,1,1000,,0.4115,38.77,2026-06-11T14:35:00.210396,D-√d (input_subspace_sqrt)
exp_width_depth_scenarios,MNIST,10000,10000,14000,784,10,input_subspace_sqrt_m10_L1,arc_cosine,1,10,1000,,0.9029,10.48,2026-06-11T14:35:11.247773,D-√d (input_subspace_sqrt)
exp_width_depth_scenarios,MNIST,10000,10000,14000,784,10,input_subspace_sqrt_m10_L1,arc_cosine,1,10,1000,,0.9098,8.89,2026-06-11T14:35:20.596030,D-√d (input_subspace_sqrt)
exp_width_depth_scenarios,MNIST,10000,10000,14000,784,10,input_subspace_sqrt_m10_L1,arc_cosine,1,10,1000,,0.9111,9.93,2026-06-11T14:35:31.128684,D-√d (input_subspace_sqrt)
exp_width_depth_scenarios,MNIST,10000,10000,14000,784,10,input_subspace_sqrt_m10_L2,arc_cosine,2,10,1000,,0.89,17.43,2026-06-11T14:35:49.225723,D-√d (input_subspace_sqrt)
exp_width_depth_scenarios,MNIST,10000,10000,14000,784,10,input_subspace_sqrt_m10_L2,arc_cosine,2,10,1000,,0.8998,14.61,2026-06-11T14:36:04.508801,D-√d (input_subspace_sqrt)
exp_width_depth_scenarios,MNIST,10000,10000,14000,784,10,input_subspace_sqrt_m10_L2,arc_cosine,2,10,1000,,0.9012,18.7,2026-06-11T14:36:23.823149,D-√d (input_subspace_sqrt)
exp_width_depth_scenarios,MNIST,10000,10000,14000,784,10,input_subspace_sqrt_m10_L3,arc_cosine,3,10,1000,,0.8793,22.26,2026-06-11T14:36:46.983109,D-√d (input_subspace_sqrt)
exp_width_depth_scenarios,MNIST,10000,10000,14000,784,10,input_subspace_sqrt_m10_L3,arc_cosine,3,10,1000,,0.8933,21.75,2026-06-11T14:37:09.821429,D-√d (input_subspace_sqrt)
exp_width_depth_scenarios,MNIST,10000,10000,14000,784,10,input_subspace_sqrt_m10_L3,arc_cosine,3,10,1000,,0.886,23.23,2026-06-11T14:37:33.859006,D-√d (input_subspace_sqrt)
exp_width_depth_scenarios,MNIST,10000,10000,14000,784,10,input_subspace_sqrt_m50_L1,arc_cosine,1,50,1000,,0.906,19.0,2026-06-11T14:37:53.604645,D-√d (input_subspace_sqrt)
exp_width_depth_scenarios,MNIST,10000,10000,14000,784,10,input_subspace_sqrt_m50_L1,arc_cosine,1,50,1000,,0.9078,21.24,2026-06-11T14:38:15.629944,D-√d (input_subspace_sqrt)
exp_width_depth_scenarios,MNIST,10000,10000,14000,784,10,input_subspace_sqrt_m50_L1,arc_cosine,1,50,1000,,0.9109,29.94,2026-06-11T14:38:46.343252,D-√d (input_subspace_sqrt)
exp_width_depth_scenarios,MNIST,10000,10000,14000,784,10,input_subspace_sqrt_m50_L2,arc_cosine,2,50,1000,,0.9041,25.93,2026-06-11T14:39:13.372765,D-√d (input_subspace_sqrt)
exp_width_depth_scenarios,MNIST,10000,10000,14000,784,10,input_subspace_sqrt_m50_L2,arc_cosine,2,50,1000,,0.8988,26.12,2026-06-11T14:39:40.567721,D-√d (input_subspace_sqrt)
exp_width_depth_scenarios,MNIST,10000,10000,14000,784,10,input_subspace_sqrt_m50_L2,arc_cosine,2,50,1000,,0.9041,24.24,2026-06-11T14:40:05.800200,D-√d (input_subspace_sqrt)
exp_width_depth_scenarios,MNIST,10000,10000,14000,784,10,input_subspace_sqrt_m50_L3,arc_cosine,3,50,1000,,0.8941,31.14,2026-06-11T14:40:38.315273,D-√d (input_subspace_sqrt)
exp_width_depth_scenarios,MNIST,10000,10000,14000,784,10,input_subspace_sqrt_m50_L3,arc_cosine,3,50,1000,,0.8863,29.97,2026-06-11T14:41:09.684442,D-√d (input_subspace_sqrt)
exp_width_depth_scenarios,MNIST,10000,10000,14000,784,10,input_subspace_sqrt_m50_L3,arc_cosine,3,50,1000,,0.8886,31.59,2026-06-11T14:41:42.655135,D-√d (input_subspace_sqrt)
exp_width_depth_scenarios,MNIST,10000,10000,14000,784,10,input_subspace_dm_m1_L1,arc_cosine,1,1,1000,,0.9227,4.11,2026-06-11T14:41:47.592140,D-d/m (input_subspace_dm)
exp_width_depth_scenarios,MNIST,10000,10000,14000,784,10,input_subspace_dm_m1_L1,arc_cosine,1,1,1000,,0.9213,4.14,2026-06-11T14:41:52.556193,D-d/m (input_subspace_dm)
exp_width_depth_scenarios,MNIST,10000,10000,14000,784,10,input_subspace_dm_m1_L1,arc_cosine,1,1,1000,,0.925,3.9,2026-06-11T14:41:57.289566,D-d/m (input_subspace_dm)
exp_width_depth_scenarios,MNIST,10000,10000,14000,784,10,input_subspace_dm_m1_L2,arc_cosine,2,1,1000,,0.926,6.21,2026-06-11T14:42:04.483793,D-d/m (input_subspace_dm)
exp_width_depth_scenarios,MNIST,10000,10000,14000,784,10,input_subspace_dm_m1_L2,arc_cosine,2,1,1000,,0.9226,6.13,2026-06-11T14:42:11.569819,D-d/m (input_subspace_dm)
exp_width_depth_scenarios,MNIST,10000,10000,14000,784,10,input_subspace_dm_m1_L2,arc_cosine,2,1,1000,,0.9274,6.08,2026-06-11T14:42:18.606014,D-d/m (input_subspace_dm)
exp_width_depth_scenarios,MNIST,10000,10000,14000,784,10,input_subspace_dm_m1_L3,arc_cosine,3,1,1000,,0.9255,8.05,2026-06-11T14:42:27.759206,D-d/m (input_subspace_dm)
exp_width_depth_scenarios,MNIST,10000,10000,14000,784,10,input_subspace_dm_m1_L3,arc_cosine,3,1,1000,,0.9238,9.08,2026-06-11T14:42:37.939129,D-d/m (input_subspace_dm)
exp_width_depth_scenarios,MNIST,10000,10000,14000,784,10,input_subspace_dm_m1_L3,arc_cosine,3,1,1000,,0.9275,7.65,2026-06-11T14:42:46.666518,D-d/m (input_subspace_dm)
exp_width_depth_scenarios,MNIST,10000,10000,14000,784,10,input_subspace_dm_m10_L1,arc_cosine,1,10,1000,,0.921,4.95,2026-06-11T14:42:52.210495,D-d/m (input_subspace_dm)
exp_width_depth_scenarios,MNIST,10000,10000,14000,784,10,input_subspace_dm_m10_L1,arc_cosine,1,10,1000,,0.9169,4.86,2026-06-11T14:42:57.655679,D-d/m (input_subspace_dm)
exp_width_depth_scenarios,MNIST,10000,10000,14000,784,10,input_subspace_dm_m10_L1,arc_cosine,1,10,1000,,0.9209,5.01,2026-06-11T14:43:03.243483,D-d/m (input_subspace_dm)
exp_width_depth_scenarios,MNIST,10000,10000,14000,784,10,input_subspace_dm_m10_L2,arc_cosine,2,10,1000,,0.9229,9.72,2026-06-11T14:43:13.685236,D-d/m (input_subspace_dm)
exp_width_depth_scenarios,MNIST,10000,10000,14000,784,10,input_subspace_dm_m10_L2,arc_cosine,2,10,1000,,0.9253,9.65,2026-06-11T14:43:24.066828,D-d/m (input_subspace_dm)
exp_width_depth_scenarios,MNIST,10000,10000,14000,784,10,input_subspace_dm_m10_L2,arc_cosine,2,10,1000,,0.9258,9.89,2026-06-11T14:43:34.673803,D-d/m (input_subspace_dm)
exp_width_depth_scenarios,MNIST,10000,10000,14000,784,10,input_subspace_dm_m10_L3,arc_cosine,3,10,1000,,0.9219,13.46,2026-06-11T14:43:48.992111,D-d/m (input_subspace_dm)
exp_width_depth_scenarios,MNIST,10000,10000,14000,784,10,input_subspace_dm_m10_L3,arc_cosine,3,10,1000,,0.9214,14.18,2026-06-11T14:44:04.036924,D-d/m (input_subspace_dm)
exp_width_depth_scenarios,MNIST,10000,10000,14000,784,10,input_subspace_dm_m10_L3,arc_cosine,3,10,1000,,0.9232,14.23,2026-06-11T14:44:19.136029,D-d/m (input_subspace_dm)
exp_width_depth_scenarios,MNIST,10000,10000,14000,784,10,input_subspace_dm_m50_L1,arc_cosine,1,50,1000,,0.9155,27.15,2026-06-11T14:44:46.880081,D-d/m (input_subspace_dm)
exp_width_depth_scenarios,MNIST,10000,10000,14000,784,10,input_subspace_dm_m50_L1,arc_cosine,1,50,1000,,0.9124,23.92,2026-06-11T14:45:11.368713,D-d/m (input_subspace_dm)
exp_width_depth_scenarios,MNIST,10000,10000,14000,784,10,input_subspace_dm_m50_L1,arc_cosine,1,50,1000,,0.9164,32.17,2026-06-11T14:45:44.136389,D-d/m (input_subspace_dm)
exp_width_depth_scenarios,MNIST,10000,10000,14000,784,10,input_subspace_dm_m50_L2,arc_cosine,2,50,1000,,0.9091,27.04,2026-06-11T14:46:12.040933,D-d/m (input_subspace_dm)
exp_width_depth_scenarios,MNIST,10000,10000,14000,784,10,input_subspace_dm_m50_L2,arc_cosine,2,50,1000,,0.9119,26.78,2026-06-11T14:46:39.624782,D-d/m (input_subspace_dm)
exp_width_depth_scenarios,MNIST,10000,10000,14000,784,10,input_subspace_dm_m50_L2,arc_cosine,2,50,1000,,0.9094,28.93,2026-06-11T14:47:09.410884,D-d/m (input_subspace_dm)
exp_width_depth_scenarios,MNIST,10000,10000,14000,784,10,input_subspace_dm_m50_L3,arc_cosine,3,50,1000,,0.8935,35.1,2026-06-11T14:47:45.586580,D-d/m (input_subspace_dm)
exp_width_depth_scenarios,MNIST,10000,10000,14000,784,10,input_subspace_dm_m50_L3,arc_cosine,3,50,1000,,0.9004,34.12,2026-06-11T14:48:20.769285,D-d/m (input_subspace_dm)
exp_width_depth_scenarios,MNIST,10000,10000,14000,784,10,input_subspace_dm_m50_L3,arc_cosine,3,50,1000,,0.9011,35.7,2026-06-11T14:48:57.491586,D-d/m (input_subspace_dm)
exp_width_depth_scenarios,MNIST,10000,10000,14000,784,10,featpart_fulldata_m1_L1,arc_cosine,1,1,1000,,0.9201,3.66,2026-06-11T14:49:01.800638,B-Φ-P/m (featpart_fulldata)
exp_width_depth_scenarios,MNIST,10000,10000,14000,784,10,featpart_fulldata_m1_L1,arc_cosine,1,1,1000,,0.9176,3.76,2026-06-11T14:49:06.198383,B-Φ-P/m (featpart_fulldata)
exp_width_depth_scenarios,MNIST,10000,10000,14000,784,10,featpart_fulldata_m1_L1,arc_cosine,1,1,1000,,0.9236,3.68,2026-06-11T14:49:10.577595,B-Φ-P/m (featpart_fulldata)
exp_width_depth_scenarios,MNIST,10000,10000,14000,784,10,featpart_fulldata_m1_L2,arc_cosine,2,1,1000,,0.9224,5.75,2026-06-11T14:49:17.123692,B-Φ-P/m (featpart_fulldata)
exp_width_depth_scenarios,MNIST,10000,10000,14000,784,10,featpart_fulldata_m1_L2,arc_cosine,2,1,1000,,0.9206,5.96,2026-06-11T14:49:23.905810,B-Φ-P/m (featpart_fulldata)
exp_width_depth_scenarios,MNIST,10000,10000,14000,784,10,featpart_fulldata_m1_L2,arc_cosine,2,1,1000,,0.9266,5.88,2026-06-11T14:49:30.568545,B-Φ-P/m (featpart_fulldata)
exp_width_depth_scenarios,MNIST,10000,10000,14000,784,10,featpart_fulldata_m1_L3,arc_cosine,3,1,1000,,0.9234,7.55,2026-06-11T14:49:39.000763,B-Φ-P/m (featpart_fulldata)
exp_width_depth_scenarios,MNIST,10000,10000,14000,784,10,featpart_fulldata_m1_L3,arc_cosine,3,1,1000,,0.92,7.5,2026-06-11T14:49:47.343917,B-Φ-P/m (featpart_fulldata)
exp_width_depth_scenarios,MNIST,10000,10000,14000,784,10,featpart_fulldata_m1_L3,arc_cosine,3,1,1000,,0.9261,7.72,2026-06-11T14:49:56.034330,B-Φ-P/m (featpart_fulldata)
exp_width_depth_scenarios,MNIST,10000,10000,14000,784,10,featpart_fulldata_m10_L1,arc_cosine,1,10,1000,,0.9052,3.61,2026-06-11T14:50:00.303672,B-Φ-P/m (featpart_fulldata)
exp_width_depth_scenarios,MNIST,10000,10000,14000,784,10,featpart_fulldata_m10_L1,arc_cosine,1,10,1000,,0.9047,3.49,2026-06-11T14:50:04.453383,B-Φ-P/m (featpart_fulldata)
exp_width_depth_scenarios,MNIST,10000,10000,14000,784,10,featpart_fulldata_m10_L1,arc_cosine,1,10,1000,,0.9065,3.54,2026-06-11T14:50:08.640570,B-Φ-P/m (featpart_fulldata)
exp_width_depth_scenarios,MNIST,10000,10000,14000,784,10,featpart_fulldata_m10_L2,arc_cosine,2,10,1000,,0.9161,6.05,2026-06-11T14:50:15.538431,B-Φ-P/m (featpart_fulldata)
exp_width_depth_scenarios,MNIST,10000,10000,14000,784,10,featpart_fulldata_m10_L2,arc_cosine,2,10,1000,,0.917,5.94,2026-06-11T14:50:22.325471,B-Φ-P/m (featpart_fulldata)
exp_width_depth_scenarios,MNIST,10000,10000,14000,784,10,featpart_fulldata_m10_L2,arc_cosine,2,10,1000,,0.9174,6.1,2026-06-11T14:50:29.277171,B-Φ-P/m (featpart_fulldata)
exp_width_depth_scenarios,MNIST,10000,10000,14000,784,10,featpart_fulldata_m10_L3,arc_cosine,3,10,1000,,0.9178,8.38,2026-06-11T14:50:38.678958,B-Φ-P/m (featpart_fulldata)
exp_width_depth_scenarios,MNIST,10000,10000,14000,784,10,featpart_fulldata_m10_L3,arc_cosine,3,10,1000,,0.9181,8.26,2026-06-11T14:50:48.009480,B-Φ-P/m (featpart_fulldata)
exp_width_depth_scenarios,MNIST,10000,10000,14000,784,10,featpart_fulldata_m10_L3,arc_cosine,3,10,1000,,0.9195,8.39,2026-06-11T14:50:57.434093,B-Φ-P/m (featpart_fulldata)
exp_width_depth_scenarios,MNIST,10000,10000,14000,784,10,featpart_fulldata_m50_L1,arc_cosine,1,50,1000,,0.8949,12.57,2026-06-11T14:51:10.854395,B-Φ-P/m (featpart_fulldata)
exp_width_depth_scenarios,MNIST,10000,10000,14000,784,10,featpart_fulldata_m50_L1,arc_cosine,1,50,1000,,0.9009,13.98,2026-06-11T14:51:25.658308,B-Φ-P/m (featpart_fulldata)
exp_width_depth_scenarios,MNIST,10000,10000,14000,784,10,featpart_fulldata_m50_L1,arc_cosine,1,50,1000,,0.9022,14.6,2026-06-11T14:51:41.111184,B-Φ-P/m (featpart_fulldata)
exp_width_depth_scenarios,MNIST,10000,10000,14000,784,10,featpart_fulldata_m50_L2,arc_cosine,2,50,1000,,0.8901,14.98,2026-06-11T14:51:57.444314,B-Φ-P/m (featpart_fulldata)
exp_width_depth_scenarios,MNIST,10000,10000,14000,784,10,featpart_fulldata_m50_L2,arc_cosine,2,50,1000,,0.8946,15.82,2026-06-11T14:52:14.620389,B-Φ-P/m (featpart_fulldata)
exp_width_depth_scenarios,MNIST,10000,10000,14000,784,10,featpart_fulldata_m50_L2,arc_cosine,2,50,1000,,0.8933,15.86,2026-06-11T14:52:31.819709,B-Φ-P/m (featpart_fulldata)
exp_width_depth_scenarios,MNIST,10000,10000,14000,784,10,featpart_fulldata_m50_L3,arc_cosine,3,50,1000,,0.8836,19.34,2026-06-11T14:52:53.034797,B-Φ-P/m (featpart_fulldata)
exp_width_depth_scenarios,MNIST,10000,10000,14000,784,10,featpart_fulldata_m50_L3,arc_cosine,3,50,1000,,0.8887,18.93,2026-06-11T14:53:13.824502,B-Φ-P/m (featpart_fulldata)
exp_width_depth_scenarios,MNIST,10000,10000,14000,784,10,featpart_fulldata_m50_L3,arc_cosine,3,50,1000,,0.8904,19.44,2026-06-11T14:53:35.133774,B-Φ-P/m (featpart_fulldata)
exp_width_depth_scenarios,MNIST,50000,50000,14000,784,10,baseline_fullinput_m1_L1,arc_cosine,1,1,1000,,0.9456,18.74,2026-06-11T14:53:55.661795,"A — baseline (full, m=1)"
exp_width_depth_scenarios,MNIST,50000,50000,14000,784,10,baseline_fullinput_m1_L1,arc_cosine,1,1,1000,,0.9484,18.97,2026-06-11T14:54:16.413644,"A — baseline (full, m=1)"
exp_width_depth_scenarios,MNIST,50000,50000,14000,784,10,baseline_fullinput_m1_L1,arc_cosine,1,1,1000,,0.9483,19.65,2026-06-11T14:54:37.839395,"A — baseline (full, m=1)"
exp_width_depth_scenarios,MNIST,50000,50000,14000,784,10,baseline_fullinput_m1_L2,arc_cosine,2,1,1000,,0.9492,32.1,2026-06-11T14:55:12.129921,"A — baseline (full, m=1)"
exp_width_depth_scenarios,MNIST,50000,50000,14000,784,10,baseline_fullinput_m1_L2,arc_cosine,2,1,1000,,0.952,32.64,2026-06-11T14:55:46.946798,"A — baseline (full, m=1)"
exp_width_depth_scenarios,MNIST,50000,50000,14000,784,10,baseline_fullinput_m1_L2,arc_cosine,2,1,1000,,0.9526,34.09,2026-06-11T14:56:23.224288,"A — baseline (full, m=1)"
exp_width_depth_scenarios,MNIST,50000,50000,14000,784,10,baseline_fullinput_m1_L3,arc_cosine,3,1,1000,,0.9494,42.28,2026-06-11T14:57:08.076821,"A — baseline (full, m=1)"
exp_width_depth_scenarios,MNIST,50000,50000,14000,784,10,baseline_fullinput_m1_L3,arc_cosine,3,1,1000,,0.9532,42.97,2026-06-11T14:57:53.620815,"A — baseline (full, m=1)"
exp_width_depth_scenarios,MNIST,50000,50000,14000,784,10,baseline_fullinput_m1_L3,arc_cosine,3,1,1000,,0.9529,43.51,2026-06-11T14:58:39.691489,"A — baseline (full, m=1)"
exp_width_depth_scenarios,MNIST,50000,50000,14000,784,10,input_subspace_sqrt_m1_L1,arc_cosine,1,1,1000,,0.6379,110.09,2026-06-11T15:00:30.964455,D-√d (input_subspace_sqrt)
exp_width_depth_scenarios,MNIST,50000,50000,14000,784,10,input_subspace_sqrt_m1_L1,arc_cosine,1,1,1000,,0.6411,129.24,2026-06-11T15:02:41.358058,D-√d (input_subspace_sqrt)
exp_width_depth_scenarios,MNIST,50000,50000,14000,784,10,input_subspace_sqrt_m1_L1,arc_cosine,1,1,1000,,0.7142,90.24,2026-06-11T15:04:12.792330,D-√d (input_subspace_sqrt)
exp_width_depth_scenarios,MNIST,50000,50000,14000,784,10,input_subspace_sqrt_m1_L2,arc_cosine,2,1,1000,,0.4234,156.54,2026-06-11T15:06:51.093844,D-√d (input_subspace_sqrt)
exp_width_depth_scenarios,MNIST,50000,50000,14000,784,10,input_subspace_sqrt_m1_L2,arc_cosine,2,1,1000,,0.4181,202.49,2026-06-11T15:10:15.455656,D-√d (input_subspace_sqrt)
exp_width_depth_scenarios,MNIST,50000,50000,14000,784,10,input_subspace_sqrt_m1_L2,arc_cosine,2,1,1000,,0.4951,153.82,2026-06-11T15:12:51.128898,D-√d (input_subspace_sqrt)
exp_width_depth_scenarios,MNIST,50000,50000,14000,784,10,input_subspace_sqrt_m1_L3,arc_cosine,3,1,1000,,0.3919,224.11,2026-06-11T15:16:37.613427,D-√d (input_subspace_sqrt)
exp_width_depth_scenarios,MNIST,50000,50000,14000,784,10,input_subspace_sqrt_m1_L3,arc_cosine,3,1,1000,,0.3806,259.77,2026-06-11T15:20:59.613344,D-√d (input_subspace_sqrt)
exp_width_depth_scenarios,MNIST,50000,50000,14000,784,10,input_subspace_sqrt_m1_L3,arc_cosine,3,1,1000,,0.4061,201.46,2026-06-11T15:24:23.269776,D-√d (input_subspace_sqrt)
exp_width_depth_scenarios,MNIST,50000,50000,14000,784,10,input_subspace_sqrt_m10_L1,arc_cosine,1,10,1000,,0.9139,102.9,2026-06-11T15:26:07.653952,D-√d (input_subspace_sqrt)
exp_width_depth_scenarios,MNIST,50000,50000,14000,784,10,input_subspace_sqrt_m10_L1,arc_cosine,1,10,1000,,0.921,93.63,2026-06-11T15:27:42.725180,D-√d (input_subspace_sqrt)
exp_width_depth_scenarios,MNIST,50000,50000,14000,784,10,input_subspace_sqrt_m10_L1,arc_cosine,1,10,1000,,0.9224,108.55,2026-06-11T15:29:33.065579,D-√d (input_subspace_sqrt)
exp_width_depth_scenarios,MNIST,50000,50000,14000,784,10,input_subspace_sqrt_m10_L2,arc_cosine,2,10,1000,,0.9029,183.72,2026-06-11T15:32:38.823589,D-√d (input_subspace_sqrt)
exp_width_depth_scenarios,MNIST,50000,50000,14000,784,10,input_subspace_sqrt_m10_L2,arc_cosine,2,10,1000,,0.9049,164.61,2026-06-11T15:35:25.399406,D-√d (input_subspace_sqrt)
exp_width_depth_scenarios,MNIST,50000,50000,14000,784,10,input_subspace_sqrt_m10_L2,arc_cosine,2,10,1000,,0.9115,174.23,2026-06-11T15:38:21.614865,D-√d (input_subspace_sqrt)
exp_width_depth_scenarios,MNIST,50000,50000,14000,784,10,input_subspace_sqrt_m10_L3,arc_cosine,3,10,1000,,0.8942,246.57,2026-06-11T15:42:30.621142,D-√d (input_subspace_sqrt)
exp_width_depth_scenarios,MNIST,50000,50000,14000,784,10,input_subspace_sqrt_m10_L3,arc_cosine,3,10,1000,,0.8984,228.77,2026-06-11T15:46:22.129142,D-√d (input_subspace_sqrt)
exp_width_depth_scenarios,MNIST,50000,50000,14000,784,10,input_subspace_sqrt_m10_L3,arc_cosine,3,10,1000,,0.9014,236.26,2026-06-11T15:50:21.033366,D-√d (input_subspace_sqrt)
exp_width_depth_scenarios,MNIST,50000,50000,14000,784,10,input_subspace_sqrt_m50_L1,arc_cosine,1,50,1000,,0.9386,101.1,2026-06-11T15:52:04.850834,D-√d (input_subspace_sqrt)
exp_width_depth_scenarios,MNIST,50000,50000,14000,784,10,input_subspace_sqrt_m50_L1,arc_cosine,1,50,1000,,0.9391,94.36,2026-06-11T15:53:41.698350,D-√d (input_subspace_sqrt)
exp_width_depth_scenarios,MNIST,50000,50000,14000,784,10,input_subspace_sqrt_m50_L1,arc_cosine,1,50,1000,,0.9419,91.77,2026-06-11T15:55:15.987304,D-√d (input_subspace_sqrt)
exp_width_depth_scenarios,MNIST,50000,50000,14000,784,10,input_subspace_sqrt_m50_L2,arc_cosine,2,50,1000,,0.9302,126.37,2026-06-11T15:57:26.044399,D-√d (input_subspace_sqrt)
exp_width_depth_scenarios,MNIST,50000,50000,14000,784,10,input_subspace_sqrt_m50_L2,arc_cosine,2,50,1000,,0.9344,127.38,2026-06-11T15:59:37.913295,D-√d (input_subspace_sqrt)
exp_width_depth_scenarios,MNIST,50000,50000,14000,784,10,input_subspace_sqrt_m50_L2,arc_cosine,2,50,1000,,0.9349,140.4,2026-06-11T16:02:03.740848,D-√d (input_subspace_sqrt)
exp_width_depth_scenarios,MNIST,50000,50000,14000,784,10,input_subspace_sqrt_m50_L3,arc_cosine,3,50,1000,,0.9252,181.26,2026-06-11T16:05:10.519228,D-√d (input_subspace_sqrt)
exp_width_depth_scenarios,MNIST,50000,50000,14000,784,10,input_subspace_sqrt_m50_L3,arc_cosine,3,50,1000,,0.9221,258.94,2026-06-11T16:09:37.732588,D-√d (input_subspace_sqrt)
exp_width_depth_scenarios,MNIST,50000,50000,14000,784,10,input_subspace_sqrt_m50_L3,arc_cosine,3,50,1000,,0.9234,259.46,2026-06-11T16:14:04.783605,D-√d (input_subspace_sqrt)
exp_width_depth_scenarios,MNIST,50000,50000,14000,784,10,input_subspace_dm_m1_L1,arc_cosine,1,1,1000,,0.9457,31.73,2026-06-11T16:14:39.764445,D-d/m (input_subspace_dm)
exp_width_depth_scenarios,MNIST,50000,50000,14000,784,10,input_subspace_dm_m1_L1,arc_cosine,1,1,1000,,0.9486,41.32,2026-06-11T16:15:24.825973,D-d/m (input_subspace_dm)
exp_width_depth_scenarios,MNIST,50000,50000,14000,784,10,input_subspace_dm_m1_L1,arc_cosine,1,1,1000,,0.9518,39.2,2026-06-11T16:16:08.161539,D-d/m (input_subspace_dm)
exp_width_depth_scenarios,MNIST,50000,50000,14000,784,10,input_subspace_dm_m1_L2,arc_cosine,2,1,1000,,0.9499,64.33,2026-06-11T16:17:17.453380,D-d/m (input_subspace_dm)
exp_width_depth_scenarios,MNIST,50000,50000,14000,784,10,input_subspace_dm_m1_L2,arc_cosine,2,1,1000,,0.9531,65.74,2026-06-11T16:18:27.642355,D-d/m (input_subspace_dm)
exp_width_depth_scenarios,MNIST,50000,50000,14000,784,10,input_subspace_dm_m1_L2,arc_cosine,2,1,1000,,0.953,63.42,2026-06-11T16:19:35.772324,D-d/m (input_subspace_dm)
exp_width_depth_scenarios,MNIST,50000,50000,14000,784,10,input_subspace_dm_m1_L3,arc_cosine,3,1,1000,,0.9503,84.89,2026-06-11T16:21:05.949006,D-d/m (input_subspace_dm)
exp_width_depth_scenarios,MNIST,50000,50000,14000,784,10,input_subspace_dm_m1_L3,arc_cosine,3,1,1000,,0.9529,90.88,2026-06-11T16:22:42.010166,D-d/m (input_subspace_dm)
exp_width_depth_scenarios,MNIST,50000,50000,14000,784,10,input_subspace_dm_m1_L3,arc_cosine,3,1,1000,,0.953,82.88,2026-06-11T16:24:09.984864,D-d/m (input_subspace_dm)
exp_width_depth_scenarios,MNIST,50000,50000,14000,784,10,input_subspace_dm_m10_L1,arc_cosine,1,10,1000,,0.9281,83.8,2026-06-11T16:25:36.930133,D-d/m (input_subspace_dm)
exp_width_depth_scenarios,MNIST,50000,50000,14000,784,10,input_subspace_dm_m10_L1,arc_cosine,1,10,1000,,0.9278,81.93,2026-06-11T16:27:01.808863,D-d/m (input_subspace_dm)
exp_width_depth_scenarios,MNIST,50000,50000,14000,784,10,input_subspace_dm_m10_L1,arc_cosine,1,10,1000,,0.9299,82.34,2026-06-11T16:28:26.951373,D-d/m (input_subspace_dm)
exp_width_depth_scenarios,MNIST,50000,50000,14000,784,10,input_subspace_dm_m10_L2,arc_cosine,2,10,1000,,0.9318,149.97,2026-06-11T16:30:59.885482,D-d/m (input_subspace_dm)
exp_width_depth_scenarios,MNIST,50000,50000,14000,784,10,input_subspace_dm_m10_L2,arc_cosine,2,10,1000,,0.9355,153.75,2026-06-11T16:33:37.111849,D-d/m (input_subspace_dm)
exp_width_depth_scenarios,MNIST,50000,50000,14000,784,10,input_subspace_dm_m10_L2,arc_cosine,2,10,1000,,0.9342,152.22,2026-06-11T16:36:12.701698,D-d/m (input_subspace_dm)
exp_width_depth_scenarios,MNIST,50000,50000,14000,784,10,input_subspace_dm_m10_L3,arc_cosine,3,10,1000,,0.9331,222.97,2026-06-11T16:40:02.653916,D-d/m (input_subspace_dm)
exp_width_depth_scenarios,MNIST,50000,50000,14000,784,10,input_subspace_dm_m10_L3,arc_cosine,3,10,1000,,0.9352,236.14,2026-06-11T16:44:03.369062,D-d/m (input_subspace_dm)
exp_width_depth_scenarios,MNIST,50000,50000,14000,784,10,input_subspace_dm_m10_L3,arc_cosine,3,10,1000,,0.9349,219.5,2026-06-11T16:47:46.974341,D-d/m (input_subspace_dm)
exp_width_depth_scenarios,MNIST,50000,50000,14000,784,10,input_subspace_dm_m50_L1,arc_cosine,1,50,1000,,0.9405,170.84,2026-06-11T16:50:40.921812,D-d/m (input_subspace_dm)
exp_width_depth_scenarios,MNIST,50000,50000,14000,784,10,input_subspace_dm_m50_L1,arc_cosine,1,50,1000,,0.9446,178.15,2026-06-11T16:53:42.636642,D-d/m (input_subspace_dm)
exp_width_depth_scenarios,MNIST,50000,50000,14000,784,10,input_subspace_dm_m50_L1,arc_cosine,1,50,1000,,0.9425,186.45,2026-06-11T16:56:52.329695,D-d/m (input_subspace_dm)
exp_width_depth_scenarios,MNIST,50000,50000,14000,784,10,input_subspace_dm_m50_L2,arc_cosine,2,50,1000,,0.9395,247.46,2026-06-11T17:01:04.430468,D-d/m (input_subspace_dm)
exp_width_depth_scenarios,MNIST,50000,50000,14000,784,10,input_subspace_dm_m50_L2,arc_cosine,2,50,1000,,0.9419,238.69,2026-06-11T17:05:05.939112,D-d/m (input_subspace_dm)
exp_width_depth_scenarios,MNIST,50000,50000,14000,784,10,input_subspace_dm_m50_L2,arc_cosine,2,50,1000,,0.942,124.64,2026-06-11T17:07:13.088123,D-d/m (input_subspace_dm)
exp_width_depth_scenarios,MNIST,50000,50000,14000,784,10,input_subspace_dm_m50_L3,arc_cosine,3,50,1000,,0.9344,158.48,2026-06-11T17:09:54.825191,D-d/m (input_subspace_dm)
exp_width_depth_scenarios,MNIST,50000,50000,14000,784,10,input_subspace_dm_m50_L3,arc_cosine,3,50,1000,,0.9361,157.8,2026-06-11T17:12:35.879892,D-d/m (input_subspace_dm)
exp_width_depth_scenarios,MNIST,50000,50000,14000,784,10,input_subspace_dm_m50_L3,arc_cosine,3,50,1000,,0.9365,159.48,2026-06-11T17:15:18.639780,D-d/m (input_subspace_dm)
exp_width_depth_scenarios,MNIST,50000,50000,14000,784,10,featpart_fulldata_m1_L1,arc_cosine,1,1,1000,,0.9456,18.63,2026-06-11T17:15:39.017117,B-Φ-P/m (featpart_fulldata)
exp_width_depth_scenarios,MNIST,50000,50000,14000,784,10,featpart_fulldata_m1_L1,arc_cosine,1,1,1000,,0.9484,18.95,2026-06-11T17:15:59.732839,B-Φ-P/m (featpart_fulldata)
exp_width_depth_scenarios,MNIST,50000,50000,14000,784,10,featpart_fulldata_m1_L1,arc_cosine,1,1,1000,,0.9483,19.5,2026-06-11T17:16:21.031042,B-Φ-P/m (featpart_fulldata)
exp_width_depth_scenarios,MNIST,50000,50000,14000,784,10,featpart_fulldata_m1_L2,arc_cosine,2,1,1000,,0.9484,31.26,2026-06-11T17:16:54.432657,B-Φ-P/m (featpart_fulldata)
exp_width_depth_scenarios,MNIST,50000,50000,14000,784,10,featpart_fulldata_m1_L2,arc_cosine,2,1,1000,,0.9516,32.76,2026-06-11T17:17:29.324411,B-Φ-P/m (featpart_fulldata)
exp_width_depth_scenarios,MNIST,50000,50000,14000,784,10,featpart_fulldata_m1_L2,arc_cosine,2,1,1000,,0.9526,33.34,2026-06-11T17:18:04.799009,B-Φ-P/m (featpart_fulldata)
exp_width_depth_scenarios,MNIST,50000,50000,14000,784,10,featpart_fulldata_m1_L3,arc_cosine,3,1,1000,,0.9491,40.71,2026-06-11T17:18:48.050136,B-Φ-P/m (featpart_fulldata)
exp_width_depth_scenarios,MNIST,50000,50000,14000,784,10,featpart_fulldata_m1_L3,arc_cosine,3,1,1000,,0.9522,42.23,2026-06-11T17:19:32.818211,B-Φ-P/m (featpart_fulldata)
exp_width_depth_scenarios,MNIST,50000,50000,14000,784,10,featpart_fulldata_m1_L3,arc_cosine,3,1,1000,,0.9529,43.25,2026-06-11T17:20:18.800061,B-Φ-P/m (featpart_fulldata)
exp_width_depth_scenarios,MNIST,50000,50000,14000,784,10,featpart_fulldata_m10_L1,arc_cosine,1,10,1000,,0.9091,32.45,2026-06-11T17:20:53.211367,B-Φ-P/m (featpart_fulldata)
exp_width_depth_scenarios,MNIST,50000,50000,14000,784,10,featpart_fulldata_m10_L1,arc_cosine,1,10,1000,,0.9084,35.93,2026-06-11T17:21:32.272843,B-Φ-P/m (featpart_fulldata)
exp_width_depth_scenarios,MNIST,50000,50000,14000,784,10,featpart_fulldata_m10_L1,arc_cosine,1,10,1000,,0.9128,45.9,2026-06-11T17:22:20.637396,B-Φ-P/m (featpart_fulldata)
exp_width_depth_scenarios,MNIST,50000,50000,14000,784,10,featpart_fulldata_m10_L2,arc_cosine,2,10,1000,,0.9226,64.21,2026-06-11T17:23:27.554375,B-Φ-P/m (featpart_fulldata)
exp_width_depth_scenarios,MNIST,50000,50000,14000,784,10,featpart_fulldata_m10_L2,arc_cosine,2,10,1000,,0.9236,62.52,2026-06-11T17:24:33.129099,B-Φ-P/m (featpart_fulldata)
exp_width_depth_scenarios,MNIST,50000,50000,14000,784,10,featpart_fulldata_m10_L2,arc_cosine,2,10,1000,,0.9276,63.48,2026-06-11T17:25:39.211812,B-Φ-P/m (featpart_fulldata)
exp_width_depth_scenarios,MNIST,50000,50000,14000,784,10,featpart_fulldata_m10_L3,arc_cosine,3,10,1000,,0.9268,87.03,2026-06-11T17:27:09.557004,B-Φ-P/m (featpart_fulldata)
exp_width_depth_scenarios,MNIST,50000,50000,14000,784,10,featpart_fulldata_m10_L3,arc_cosine,3,10,1000,,0.93,96.19,2026-06-11T17:28:48.965750,B-Φ-P/m (featpart_fulldata)
exp_width_depth_scenarios,MNIST,50000,50000,14000,784,10,featpart_fulldata_m10_L3,arc_cosine,3,10,1000,,0.9323,88.79,2026-06-11T17:30:21.073802,B-Φ-P/m (featpart_fulldata)
exp_width_depth_scenarios,MNIST,50000,50000,14000,784,10,featpart_fulldata_m50_L1,arc_cosine,1,50,1000,,0.9306,66.62,2026-06-11T17:31:30.618551,B-Φ-P/m (featpart_fulldata)
exp_width_depth_scenarios,MNIST,50000,50000,14000,784,10,featpart_fulldata_m50_L1,arc_cosine,1,50,1000,,0.9331,65.62,2026-06-11T17:32:38.862158,B-Φ-P/m (featpart_fulldata)
exp_width_depth_scenarios,MNIST,50000,50000,14000,784,10,featpart_fulldata_m50_L1,arc_cosine,1,50,1000,,0.935,62.08,2026-06-11T17:33:43.499822,B-Φ-P/m (featpart_fulldata)
exp_width_depth_scenarios,MNIST,50000,50000,14000,784,10,featpart_fulldata_m50_L2,arc_cosine,2,50,1000,,0.9247,82.04,2026-06-11T17:35:09.353314,B-Φ-P/m (featpart_fulldata)
exp_width_depth_scenarios,MNIST,50000,50000,14000,784,10,featpart_fulldata_m50_L2,arc_cosine,2,50,1000,,0.9248,81.93,2026-06-11T17:36:34.963480,B-Φ-P/m (featpart_fulldata)
exp_width_depth_scenarios,MNIST,50000,50000,14000,784,10,featpart_fulldata_m50_L2,arc_cosine,2,50,1000,,0.9279,75.08,2026-06-11T17:37:53.684671,B-Φ-P/m (featpart_fulldata)
exp_width_depth_scenarios,MNIST,50000,50000,14000,784,10,featpart_fulldata_m50_L3,arc_cosine,3,50,1000,,0.9196,98.0,2026-06-11T17:39:36.663013,B-Φ-P/m (featpart_fulldata)
exp_width_depth_scenarios,MNIST,50000,50000,14000,784,10,featpart_fulldata_m50_L3,arc_cosine,3,50,1000,,0.9216,98.62,2026-06-11T17:41:20.247685,B-Φ-P/m (featpart_fulldata)
exp_width_depth_scenarios,MNIST,50000,50000,14000,784,10,featpart_fulldata_m50_L3,arc_cosine,3,50,1000,,0.9201,98.88,2026-06-11T17:43:04.127780,B-Φ-P/m (featpart_fulldata)
exp_width_depth_scenarios,CoverType,1000,1000,20000,54,7,baseline_fullinput_m1_L1,arc_cosine,1,1,1000,,0.6681,1.19,2026-06-11T18:44:31.203637,"A — baseline (full, m=1)"
exp_width_depth_scenarios,CoverType,1000,1000,20000,54,7,baseline_fullinput_m1_L1,arc_cosine,1,1,1000,,0.6647,0.91,2026-06-11T18:44:32.333758,"A — baseline (full, m=1)"
exp_width_depth_scenarios,CoverType,1000,1000,20000,54,7,baseline_fullinput_m1_L1,arc_cosine,1,1,1000,,0.6632,1.12,2026-06-11T18:44:33.659379,"A — baseline (full, m=1)"
exp_width_depth_scenarios,CoverType,1000,1000,20000,54,7,baseline_fullinput_m1_L2,arc_cosine,2,1,1000,,0.6612,1.48,2026-06-11T18:44:35.499740,"A — baseline (full, m=1)"
exp_width_depth_scenarios,CoverType,1000,1000,20000,54,7,baseline_fullinput_m1_L2,arc_cosine,2,1,1000,,0.6554,0.99,2026-06-11T18:44:36.810658,"A — baseline (full, m=1)"
exp_width_depth_scenarios,CoverType,1000,1000,20000,54,7,baseline_fullinput_m1_L2,arc_cosine,2,1,1000,,0.6551,1.27,2026-06-11T18:44:38.393849,"A — baseline (full, m=1)"
exp_width_depth_scenarios,CoverType,1000,1000,20000,54,7,baseline_fullinput_m1_L3,arc_cosine,3,1,1000,,0.6607,1.5,2026-06-11T18:44:40.336337,"A — baseline (full, m=1)"
exp_width_depth_scenarios,CoverType,1000,1000,20000,54,7,baseline_fullinput_m1_L3,arc_cosine,3,1,1000,,0.6525,1.17,2026-06-11T18:44:41.947793,"A — baseline (full, m=1)"
exp_width_depth_scenarios,CoverType,1000,1000,20000,54,7,baseline_fullinput_m1_L3,arc_cosine,3,1,1000,,0.6509,1.47,2026-06-11T18:44:43.858680,"A — baseline (full, m=1)"
exp_width_depth_scenarios,CoverType,1000,1000,20000,54,7,input_subspace_sqrt_m1_L1,arc_cosine,1,1,1000,,0.5023,1.02,2026-06-11T18:44:45.054095,D-√d (input_subspace_sqrt)
exp_width_depth_scenarios,CoverType,1000,1000,20000,54,7,input_subspace_sqrt_m1_L1,arc_cosine,1,1,1000,,0.5004,1.02,2026-06-11T18:44:46.254462,D-√d (input_subspace_sqrt)
exp_width_depth_scenarios,CoverType,1000,1000,20000,54,7,input_subspace_sqrt_m1_L1,arc_cosine,1,1,1000,,0.4948,0.63,2026-06-11T18:44:47.060116,D-√d (input_subspace_sqrt)
exp_width_depth_scenarios,CoverType,1000,1000,20000,54,7,input_subspace_sqrt_m1_L2,arc_cosine,2,1,1000,,0.5053,1.62,2026-06-11T18:44:48.999447,D-√d (input_subspace_sqrt)
exp_width_depth_scenarios,CoverType,1000,1000,20000,54,7,input_subspace_sqrt_m1_L2,arc_cosine,2,1,1000,,0.4909,1.52,2026-06-11T18:44:50.864387,D-√d (input_subspace_sqrt)
exp_width_depth_scenarios,CoverType,1000,1000,20000,54,7,input_subspace_sqrt_m1_L2,arc_cosine,2,1,1000,,0.492,1.08,2026-06-11T18:44:52.273493,D-√d (input_subspace_sqrt)
exp_width_depth_scenarios,CoverType,1000,1000,20000,54,7,input_subspace_sqrt_m1_L3,arc_cosine,3,1,1000,,0.4937,1.96,2026-06-11T18:44:54.651660,D-√d (input_subspace_sqrt)
exp_width_depth_scenarios,CoverType,1000,1000,20000,54,7,input_subspace_sqrt_m1_L3,arc_cosine,3,1,1000,,0.4857,2.15,2026-06-11T18:44:57.241353,D-√d (input_subspace_sqrt)
exp_width_depth_scenarios,CoverType,1000,1000,20000,54,7,input_subspace_sqrt_m1_L3,arc_cosine,3,1,1000,,0.4913,1.46,2026-06-11T18:44:59.146514,D-√d (input_subspace_sqrt)
exp_width_depth_scenarios,CoverType,1000,1000,20000,54,7,input_subspace_sqrt_m10_L1,arc_cosine,1,10,1000,,0.6653,0.87,2026-06-11T18:45:00.195669,D-√d (input_subspace_sqrt)
exp_width_depth_scenarios,CoverType,1000,1000,20000,54,7,input_subspace_sqrt_m10_L1,arc_cosine,1,10,1000,,0.6735,1.38,2026-06-11T18:45:01.746811,D-√d (input_subspace_sqrt)
exp_width_depth_scenarios,CoverType,1000,1000,20000,54,7,input_subspace_sqrt_m10_L1,arc_cosine,1,10,1000,,0.6034,0.81,2026-06-11T18:45:02.725491,D-√d (input_subspace_sqrt)
exp_width_depth_scenarios,CoverType,1000,1000,20000,54,7,input_subspace_sqrt_m10_L2,arc_cosine,2,10,1000,,0.6452,1.69,2026-06-11T18:45:04.697708,D-√d (input_subspace_sqrt)
exp_width_depth_scenarios,CoverType,1000,1000,20000,54,7,input_subspace_sqrt_m10_L2,arc_cosine,2,10,1000,,0.6705,2.11,2026-06-11T18:45:07.100738,D-√d (input_subspace_sqrt)
exp_width_depth_scenarios,CoverType,1000,1000,20000,54,7,input_subspace_sqrt_m10_L2,arc_cosine,2,10,1000,,0.605,1.57,2026-06-11T18:45:08.977918,D-√d (input_subspace_sqrt)
exp_width_depth_scenarios,CoverType,1000,1000,20000,54,7,input_subspace_sqrt_m10_L3,arc_cosine,3,10,1000,,0.6385,2.11,2026-06-11T18:45:11.486765,D-√d (input_subspace_sqrt)
exp_width_depth_scenarios,CoverType,1000,1000,20000,54,7,input_subspace_sqrt_m10_L3,arc_cosine,3,10,1000,,0.6716,2.58,2026-06-11T18:45:14.469004,D-√d (input_subspace_sqrt)
exp_width_depth_scenarios,CoverType,1000,1000,20000,54,7,input_subspace_sqrt_m10_L3,arc_cosine,3,10,1000,,0.6082,2.2,2026-06-11T18:45:17.074418,D-√d (input_subspace_sqrt)
exp_width_depth_scenarios,CoverType,1000,1000,20000,54,7,input_subspace_sqrt_m50_L1,arc_cosine,1,50,1000,,0.6774,3.89,2026-06-11T18:45:21.190677,D-√d (input_subspace_sqrt)
exp_width_depth_scenarios,CoverType,1000,1000,20000,54,7,input_subspace_sqrt_m50_L1,arc_cosine,1,50,1000,,0.6786,4.19,2026-06-11T18:45:25.585936,D-√d (input_subspace_sqrt)
exp_width_depth_scenarios,CoverType,1000,1000,20000,54,7,input_subspace_sqrt_m50_L1,arc_cosine,1,50,1000,,0.6856,3.61,2026-06-11T18:45:29.415572,D-√d (input_subspace_sqrt)
exp_width_depth_scenarios,CoverType,1000,1000,20000,54,7,input_subspace_sqrt_m50_L2,arc_cosine,2,50,1000,,0.6712,4.61,2026-06-11T18:45:34.516031,D-√d (input_subspace_sqrt)
exp_width_depth_scenarios,CoverType,1000,1000,20000,54,7,input_subspace_sqrt_m50_L2,arc_cosine,2,50,1000,,0.6706,4.52,2026-06-11T18:45:39.502943,D-√d (input_subspace_sqrt)
exp_width_depth_scenarios,CoverType,1000,1000,20000,54,7,input_subspace_sqrt_m50_L2,arc_cosine,2,50,1000,,0.6682,3.93,2026-06-11T18:45:43.892001,D-√d (input_subspace_sqrt)
exp_width_depth_scenarios,CoverType,1000,1000,20000,54,7,input_subspace_sqrt_m50_L3,arc_cosine,3,50,1000,,0.6723,4.34,2026-06-11T18:45:49.696958,D-√d (input_subspace_sqrt)
exp_width_depth_scenarios,CoverType,1000,1000,20000,54,7,input_subspace_sqrt_m50_L3,arc_cosine,3,50,1000,,0.6783,5.0,2026-06-11T18:45:55.425937,D-√d (input_subspace_sqrt)
exp_width_depth_scenarios,CoverType,1000,1000,20000,54,7,input_subspace_sqrt_m50_L3,arc_cosine,3,50,1000,,0.6675,3.97,2026-06-11T18:46:00.169122,D-√d (input_subspace_sqrt)
exp_width_depth_scenarios,CoverType,1000,1000,20000,54,7,input_subspace_dm_m1_L1,arc_cosine,1,1,1000,,0.6742,1.4,2026-06-11T18:46:01.756790,D-d/m (input_subspace_dm)
exp_width_depth_scenarios,CoverType,1000,1000,20000,54,7,input_subspace_dm_m1_L1,arc_cosine,1,1,1000,,0.6661,0.8,2026-06-11T18:46:02.745396,D-d/m (input_subspace_dm)
exp_width_depth_scenarios,CoverType,1000,1000,20000,54,7,input_subspace_dm_m1_L1,arc_cosine,1,1,1000,,0.6588,0.99,2026-06-11T18:46:03.943297,D-d/m (input_subspace_dm)
exp_width_depth_scenarios,CoverType,1000,1000,20000,54,7,input_subspace_dm_m1_L2,arc_cosine,2,1,1000,,0.6682,1.66,2026-06-11T18:46:05.926667,D-d/m (input_subspace_dm)
exp_width_depth_scenarios,CoverType,1000,1000,20000,54,7,input_subspace_dm_m1_L2,arc_cosine,2,1,1000,,0.6574,1.03,2026-06-11T18:46:07.276815,D-d/m (input_subspace_dm)
exp_width_depth_scenarios,CoverType,1000,1000,20000,54,7,input_subspace_dm_m1_L2,arc_cosine,2,1,1000,,0.6528,1.22,2026-06-11T18:46:08.818099,D-d/m (input_subspace_dm)
exp_width_depth_scenarios,CoverType,1000,1000,20000,54,7,input_subspace_dm_m1_L3,arc_cosine,3,1,1000,,0.6655,1.86,2026-06-11T18:46:11.142666,D-d/m (input_subspace_dm)
exp_width_depth_scenarios,CoverType,1000,1000,20000,54,7,input_subspace_dm_m1_L3,arc_cosine,3,1,1000,,0.6569,1.25,2026-06-11T18:46:12.835947,D-d/m (input_subspace_dm)
exp_width_depth_scenarios,CoverType,1000,1000,20000,54,7,input_subspace_dm_m1_L3,arc_cosine,3,1,1000,,0.6512,1.46,2026-06-11T18:46:14.728114,D-d/m (input_subspace_dm)
exp_width_depth_scenarios,CoverType,1000,1000,20000,54,7,input_subspace_dm_m10_L1,arc_cosine,1,10,1000,,0.6772,0.73,2026-06-11T18:46:15.620646,D-d/m (input_subspace_dm)
exp_width_depth_scenarios,CoverType,1000,1000,20000,54,7,input_subspace_dm_m10_L1,arc_cosine,1,10,1000,,0.6829,0.76,2026-06-11T18:46:16.529699,D-d/m (input_subspace_dm)
exp_width_depth_scenarios,CoverType,1000,1000,20000,54,7,input_subspace_dm_m10_L1,arc_cosine,1,10,1000,,0.6813,0.56,2026-06-11T18:46:17.255470,D-d/m (input_subspace_dm)
exp_width_depth_scenarios,CoverType,1000,1000,20000,54,7,input_subspace_dm_m10_L2,arc_cosine,2,10,1000,,0.6711,1.58,2026-06-11T18:46:19.135075,D-d/m (input_subspace_dm)
exp_width_depth_scenarios,CoverType,1000,1000,20000,54,7,input_subspace_dm_m10_L2,arc_cosine,2,10,1000,,0.6849,1.58,2026-06-11T18:46:20.995647,D-d/m (input_subspace_dm)
exp_width_depth_scenarios,CoverType,1000,1000,20000,54,7,input_subspace_dm_m10_L2,arc_cosine,2,10,1000,,0.6715,1.23,2026-06-11T18:46:22.494551,D-d/m (input_subspace_dm)
exp_width_depth_scenarios,CoverType,1000,1000,20000,54,7,input_subspace_dm_m10_L3,arc_cosine,3,10,1000,,0.6611,2.1,2026-06-11T18:46:25.000011,D-d/m (input_subspace_dm)
exp_width_depth_scenarios,CoverType,1000,1000,20000,54,7,input_subspace_dm_m10_L3,arc_cosine,3,10,1000,,0.6748,2.23,2026-06-11T18:46:27.602954,D-d/m (input_subspace_dm)
exp_width_depth_scenarios,CoverType,1000,1000,20000,54,7,input_subspace_dm_m10_L3,arc_cosine,3,10,1000,,0.677,1.71,2026-06-11T18:46:29.691501,D-d/m (input_subspace_dm)
exp_width_depth_scenarios,CoverType,1000,1000,20000,54,7,input_subspace_dm_m50_L1,arc_cosine,1,50,1000,,0.6998,2.32,2026-06-11T18:46:32.231777,D-d/m (input_subspace_dm)
exp_width_depth_scenarios,CoverType,1000,1000,20000,54,7,input_subspace_dm_m50_L1,arc_cosine,1,50,1000,,0.6903,1.91,2026-06-11T18:46:34.355121,D-d/m (input_subspace_dm)
exp_width_depth_scenarios,CoverType,1000,1000,20000,54,7,input_subspace_dm_m50_L1,arc_cosine,1,50,1000,,0.6915,2.21,2026-06-11T18:46:36.794800,D-d/m (input_subspace_dm)
exp_width_depth_scenarios,CoverType,1000,1000,20000,54,7,input_subspace_dm_m50_L2,arc_cosine,2,50,1000,,0.673,3.87,2026-06-11T18:46:41.045273,D-d/m (input_subspace_dm)
exp_width_depth_scenarios,CoverType,1000,1000,20000,54,7,input_subspace_dm_m50_L2,arc_cosine,2,50,1000,,0.6815,3.9,2026-06-11T18:46:45.332781,D-d/m (input_subspace_dm)
exp_width_depth_scenarios,CoverType,1000,1000,20000,54,7,input_subspace_dm_m50_L2,arc_cosine,2,50,1000,,0.6585,4.13,2026-06-11T18:46:49.836344,D-d/m (input_subspace_dm)
exp_width_depth_scenarios,CoverType,1000,1000,20000,54,7,input_subspace_dm_m50_L3,arc_cosine,3,50,1000,,0.6621,4.12,2026-06-11T18:46:54.503377,D-d/m (input_subspace_dm)
exp_width_depth_scenarios,CoverType,1000,1000,20000,54,7,input_subspace_dm_m50_L3,arc_cosine,3,50,1000,,0.6707,4.16,2026-06-11T18:46:59.218119,D-d/m (input_subspace_dm)
exp_width_depth_scenarios,CoverType,1000,1000,20000,54,7,input_subspace_dm_m50_L3,arc_cosine,3,50,1000,,0.6601,4.61,2026-06-11T18:47:04.432031,D-d/m (input_subspace_dm)
exp_width_depth_scenarios,CoverType,1000,1000,20000,54,7,featpart_fulldata_m1_L1,arc_cosine,1,1,1000,,0.6681,1.21,2026-06-11T18:47:05.822634,B-Φ-P/m (featpart_fulldata)
exp_width_depth_scenarios,CoverType,1000,1000,20000,54,7,featpart_fulldata_m1_L1,arc_cosine,1,1,1000,,0.6647,0.81,2026-06-11T18:47:06.812213,B-Φ-P/m (featpart_fulldata)
exp_width_depth_scenarios,CoverType,1000,1000,20000,54,7,featpart_fulldata_m1_L1,arc_cosine,1,1,1000,,0.6632,1.09,2026-06-11T18:47:08.085279,B-Φ-P/m (featpart_fulldata)
exp_width_depth_scenarios,CoverType,1000,1000,20000,54,7,featpart_fulldata_m1_L2,arc_cosine,2,1,1000,,0.6624,1.4,2026-06-11T18:47:09.805770,B-Φ-P/m (featpart_fulldata)
exp_width_depth_scenarios,CoverType,1000,1000,20000,54,7,featpart_fulldata_m1_L2,arc_cosine,2,1,1000,,0.6577,1.02,2026-06-11T18:47:11.139306,B-Φ-P/m (featpart_fulldata)
exp_width_depth_scenarios,CoverType,1000,1000,20000,54,7,featpart_fulldata_m1_L2,arc_cosine,2,1,1000,,0.6543,1.31,2026-06-11T18:47:12.745545,B-Φ-P/m (featpart_fulldata)
exp_width_depth_scenarios,CoverType,1000,1000,20000,54,7,featpart_fulldata_m1_L3,arc_cosine,3,1,1000,,0.6595,1.6,2026-06-11T18:47:14.776819,B-Φ-P/m (featpart_fulldata)
exp_width_depth_scenarios,CoverType,1000,1000,20000,54,7,featpart_fulldata_m1_L3,arc_cosine,3,1,1000,,0.6566,1.18,2026-06-11T18:47:16.401279,B-Φ-P/m (featpart_fulldata)
exp_width_depth_scenarios,CoverType,1000,1000,20000,54,7,featpart_fulldata_m1_L3,arc_cosine,3,1,1000,,0.6475,1.52,2026-06-11T18:47:18.369453,B-Φ-P/m (featpart_fulldata)
exp_width_depth_scenarios,CoverType,1000,1000,20000,54,7,featpart_fulldata_m10_L1,arc_cosine,1,10,1000,,0.6831,0.62,2026-06-11T18:47:19.200226,B-Φ-P/m (featpart_fulldata)
exp_width_depth_scenarios,CoverType,1000,1000,20000,54,7,featpart_fulldata_m10_L1,arc_cosine,1,10,1000,,0.6811,0.62,2026-06-11T18:47:20.017742,B-Φ-P/m (featpart_fulldata)
exp_width_depth_scenarios,CoverType,1000,1000,20000,54,7,featpart_fulldata_m10_L1,arc_cosine,1,10,1000,,0.6766,0.59,2026-06-11T18:47:20.802608,B-Φ-P/m (featpart_fulldata)
exp_width_depth_scenarios,CoverType,1000,1000,20000,54,7,featpart_fulldata_m10_L2,arc_cosine,2,10,1000,,0.6895,0.94,2026-06-11T18:47:22.094575,B-Φ-P/m (featpart_fulldata)
exp_width_depth_scenarios,CoverType,1000,1000,20000,54,7,featpart_fulldata_m10_L2,arc_cosine,2,10,1000,,0.6815,0.87,2026-06-11T18:47:23.328148,B-Φ-P/m (featpart_fulldata)
exp_width_depth_scenarios,CoverType,1000,1000,20000,54,7,featpart_fulldata_m10_L2,arc_cosine,2,10,1000,,0.6724,0.93,2026-06-11T18:47:24.577993,B-Φ-P/m (featpart_fulldata)
exp_width_depth_scenarios,CoverType,1000,1000,20000,54,7,featpart_fulldata_m10_L3,arc_cosine,3,10,1000,,0.6824,1.13,2026-06-11T18:47:26.201184,B-Φ-P/m (featpart_fulldata)
exp_width_depth_scenarios,CoverType,1000,1000,20000,54,7,featpart_fulldata_m10_L3,arc_cosine,3,10,1000,,0.6744,1.11,2026-06-11T18:47:27.787869,B-Φ-P/m (featpart_fulldata)
exp_width_depth_scenarios,CoverType,1000,1000,20000,54,7,featpart_fulldata_m10_L3,arc_cosine,3,10,1000,,0.6726,1.17,2026-06-11T18:47:29.454190,B-Φ-P/m (featpart_fulldata)
exp_width_depth_scenarios,CoverType,1000,1000,20000,54,7,featpart_fulldata_m50_L1,arc_cosine,1,50,1000,,0.6704,3.55,2026-06-11T18:47:33.280428,B-Φ-P/m (featpart_fulldata)
exp_width_depth_scenarios,CoverType,1000,1000,20000,54,7,featpart_fulldata_m50_L1,arc_cosine,1,50,1000,,0.6654,3.38,2026-06-11T18:47:36.929534,B-Φ-P/m (featpart_fulldata)
exp_width_depth_scenarios,CoverType,1000,1000,20000,54,7,featpart_fulldata_m50_L1,arc_cosine,1,50,1000,,0.6635,3.52,2026-06-11T18:47:40.753642,B-Φ-P/m (featpart_fulldata)
exp_width_depth_scenarios,CoverType,1000,1000,20000,54,7,featpart_fulldata_m50_L2,arc_cosine,2,50,1000,,0.6707,3.45,2026-06-11T18:47:44.785483,B-Φ-P/m (featpart_fulldata)
exp_width_depth_scenarios,CoverType,1000,1000,20000,54,7,featpart_fulldata_m50_L2,arc_cosine,2,50,1000,,0.6589,3.78,2026-06-11T18:47:49.144721,B-Φ-P/m (featpart_fulldata)
exp_width_depth_scenarios,CoverType,1000,1000,20000,54,7,featpart_fulldata_m50_L2,arc_cosine,2,50,1000,,0.6574,3.14,2026-06-11T18:47:52.801838,B-Φ-P/m (featpart_fulldata)
exp_width_depth_scenarios,CoverType,1000,1000,20000,54,7,featpart_fulldata_m50_L3,arc_cosine,3,50,1000,,0.6649,3.59,2026-06-11T18:47:57.203824,B-Φ-P/m (featpart_fulldata)
exp_width_depth_scenarios,CoverType,1000,1000,20000,54,7,featpart_fulldata_m50_L3,arc_cosine,3,50,1000,,0.6533,3.44,2026-06-11T18:48:01.445702,B-Φ-P/m (featpart_fulldata)
exp_width_depth_scenarios,CoverType,1000,1000,20000,54,7,featpart_fulldata_m50_L3,arc_cosine,3,50,1000,,0.656,3.44,2026-06-11T18:48:05.692757,B-Φ-P/m (featpart_fulldata)
exp_width_depth_scenarios,CoverType,5000,5000,20000,54,7,baseline_fullinput_m1_L1,arc_cosine,1,1,1000,,0.7435,7.07,2026-06-11T18:48:12.974207,"A — baseline (full, m=1)"
exp_width_depth_scenarios,CoverType,5000,5000,20000,54,7,baseline_fullinput_m1_L1,arc_cosine,1,1,1000,,0.7408,5.74,2026-06-11T18:48:18.928271,"A — baseline (full, m=1)"
exp_width_depth_scenarios,CoverType,5000,5000,20000,54,7,baseline_fullinput_m1_L1,arc_cosine,1,1,1000,,0.7357,7.93,2026-06-11T18:48:27.076468,"A — baseline (full, m=1)"
exp_width_depth_scenarios,CoverType,5000,5000,20000,54,7,baseline_fullinput_m1_L2,arc_cosine,2,1,1000,,0.7445,9.29,2026-06-11T18:48:36.724231,"A — baseline (full, m=1)"
exp_width_depth_scenarios,CoverType,5000,5000,20000,54,7,baseline_fullinput_m1_L2,arc_cosine,2,1,1000,,0.7418,8.07,2026-06-11T18:48:45.192675,"A — baseline (full, m=1)"
exp_width_depth_scenarios,CoverType,5000,5000,20000,54,7,baseline_fullinput_m1_L2,arc_cosine,2,1,1000,,0.7357,9.88,2026-06-11T18:48:55.433094,"A — baseline (full, m=1)"
exp_width_depth_scenarios,CoverType,5000,5000,20000,54,7,baseline_fullinput_m1_L3,arc_cosine,3,1,1000,,0.7417,11.14,2026-06-11T18:49:07.099050,"A — baseline (full, m=1)"
exp_width_depth_scenarios,CoverType,5000,5000,20000,54,7,baseline_fullinput_m1_L3,arc_cosine,3,1,1000,,0.7399,10.11,2026-06-11T18:49:17.711252,"A — baseline (full, m=1)"
exp_width_depth_scenarios,CoverType,5000,5000,20000,54,7,baseline_fullinput_m1_L3,arc_cosine,3,1,1000,,0.7347,12.08,2026-06-11T18:49:30.321289,"A — baseline (full, m=1)"
exp_width_depth_scenarios,CoverType,5000,5000,20000,54,7,input_subspace_sqrt_m1_L1,arc_cosine,1,1,1000,,0.5236,6.74,2026-06-11T18:49:37.264170,D-√d (input_subspace_sqrt)
exp_width_depth_scenarios,CoverType,5000,5000,20000,54,7,input_subspace_sqrt_m1_L1,arc_cosine,1,1,1000,,0.5018,8.25,2026-06-11T18:49:45.712074,D-√d (input_subspace_sqrt)
exp_width_depth_scenarios,CoverType,5000,5000,20000,54,7,input_subspace_sqrt_m1_L1,arc_cosine,1,1,1000,,0.5042,3.62,2026-06-11T18:49:49.527709,D-√d (input_subspace_sqrt)
exp_width_depth_scenarios,CoverType,5000,5000,20000,54,7,input_subspace_sqrt_m1_L2,arc_cosine,2,1,1000,,0.5262,10.04,2026-06-11T18:49:59.933490,D-√d (input_subspace_sqrt)
exp_width_depth_scenarios,CoverType,5000,5000,20000,54,7,input_subspace_sqrt_m1_L2,arc_cosine,2,1,1000,,0.4847,12.89,2026-06-11T18:50:13.195538,D-√d (input_subspace_sqrt)
exp_width_depth_scenarios,CoverType,5000,5000,20000,54,7,input_subspace_sqrt_m1_L2,arc_cosine,2,1,1000,,0.504,6.65,2026-06-11T18:50:20.210940,D-√d (input_subspace_sqrt)
exp_width_depth_scenarios,CoverType,5000,5000,20000,54,7,input_subspace_sqrt_m1_L3,arc_cosine,3,1,1000,,0.5135,14.62,2026-06-11T18:50:35.387981,D-√d (input_subspace_sqrt)
exp_width_depth_scenarios,CoverType,5000,5000,20000,54,7,input_subspace_sqrt_m1_L3,arc_cosine,3,1,1000,,0.4854,17.75,2026-06-11T18:50:53.708907,D-√d (input_subspace_sqrt)
exp_width_depth_scenarios,CoverType,5000,5000,20000,54,7,input_subspace_sqrt_m1_L3,arc_cosine,3,1,1000,,0.5069,10.83,2026-06-11T18:51:05.129627,D-√d (input_subspace_sqrt)
exp_width_depth_scenarios,CoverType,5000,5000,20000,54,7,input_subspace_sqrt_m10_L1,arc_cosine,1,10,1000,,0.7048,4.8,2026-06-11T18:51:10.131285,D-√d (input_subspace_sqrt)
exp_width_depth_scenarios,CoverType,5000,5000,20000,54,7,input_subspace_sqrt_m10_L1,arc_cosine,1,10,1000,,0.7147,5.7,2026-06-11T18:51:16.027226,D-√d (input_subspace_sqrt)
exp_width_depth_scenarios,CoverType,5000,5000,20000,54,7,input_subspace_sqrt_m10_L1,arc_cosine,1,10,1000,,0.6543,5.42,2026-06-11T18:51:21.639485,D-√d (input_subspace_sqrt)
exp_width_depth_scenarios,CoverType,5000,5000,20000,54,7,input_subspace_sqrt_m10_L2,arc_cosine,2,10,1000,,0.7083,9.27,2026-06-11T18:51:31.253898,D-√d (input_subspace_sqrt)
exp_width_depth_scenarios,CoverType,5000,5000,20000,54,7,input_subspace_sqrt_m10_L2,arc_cosine,2,10,1000,,0.7178,9.98,2026-06-11T18:51:41.560371,D-√d (input_subspace_sqrt)
exp_width_depth_scenarios,CoverType,5000,5000,20000,54,7,input_subspace_sqrt_m10_L2,arc_cosine,2,10,1000,,0.6672,10.46,2026-06-11T18:51:52.370477,D-√d (input_subspace_sqrt)
exp_width_depth_scenarios,CoverType,5000,5000,20000,54,7,input_subspace_sqrt_m10_L3,arc_cosine,3,10,1000,,0.7117,12.21,2026-06-11T18:52:05.087520,D-√d (input_subspace_sqrt)
exp_width_depth_scenarios,CoverType,5000,5000,20000,54,7,input_subspace_sqrt_m10_L3,arc_cosine,3,10,1000,,0.7217,12.45,2026-06-11T18:52:18.040590,D-√d (input_subspace_sqrt)
exp_width_depth_scenarios,CoverType,5000,5000,20000,54,7,input_subspace_sqrt_m10_L3,arc_cosine,3,10,1000,,0.6741,13.99,2026-06-11T18:52:32.513714,D-√d (input_subspace_sqrt)
exp_width_depth_scenarios,CoverType,5000,5000,20000,54,7,input_subspace_sqrt_m50_L1,arc_cosine,1,50,1000,,0.7345,16.7,2026-06-11T18:52:49.473553,D-√d (input_subspace_sqrt)
exp_width_depth_scenarios,CoverType,5000,5000,20000,54,7,input_subspace_sqrt_m50_L1,arc_cosine,1,50,1000,,0.732,21.6,2026-06-11T18:53:11.335949,D-√d (input_subspace_sqrt)
exp_width_depth_scenarios,CoverType,5000,5000,20000,54,7,input_subspace_sqrt_m50_L1,arc_cosine,1,50,1000,,0.743,21.01,2026-06-11T18:53:32.598771,D-√d (input_subspace_sqrt)
exp_width_depth_scenarios,CoverType,5000,5000,20000,54,7,input_subspace_sqrt_m50_L2,arc_cosine,2,50,1000,,0.7346,22.19,2026-06-11T18:53:55.384669,D-√d (input_subspace_sqrt)
exp_width_depth_scenarios,CoverType,5000,5000,20000,54,7,input_subspace_sqrt_m50_L2,arc_cosine,2,50,1000,,0.7296,23.76,2026-06-11T18:54:19.774861,D-√d (input_subspace_sqrt)
exp_width_depth_scenarios,CoverType,5000,5000,20000,54,7,input_subspace_sqrt_m50_L2,arc_cosine,2,50,1000,,0.7437,22.04,2026-06-11T18:54:42.399432,D-√d (input_subspace_sqrt)
exp_width_depth_scenarios,CoverType,5000,5000,20000,54,7,input_subspace_sqrt_m50_L3,arc_cosine,3,50,1000,,0.7408,20.5,2026-06-11T18:55:03.821441,D-√d (input_subspace_sqrt)
exp_width_depth_scenarios,CoverType,5000,5000,20000,54,7,input_subspace_sqrt_m50_L3,arc_cosine,3,50,1000,,0.7331,19.03,2026-06-11T18:55:23.815322,D-√d (input_subspace_sqrt)
exp_width_depth_scenarios,CoverType,5000,5000,20000,54,7,input_subspace_sqrt_m50_L3,arc_cosine,3,50,1000,,0.7412,21.17,2026-06-11T18:55:45.889375,D-√d (input_subspace_sqrt)
exp_width_depth_scenarios,CoverType,5000,5000,20000,54,7,input_subspace_dm_m1_L1,arc_cosine,1,1,1000,,0.743,9.09,2026-06-11T18:55:55.221910,D-d/m (input_subspace_dm)
exp_width_depth_scenarios,CoverType,5000,5000,20000,54,7,input_subspace_dm_m1_L1,arc_cosine,1,1,1000,,0.7388,7.88,2026-06-11T18:56:03.330555,D-d/m (input_subspace_dm)
exp_width_depth_scenarios,CoverType,5000,5000,20000,54,7,input_subspace_dm_m1_L1,arc_cosine,1,1,1000,,0.7408,8.01,2026-06-11T18:56:11.549343,D-d/m (input_subspace_dm)
exp_width_depth_scenarios,CoverType,5000,5000,20000,54,7,input_subspace_dm_m1_L2,arc_cosine,2,1,1000,,0.7375,10.97,2026-06-11T18:56:22.913679,D-d/m (input_subspace_dm)
exp_width_depth_scenarios,CoverType,5000,5000,20000,54,7,input_subspace_dm_m1_L2,arc_cosine,2,1,1000,,0.7376,10.16,2026-06-11T18:56:33.464784,D-d/m (input_subspace_dm)
exp_width_depth_scenarios,CoverType,5000,5000,20000,54,7,input_subspace_dm_m1_L2,arc_cosine,2,1,1000,,0.7382,10.42,2026-06-11T18:56:44.283268,D-d/m (input_subspace_dm)
exp_width_depth_scenarios,CoverType,5000,5000,20000,54,7,input_subspace_dm_m1_L3,arc_cosine,3,1,1000,,0.7387,13.09,2026-06-11T18:56:57.927405,D-d/m (input_subspace_dm)
exp_width_depth_scenarios,CoverType,5000,5000,20000,54,7,input_subspace_dm_m1_L3,arc_cosine,3,1,1000,,0.7338,12.09,2026-06-11T18:57:10.578269,D-d/m (input_subspace_dm)
exp_width_depth_scenarios,CoverType,5000,5000,20000,54,7,input_subspace_dm_m1_L3,arc_cosine,3,1,1000,,0.735,12.42,2026-06-11T18:57:23.557883,D-d/m (input_subspace_dm)
exp_width_depth_scenarios,CoverType,5000,5000,20000,54,7,input_subspace_dm_m10_L1,arc_cosine,1,10,1000,,0.7153,3.79,2026-06-11T18:57:27.542626,D-d/m (input_subspace_dm)
exp_width_depth_scenarios,CoverType,5000,5000,20000,54,7,input_subspace_dm_m10_L1,arc_cosine,1,10,1000,,0.7199,3.82,2026-06-11T18:57:31.540234,D-d/m (input_subspace_dm)
exp_width_depth_scenarios,CoverType,5000,5000,20000,54,7,input_subspace_dm_m10_L1,arc_cosine,1,10,1000,,0.7187,3.71,2026-06-11T18:57:35.446540,D-d/m (input_subspace_dm)
exp_width_depth_scenarios,CoverType,5000,5000,20000,54,7,input_subspace_dm_m10_L2,arc_cosine,2,10,1000,,0.7315,8.7,2026-06-11T18:57:44.477876,D-d/m (input_subspace_dm)
exp_width_depth_scenarios,CoverType,5000,5000,20000,54,7,input_subspace_dm_m10_L2,arc_cosine,2,10,1000,,0.7249,9.06,2026-06-11T18:57:53.943232,D-d/m (input_subspace_dm)
exp_width_depth_scenarios,CoverType,5000,5000,20000,54,7,input_subspace_dm_m10_L2,arc_cosine,2,10,1000,,0.7309,8.16,2026-06-11T18:58:02.435592,D-d/m (input_subspace_dm)
exp_width_depth_scenarios,CoverType,5000,5000,20000,54,7,input_subspace_dm_m10_L3,arc_cosine,3,10,1000,,0.7387,11.46,2026-06-11T18:58:14.385642,D-d/m (input_subspace_dm)
exp_width_depth_scenarios,CoverType,5000,5000,20000,54,7,input_subspace_dm_m10_L3,arc_cosine,3,10,1000,,0.7296,12.19,2026-06-11T18:58:27.073677,D-d/m (input_subspace_dm)
exp_width_depth_scenarios,CoverType,5000,5000,20000,54,7,input_subspace_dm_m10_L3,arc_cosine,3,10,1000,,0.7348,11.14,2026-06-11T18:58:38.681778,D-d/m (input_subspace_dm)
exp_width_depth_scenarios,CoverType,5000,5000,20000,54,7,input_subspace_dm_m50_L1,arc_cosine,1,50,1000,,0.7137,7.14,2026-06-11T18:58:46.096366,D-d/m (input_subspace_dm)
exp_width_depth_scenarios,CoverType,5000,5000,20000,54,7,input_subspace_dm_m50_L1,arc_cosine,1,50,1000,,0.7087,7.42,2026-06-11T18:58:53.773982,D-d/m (input_subspace_dm)
exp_width_depth_scenarios,CoverType,5000,5000,20000,54,7,input_subspace_dm_m50_L1,arc_cosine,1,50,1000,,0.7181,9.34,2026-06-11T18:59:03.373060,D-d/m (input_subspace_dm)
exp_width_depth_scenarios,CoverType,5000,5000,20000,54,7,input_subspace_dm_m50_L2,arc_cosine,2,50,1000,,0.7278,20.09,2026-06-11T18:59:23.978100,D-d/m (input_subspace_dm)
exp_width_depth_scenarios,CoverType,5000,5000,20000,54,7,input_subspace_dm_m50_L2,arc_cosine,2,50,1000,,0.7259,22.79,2026-06-11T18:59:47.255237,D-d/m (input_subspace_dm)
exp_width_depth_scenarios,CoverType,5000,5000,20000,54,7,input_subspace_dm_m50_L2,arc_cosine,2,50,1000,,0.7305,22.51,2026-06-11T19:00:10.356355,D-d/m (input_subspace_dm)
exp_width_depth_scenarios,CoverType,5000,5000,20000,54,7,input_subspace_dm_m50_L3,arc_cosine,3,50,1000,,0.7341,23.06,2026-06-11T19:00:34.129387,D-d/m (input_subspace_dm)
exp_width_depth_scenarios,CoverType,5000,5000,20000,54,7,input_subspace_dm_m50_L3,arc_cosine,3,50,1000,,0.7329,22.65,2026-06-11T19:00:57.476814,D-d/m (input_subspace_dm)
exp_width_depth_scenarios,CoverType,5000,5000,20000,54,7,input_subspace_dm_m50_L3,arc_cosine,3,50,1000,,0.7383,21.59,2026-06-11T19:01:19.745564,D-d/m (input_subspace_dm)
exp_width_depth_scenarios,CoverType,5000,5000,20000,54,7,featpart_fulldata_m1_L1,arc_cosine,1,1,1000,,0.7435,7.35,2026-06-11T19:01:27.328512,B-Φ-P/m (featpart_fulldata)
exp_width_depth_scenarios,CoverType,5000,5000,20000,54,7,featpart_fulldata_m1_L1,arc_cosine,1,1,1000,,0.7408,5.89,2026-06-11T19:01:33.436496,B-Φ-P/m (featpart_fulldata)
exp_width_depth_scenarios,CoverType,5000,5000,20000,54,7,featpart_fulldata_m1_L1,arc_cosine,1,1,1000,,0.7357,8.13,2026-06-11T19:01:41.793343,B-Φ-P/m (featpart_fulldata)
exp_width_depth_scenarios,CoverType,5000,5000,20000,54,7,featpart_fulldata_m1_L2,arc_cosine,2,1,1000,,0.745,9.67,2026-06-11T19:01:51.862940,B-Φ-P/m (featpart_fulldata)
exp_width_depth_scenarios,CoverType,5000,5000,20000,54,7,featpart_fulldata_m1_L2,arc_cosine,2,1,1000,,0.7387,8.19,2026-06-11T19:02:00.443449,B-Φ-P/m (featpart_fulldata)
exp_width_depth_scenarios,CoverType,5000,5000,20000,54,7,featpart_fulldata_m1_L2,arc_cosine,2,1,1000,,0.736,10.93,2026-06-11T19:02:11.761779,B-Φ-P/m (featpart_fulldata)
exp_width_depth_scenarios,CoverType,5000,5000,20000,54,7,featpart_fulldata_m1_L3,arc_cosine,3,1,1000,,0.743,11.99,2026-06-11T19:02:24.342901,B-Φ-P/m (featpart_fulldata)
exp_width_depth_scenarios,CoverType,5000,5000,20000,54,7,featpart_fulldata_m1_L3,arc_cosine,3,1,1000,,0.7387,10.39,2026-06-11T19:02:35.298822,B-Φ-P/m (featpart_fulldata)
exp_width_depth_scenarios,CoverType,5000,5000,20000,54,7,featpart_fulldata_m1_L3,arc_cosine,3,1,1000,,0.7338,13.03,2026-06-11T19:02:48.873829,B-Φ-P/m (featpart_fulldata)
exp_width_depth_scenarios,CoverType,5000,5000,20000,54,7,featpart_fulldata_m10_L1,arc_cosine,1,10,1000,,0.7288,2.74,2026-06-11T19:02:51.860050,B-Φ-P/m (featpart_fulldata)
exp_width_depth_scenarios,CoverType,5000,5000,20000,54,7,featpart_fulldata_m10_L1,arc_cosine,1,10,1000,,0.727,2.76,2026-06-11T19:02:54.862598,B-Φ-P/m (featpart_fulldata)
exp_width_depth_scenarios,CoverType,5000,5000,20000,54,7,featpart_fulldata_m10_L1,arc_cosine,1,10,1000,,0.7292,2.79,2026-06-11T19:02:57.908947,B-Φ-P/m (featpart_fulldata)
exp_width_depth_scenarios,CoverType,5000,5000,20000,54,7,featpart_fulldata_m10_L2,arc_cosine,2,10,1000,,0.7387,4.11,2026-06-11T19:03:02.457598,B-Φ-P/m (featpart_fulldata)
exp_width_depth_scenarios,CoverType,5000,5000,20000,54,7,featpart_fulldata_m10_L2,arc_cosine,2,10,1000,,0.7372,4.13,2026-06-11T19:03:07.025197,B-Φ-P/m (featpart_fulldata)
exp_width_depth_scenarios,CoverType,5000,5000,20000,54,7,featpart_fulldata_m10_L2,arc_cosine,2,10,1000,,0.7338,4.17,2026-06-11T19:03:11.618107,B-Φ-P/m (featpart_fulldata)
exp_width_depth_scenarios,CoverType,5000,5000,20000,54,7,featpart_fulldata_m10_L3,arc_cosine,3,10,1000,,0.74,5.42,2026-06-11T19:03:17.660002,B-Φ-P/m (featpart_fulldata)
exp_width_depth_scenarios,CoverType,5000,5000,20000,54,7,featpart_fulldata_m10_L3,arc_cosine,3,10,1000,,0.7384,5.42,2026-06-11T19:03:23.740091,B-Φ-P/m (featpart_fulldata)
exp_width_depth_scenarios,CoverType,5000,5000,20000,54,7,featpart_fulldata_m10_L3,arc_cosine,3,10,1000,,0.7387,5.61,2026-06-11T19:03:29.978971,B-Φ-P/m (featpart_fulldata)
exp_width_depth_scenarios,CoverType,5000,5000,20000,54,7,featpart_fulldata_m50_L1,arc_cosine,1,50,1000,,0.7335,18.16,2026-06-11T19:03:48.485894,B-Φ-P/m (featpart_fulldata)
exp_width_depth_scenarios,CoverType,5000,5000,20000,54,7,featpart_fulldata_m50_L1,arc_cosine,1,50,1000,,0.7321,15.94,2026-06-11T19:04:04.759319,B-Φ-P/m (featpart_fulldata)
exp_width_depth_scenarios,CoverType,5000,5000,20000,54,7,featpart_fulldata_m50_L1,arc_cosine,1,50,1000,,0.732,18.15,2026-06-11T19:04:23.278756,B-Φ-P/m (featpart_fulldata)
exp_width_depth_scenarios,CoverType,5000,5000,20000,54,7,featpart_fulldata_m50_L2,arc_cosine,2,50,1000,,0.7329,12.35,2026-06-11T19:04:36.394334,B-Φ-P/m (featpart_fulldata)
exp_width_depth_scenarios,CoverType,5000,5000,20000,54,7,featpart_fulldata_m50_L2,arc_cosine,2,50,1000,,0.7355,18.7,2026-06-11T19:04:55.836300,B-Φ-P/m (featpart_fulldata)
exp_width_depth_scenarios,CoverType,5000,5000,20000,54,7,featpart_fulldata_m50_L2,arc_cosine,2,50,1000,,0.7358,10.29,2026-06-11T19:05:06.928282,B-Φ-P/m (featpart_fulldata)
exp_width_depth_scenarios,CoverType,5000,5000,20000,54,7,featpart_fulldata_m50_L3,arc_cosine,3,50,1000,,0.7318,12.54,2026-06-11T19:05:20.630981,B-Φ-P/m (featpart_fulldata)
exp_width_depth_scenarios,CoverType,5000,5000,20000,54,7,featpart_fulldata_m50_L3,arc_cosine,3,50,1000,,0.73,14.31,2026-06-11T19:05:36.090101,B-Φ-P/m (featpart_fulldata)
exp_width_depth_scenarios,CoverType,5000,5000,20000,54,7,featpart_fulldata_m50_L3,arc_cosine,3,50,1000,,0.7298,12.07,2026-06-11T19:05:49.315588,B-Φ-P/m (featpart_fulldata)
exp_width_depth_scenarios,CoverType,10000,10000,20000,54,7,baseline_fullinput_m1_L1,arc_cosine,1,1,1000,,0.7622,15.88,2026-06-11T19:06:05.461551,"A — baseline (full, m=1)"
exp_width_depth_scenarios,CoverType,10000,10000,20000,54,7,baseline_fullinput_m1_L1,arc_cosine,1,1,1000,,0.7683,16.11,2026-06-11T19:06:21.841322,"A — baseline (full, m=1)"
exp_width_depth_scenarios,CoverType,10000,10000,20000,54,7,baseline_fullinput_m1_L1,arc_cosine,1,1,1000,,0.762,15.29,2026-06-11T19:06:37.395922,"A — baseline (full, m=1)"
exp_width_depth_scenarios,CoverType,10000,10000,20000,54,7,baseline_fullinput_m1_L2,arc_cosine,2,1,1000,,0.7651,21.49,2026-06-11T19:06:59.358878,"A — baseline (full, m=1)"
exp_width_depth_scenarios,CoverType,10000,10000,20000,54,7,baseline_fullinput_m1_L2,arc_cosine,2,1,1000,,0.7714,21.68,2026-06-11T19:07:21.496492,"A — baseline (full, m=1)"
exp_width_depth_scenarios,CoverType,10000,10000,20000,54,7,baseline_fullinput_m1_L2,arc_cosine,2,1,1000,,0.7663,20.06,2026-06-11T19:07:42.026405,"A — baseline (full, m=1)"
exp_width_depth_scenarios,CoverType,10000,10000,20000,54,7,baseline_fullinput_m1_L3,arc_cosine,3,1,1000,,0.7649,25.62,2026-06-11T19:08:08.332984,"A — baseline (full, m=1)"
exp_width_depth_scenarios,CoverType,10000,10000,20000,54,7,baseline_fullinput_m1_L3,arc_cosine,3,1,1000,,0.7734,26.68,2026-06-11T19:08:35.692227,"A — baseline (full, m=1)"
exp_width_depth_scenarios,CoverType,10000,10000,20000,54,7,baseline_fullinput_m1_L3,arc_cosine,3,1,1000,,0.7665,24.49,2026-06-11T19:09:00.859851,"A — baseline (full, m=1)"
exp_width_depth_scenarios,CoverType,10000,10000,20000,54,7,input_subspace_sqrt_m1_L1,arc_cosine,1,1,1000,,0.5294,13.52,2026-06-11T19:09:14.631190,D-√d (input_subspace_sqrt)
exp_width_depth_scenarios,CoverType,10000,10000,20000,54,7,input_subspace_sqrt_m1_L1,arc_cosine,1,1,1000,,0.5049,16.87,2026-06-11T19:09:31.767511,D-√d (input_subspace_sqrt)
exp_width_depth_scenarios,CoverType,10000,10000,20000,54,7,input_subspace_sqrt_m1_L1,arc_cosine,1,1,1000,,0.512,11.47,2026-06-11T19:09:43.482352,D-√d (input_subspace_sqrt)
exp_width_depth_scenarios,CoverType,10000,10000,20000,54,7,input_subspace_sqrt_m1_L2,arc_cosine,2,1,1000,,0.5277,18.1,2026-06-11T19:10:02.051612,D-√d (input_subspace_sqrt)
exp_width_depth_scenarios,CoverType,10000,10000,20000,54,7,input_subspace_sqrt_m1_L2,arc_cosine,2,1,1000,,0.4952,24.47,2026-06-11T19:10:26.987497,D-√d (input_subspace_sqrt)
exp_width_depth_scenarios,CoverType,10000,10000,20000,54,7,input_subspace_sqrt_m1_L2,arc_cosine,2,1,1000,,0.5132,16.84,2026-06-11T19:10:44.311050,D-√d (input_subspace_sqrt)
exp_width_depth_scenarios,CoverType,10000,10000,20000,54,7,input_subspace_sqrt_m1_L3,arc_cosine,3,1,1000,,0.5251,23.7,2026-06-11T19:11:08.679952,D-√d (input_subspace_sqrt)
exp_width_depth_scenarios,CoverType,10000,10000,20000,54,7,input_subspace_sqrt_m1_L3,arc_cosine,3,1,1000,,0.4964,33.02,2026-06-11T19:11:42.382125,D-√d (input_subspace_sqrt)
exp_width_depth_scenarios,CoverType,10000,10000,20000,54,7,input_subspace_sqrt_m1_L3,arc_cosine,3,1,1000,,0.5117,23.67,2026-06-11T19:12:06.719767,D-√d (input_subspace_sqrt)
exp_width_depth_scenarios,CoverType,10000,10000,20000,54,7,input_subspace_sqrt_m10_L1,arc_cosine,1,10,1000,,0.7169,8.72,2026-06-11T19:12:15.668521,D-√d (input_subspace_sqrt)
exp_width_depth_scenarios,CoverType,10000,10000,20000,54,7,input_subspace_sqrt_m10_L1,arc_cosine,1,10,1000,,0.7274,15.55,2026-06-11T19:12:31.452202,D-√d (input_subspace_sqrt)
exp_width_depth_scenarios,CoverType,10000,10000,20000,54,7,input_subspace_sqrt_m10_L1,arc_cosine,1,10,1000,,0.6633,9.17,2026-06-11T19:12:40.860730,D-√d (input_subspace_sqrt)
exp_width_depth_scenarios,CoverType,10000,10000,20000,54,7,input_subspace_sqrt_m10_L2,arc_cosine,2,10,1000,,0.7198,17.17,2026-06-11T19:12:58.458532,D-√d (input_subspace_sqrt)
exp_width_depth_scenarios,CoverType,10000,10000,20000,54,7,input_subspace_sqrt_m10_L2,arc_cosine,2,10,1000,,0.7378,22.92,2026-06-11T19:13:21.782783,D-√d (input_subspace_sqrt)
exp_width_depth_scenarios,CoverType,10000,10000,20000,54,7,input_subspace_sqrt_m10_L2,arc_cosine,2,10,1000,,0.6761,20.22,2026-06-11T19:13:42.431659,D-√d (input_subspace_sqrt)
exp_width_depth_scenarios,CoverType,10000,10000,20000,54,7,input_subspace_sqrt_m10_L3,arc_cosine,3,10,1000,,0.7244,22.44,2026-06-11T19:14:06.456096,D-√d (input_subspace_sqrt)
exp_width_depth_scenarios,CoverType,10000,10000,20000,54,7,input_subspace_sqrt_m10_L3,arc_cosine,3,10,1000,,0.7421,27.94,2026-06-11T19:14:34.987996,D-√d (input_subspace_sqrt)
exp_width_depth_scenarios,CoverType,10000,10000,20000,54,7,input_subspace_sqrt_m10_L3,arc_cosine,3,10,1000,,0.6854,26.36,2026-06-11T19:15:01.945470,D-√d (input_subspace_sqrt)
exp_width_depth_scenarios,CoverType,10000,10000,20000,54,7,input_subspace_sqrt_m50_L1,arc_cosine,1,50,1000,,0.747,39.06,2026-06-11T19:15:41.336411,D-√d (input_subspace_sqrt)
exp_width_depth_scenarios,CoverType,10000,10000,20000,54,7,input_subspace_sqrt_m50_L1,arc_cosine,1,50,1000,,0.7515,45.2,2026-06-11T19:16:26.854698,D-√d (input_subspace_sqrt)
exp_width_depth_scenarios,CoverType,10000,10000,20000,54,7,input_subspace_sqrt_m50_L1,arc_cosine,1,50,1000,,0.75,36.02,2026-06-11T19:17:03.173202,D-√d (input_subspace_sqrt)
exp_width_depth_scenarios,CoverType,10000,10000,20000,54,7,input_subspace_sqrt_m50_L2,arc_cosine,2,50,1000,,0.7589,36.73,2026-06-11T19:17:40.616459,D-√d (input_subspace_sqrt)
exp_width_depth_scenarios,CoverType,10000,10000,20000,54,7,input_subspace_sqrt_m50_L2,arc_cosine,2,50,1000,,0.7579,49.16,2026-06-11T19:18:30.476551,D-√d (input_subspace_sqrt)
exp_width_depth_scenarios,CoverType,10000,10000,20000,54,7,input_subspace_sqrt_m50_L2,arc_cosine,2,50,1000,,0.755,40.18,2026-06-11T19:19:11.409663,D-√d (input_subspace_sqrt)
exp_width_depth_scenarios,CoverType,10000,10000,20000,54,7,input_subspace_sqrt_m50_L3,arc_cosine,3,50,1000,,0.7536,44.59,2026-06-11T19:19:57.104183,D-√d (input_subspace_sqrt)
exp_width_depth_scenarios,CoverType,10000,10000,20000,54,7,input_subspace_sqrt_m50_L3,arc_cosine,3,50,1000,,0.7568,43.61,2026-06-11T19:20:41.838126,D-√d (input_subspace_sqrt)
exp_width_depth_scenarios,CoverType,10000,10000,20000,54,7,input_subspace_sqrt_m50_L3,arc_cosine,3,50,1000,,0.753,37.68,2026-06-11T19:21:20.586491,D-√d (input_subspace_sqrt)
exp_width_depth_scenarios,CoverType,10000,10000,20000,54,7,input_subspace_dm_m1_L1,arc_cosine,1,1,1000,,0.7641,18.59,2026-06-11T19:21:39.448504,D-d/m (input_subspace_dm)
exp_width_depth_scenarios,CoverType,10000,10000,20000,54,7,input_subspace_dm_m1_L1,arc_cosine,1,1,1000,,0.7671,18.05,2026-06-11T19:21:57.783339,D-d/m (input_subspace_dm)
exp_width_depth_scenarios,CoverType,10000,10000,20000,54,7,input_subspace_dm_m1_L1,arc_cosine,1,1,1000,,0.7644,17.66,2026-06-11T19:22:15.715285,D-d/m (input_subspace_dm)
exp_width_depth_scenarios,CoverType,10000,10000,20000,54,7,input_subspace_dm_m1_L2,arc_cosine,2,1,1000,,0.7659,24.24,2026-06-11T19:22:40.449397,D-d/m (input_subspace_dm)
exp_width_depth_scenarios,CoverType,10000,10000,20000,54,7,input_subspace_dm_m1_L2,arc_cosine,2,1,1000,,0.7712,23.77,2026-06-11T19:23:04.683180,D-d/m (input_subspace_dm)
exp_width_depth_scenarios,CoverType,10000,10000,20000,54,7,input_subspace_dm_m1_L2,arc_cosine,2,1,1000,,0.7661,22.12,2026-06-11T19:23:27.292364,D-d/m (input_subspace_dm)
exp_width_depth_scenarios,CoverType,10000,10000,20000,54,7,input_subspace_dm_m1_L3,arc_cosine,3,1,1000,,0.7679,28.86,2026-06-11T19:23:56.840944,D-d/m (input_subspace_dm)
exp_width_depth_scenarios,CoverType,10000,10000,20000,54,7,input_subspace_dm_m1_L3,arc_cosine,3,1,1000,,0.77,28.52,2026-06-11T19:24:26.055932,D-d/m (input_subspace_dm)
exp_width_depth_scenarios,CoverType,10000,10000,20000,54,7,input_subspace_dm_m1_L3,arc_cosine,3,1,1000,,0.7665,26.44,2026-06-11T19:24:53.215687,D-d/m (input_subspace_dm)
exp_width_depth_scenarios,CoverType,10000,10000,20000,54,7,input_subspace_dm_m10_L1,arc_cosine,1,10,1000,,0.7278,8.6,2026-06-11T19:25:02.061450,D-d/m (input_subspace_dm)
exp_width_depth_scenarios,CoverType,10000,10000,20000,54,7,input_subspace_dm_m10_L1,arc_cosine,1,10,1000,,0.7327,7.37,2026-06-11T19:25:09.670563,D-d/m (input_subspace_dm)
exp_width_depth_scenarios,CoverType,10000,10000,20000,54,7,input_subspace_dm_m10_L1,arc_cosine,1,10,1000,,0.7247,7.2,2026-06-11T19:25:17.112891,D-d/m (input_subspace_dm)
exp_width_depth_scenarios,CoverType,10000,10000,20000,54,7,input_subspace_dm_m10_L2,arc_cosine,2,10,1000,,0.7431,17.94,2026-06-11T19:25:35.454288,D-d/m (input_subspace_dm)
exp_width_depth_scenarios,CoverType,10000,10000,20000,54,7,input_subspace_dm_m10_L2,arc_cosine,2,10,1000,,0.7426,17.27,2026-06-11T19:25:53.149083,D-d/m (input_subspace_dm)
exp_width_depth_scenarios,CoverType,10000,10000,20000,54,7,input_subspace_dm_m10_L2,arc_cosine,2,10,1000,,0.7385,16.69,2026-06-11T19:26:10.275998,D-d/m (input_subspace_dm)
exp_width_depth_scenarios,CoverType,10000,10000,20000,54,7,input_subspace_dm_m10_L3,arc_cosine,3,10,1000,,0.7511,24.36,2026-06-11T19:26:35.250931,D-d/m (input_subspace_dm)
exp_width_depth_scenarios,CoverType,10000,10000,20000,54,7,input_subspace_dm_m10_L3,arc_cosine,3,10,1000,,0.75,23.19,2026-06-11T19:26:59.089006,D-d/m (input_subspace_dm)
exp_width_depth_scenarios,CoverType,10000,10000,20000,54,7,input_subspace_dm_m10_L3,arc_cosine,3,10,1000,,0.7423,22.42,2026-06-11T19:27:22.122276,D-d/m (input_subspace_dm)
exp_width_depth_scenarios,CoverType,10000,10000,20000,54,7,input_subspace_dm_m50_L1,arc_cosine,1,50,1000,,0.7218,14.91,2026-06-11T19:27:37.340923,D-d/m (input_subspace_dm)
exp_width_depth_scenarios,CoverType,10000,10000,20000,54,7,input_subspace_dm_m50_L1,arc_cosine,1,50,1000,,0.7198,16.82,2026-06-11T19:27:54.450297,D-d/m (input_subspace_dm)
exp_width_depth_scenarios,CoverType,10000,10000,20000,54,7,input_subspace_dm_m50_L1,arc_cosine,1,50,1000,,0.7176,13.92,2026-06-11T19:28:08.657432,D-d/m (input_subspace_dm)
exp_width_depth_scenarios,CoverType,10000,10000,20000,54,7,input_subspace_dm_m50_L2,arc_cosine,2,50,1000,,0.7444,44.67,2026-06-11T19:28:53.893515,D-d/m (input_subspace_dm)
exp_width_depth_scenarios,CoverType,10000,10000,20000,54,7,input_subspace_dm_m50_L2,arc_cosine,2,50,1000,,0.7494,40.57,2026-06-11T19:29:35.068392,D-d/m (input_subspace_dm)
exp_width_depth_scenarios,CoverType,10000,10000,20000,54,7,input_subspace_dm_m50_L2,arc_cosine,2,50,1000,,0.744,42.85,2026-06-11T19:30:18.519930,D-d/m (input_subspace_dm)
exp_width_depth_scenarios,CoverType,10000,10000,20000,54,7,input_subspace_dm_m50_L3,arc_cosine,3,50,1000,,0.7553,47.31,2026-06-11T19:31:06.751503,D-d/m (input_subspace_dm)
exp_width_depth_scenarios,CoverType,10000,10000,20000,54,7,input_subspace_dm_m50_L3,arc_cosine,3,50,1000,,0.7575,55.03,2026-06-11T19:32:02.575341,D-d/m (input_subspace_dm)
exp_width_depth_scenarios,CoverType,10000,10000,20000,54,7,input_subspace_dm_m50_L3,arc_cosine,3,50,1000,,0.751,46.32,2026-06-11T19:32:49.737592,D-d/m (input_subspace_dm)
exp_width_depth_scenarios,CoverType,10000,10000,20000,54,7,featpart_fulldata_m1_L1,arc_cosine,1,1,1000,,0.7622,15.86,2026-06-11T19:33:05.874447,B-Φ-P/m (featpart_fulldata)
exp_width_depth_scenarios,CoverType,10000,10000,20000,54,7,featpart_fulldata_m1_L1,arc_cosine,1,1,1000,,0.7683,15.99,2026-06-11T19:33:22.145152,B-Φ-P/m (featpart_fulldata)
exp_width_depth_scenarios,CoverType,10000,10000,20000,54,7,featpart_fulldata_m1_L1,arc_cosine,1,1,1000,,0.762,15.21,2026-06-11T19:33:37.614587,B-Φ-P/m (featpart_fulldata)
exp_width_depth_scenarios,CoverType,10000,10000,20000,54,7,featpart_fulldata_m1_L2,arc_cosine,2,1,1000,,0.7653,21.21,2026-06-11T19:33:59.302943,B-Φ-P/m (featpart_fulldata)
exp_width_depth_scenarios,CoverType,10000,10000,20000,54,7,featpart_fulldata_m1_L2,arc_cosine,2,1,1000,,0.7704,21.93,2026-06-11T19:34:21.693361,B-Φ-P/m (featpart_fulldata)
exp_width_depth_scenarios,CoverType,10000,10000,20000,54,7,featpart_fulldata_m1_L2,arc_cosine,2,1,1000,,0.7662,20.58,2026-06-11T19:34:42.725678,B-Φ-P/m (featpart_fulldata)
exp_width_depth_scenarios,CoverType,10000,10000,20000,54,7,featpart_fulldata_m1_L3,arc_cosine,3,1,1000,,0.7653,26.13,2026-06-11T19:35:09.523362,B-Φ-P/m (featpart_fulldata)
exp_width_depth_scenarios,CoverType,10000,10000,20000,54,7,featpart_fulldata_m1_L3,arc_cosine,3,1,1000,,0.7719,26.06,2026-06-11T19:35:36.271199,B-Φ-P/m (featpart_fulldata)
exp_width_depth_scenarios,CoverType,10000,10000,20000,54,7,featpart_fulldata_m1_L3,arc_cosine,3,1,1000,,0.7659,25.19,2026-06-11T19:36:02.138240,B-Φ-P/m (featpart_fulldata)
exp_width_depth_scenarios,CoverType,10000,10000,20000,54,7,featpart_fulldata_m10_L1,arc_cosine,1,10,1000,,0.7368,5.94,2026-06-11T19:36:08.363132,B-Φ-P/m (featpart_fulldata)
exp_width_depth_scenarios,CoverType,10000,10000,20000,54,7,featpart_fulldata_m10_L1,arc_cosine,1,10,1000,,0.7401,5.38,2026-06-11T19:36:14.024323,B-Φ-P/m (featpart_fulldata)
exp_width_depth_scenarios,CoverType,10000,10000,20000,54,7,featpart_fulldata_m10_L1,arc_cosine,1,10,1000,,0.7326,5.63,2026-06-11T19:36:19.942856,B-Φ-P/m (featpart_fulldata)
exp_width_depth_scenarios,CoverType,10000,10000,20000,54,7,featpart_fulldata_m10_L2,arc_cosine,2,10,1000,,0.7504,9.07,2026-06-11T19:36:29.528279,B-Φ-P/m (featpart_fulldata)
exp_width_depth_scenarios,CoverType,10000,10000,20000,54,7,featpart_fulldata_m10_L2,arc_cosine,2,10,1000,,0.7508,8.33,2026-06-11T19:36:38.370407,B-Φ-P/m (featpart_fulldata)
exp_width_depth_scenarios,CoverType,10000,10000,20000,54,7,featpart_fulldata_m10_L2,arc_cosine,2,10,1000,,0.7449,8.79,2026-06-11T19:36:47.661593,B-Φ-P/m (featpart_fulldata)
exp_width_depth_scenarios,CoverType,10000,10000,20000,54,7,featpart_fulldata_m10_L3,arc_cosine,3,10,1000,,0.7575,11.68,2026-06-11T19:37:00.113509,B-Φ-P/m (featpart_fulldata)
exp_width_depth_scenarios,CoverType,10000,10000,20000,54,7,featpart_fulldata_m10_L3,arc_cosine,3,10,1000,,0.7591,11.12,2026-06-11T19:37:11.980596,B-Φ-P/m (featpart_fulldata)
exp_width_depth_scenarios,CoverType,10000,10000,20000,54,7,featpart_fulldata_m10_L3,arc_cosine,3,10,1000,,0.7506,11.75,2026-06-11T19:37:24.469299,B-Φ-P/m (featpart_fulldata)
exp_width_depth_scenarios,CoverType,10000,10000,20000,54,7,featpart_fulldata_m50_L1,arc_cosine,1,50,1000,,0.7516,41.09,2026-06-11T19:38:05.980069,B-Φ-P/m (featpart_fulldata)
exp_width_depth_scenarios,CoverType,10000,10000,20000,54,7,featpart_fulldata_m50_L1,arc_cosine,1,50,1000,,0.7507,35.56,2026-06-11T19:38:41.964294,B-Φ-P/m (featpart_fulldata)
exp_width_depth_scenarios,CoverType,10000,10000,20000,54,7,featpart_fulldata_m50_L1,arc_cosine,1,50,1000,,0.7429,25.17,2026-06-11T19:39:07.543954,B-Φ-P/m (featpart_fulldata)
exp_width_depth_scenarios,CoverType,10000,10000,20000,54,7,featpart_fulldata_m50_L2,arc_cosine,2,50,1000,,0.7503,26.07,2026-06-11T19:39:34.512091,B-Φ-P/m (featpart_fulldata)
exp_width_depth_scenarios,CoverType,10000,10000,20000,54,7,featpart_fulldata_m50_L2,arc_cosine,2,50,1000,,0.748,24.49,2026-06-11T19:39:59.906890,B-Φ-P/m (featpart_fulldata)
exp_width_depth_scenarios,CoverType,10000,10000,20000,54,7,featpart_fulldata_m50_L2,arc_cosine,2,50,1000,,0.7459,19.62,2026-06-11T19:40:20.430514,B-Φ-P/m (featpart_fulldata)
exp_width_depth_scenarios,CoverType,10000,10000,20000,54,7,featpart_fulldata_m50_L3,arc_cosine,3,50,1000,,0.7455,22.36,2026-06-11T19:40:44.190131,B-Φ-P/m (featpart_fulldata)
exp_width_depth_scenarios,CoverType,10000,10000,20000,54,7,featpart_fulldata_m50_L3,arc_cosine,3,50,1000,,0.7459,29.74,2026-06-11T19:41:15.334090,B-Φ-P/m (featpart_fulldata)
exp_width_depth_scenarios,CoverType,10000,10000,20000,54,7,featpart_fulldata_m50_L3,arc_cosine,3,50,1000,,0.7477,22.13,2026-06-11T19:41:38.879914,B-Φ-P/m (featpart_fulldata)
exp_width_depth_scenarios,CoverType,50000,50000,20000,54,7,baseline_fullinput_m1_L1,arc_cosine,1,1,1000,,0.7841,90.05,2026-06-11T19:43:09.526799,"A — baseline (full, m=1)"
exp_width_depth_scenarios,CoverType,50000,50000,20000,54,7,baseline_fullinput_m1_L1,arc_cosine,1,1,1000,,0.7845,106.89,2026-06-11T19:44:57.017070,"A — baseline (full, m=1)"
exp_width_depth_scenarios,CoverType,50000,50000,20000,54,7,baseline_fullinput_m1_L1,arc_cosine,1,1,1000,,0.7877,103.89,2026-06-11T19:46:41.484264,"A — baseline (full, m=1)"
exp_width_depth_scenarios,CoverType,50000,50000,20000,54,7,baseline_fullinput_m1_L2,arc_cosine,2,1,1000,,0.7922,120.88,2026-06-11T19:48:43.431776,"A — baseline (full, m=1)"
exp_width_depth_scenarios,CoverType,50000,50000,20000,54,7,baseline_fullinput_m1_L2,arc_cosine,2,1,1000,,0.7929,136.06,2026-06-11T19:51:00.540648,"A — baseline (full, m=1)"
exp_width_depth_scenarios,CoverType,50000,50000,20000,54,7,baseline_fullinput_m1_L2,arc_cosine,2,1,1000,,0.7945,131.29,2026-06-11T19:53:12.869370,"A — baseline (full, m=1)"
exp_width_depth_scenarios,CoverType,50000,50000,20000,54,7,baseline_fullinput_m1_L3,arc_cosine,3,1,1000,,0.7944,143.26,2026-06-11T19:55:37.640507,"A — baseline (full, m=1)"
exp_width_depth_scenarios,CoverType,50000,50000,20000,54,7,baseline_fullinput_m1_L3,arc_cosine,3,1,1000,,0.7951,156.85,2026-06-11T19:58:16.012900,"A — baseline (full, m=1)"
exp_width_depth_scenarios,CoverType,50000,50000,20000,54,7,baseline_fullinput_m1_L3,arc_cosine,3,1,1000,,0.7971,151.56,2026-06-11T20:00:49.080663,"A — baseline (full, m=1)"
exp_width_depth_scenarios,CoverType,50000,50000,20000,54,7,input_subspace_sqrt_m1_L1,arc_cosine,1,1,1000,,0.5312,54.99,2026-06-11T20:01:44.640235,D-√d (input_subspace_sqrt)
exp_width_depth_scenarios,CoverType,50000,50000,20000,54,7,input_subspace_sqrt_m1_L1,arc_cosine,1,1,1000,,0.505,93.01,2026-06-11T20:03:18.231615,D-√d (input_subspace_sqrt)
exp_width_depth_scenarios,CoverType,50000,50000,20000,54,7,input_subspace_sqrt_m1_L1,arc_cosine,1,1,1000,,0.5133,63.65,2026-06-11T20:04:22.456968,D-√d (input_subspace_sqrt)
exp_width_depth_scenarios,CoverType,50000,50000,20000,54,7,input_subspace_sqrt_m1_L2,arc_cosine,2,1,1000,,0.532,73.88,2026-06-11T20:05:37.374821,D-√d (input_subspace_sqrt)
exp_width_depth_scenarios,CoverType,50000,50000,20000,54,7,input_subspace_sqrt_m1_L2,arc_cosine,2,1,1000,,0.4918,126.11,2026-06-11T20:07:44.521754,D-√d (input_subspace_sqrt)
exp_width_depth_scenarios,CoverType,50000,50000,20000,54,7,input_subspace_sqrt_m1_L2,arc_cosine,2,1,1000,,0.513,98.45,2026-06-11T20:09:24.004042,D-√d (input_subspace_sqrt)
exp_width_depth_scenarios,CoverType,50000,50000,20000,54,7,input_subspace_sqrt_m1_L3,arc_cosine,3,1,1000,,0.5283,118.99,2026-06-11T20:11:24.486235,D-√d (input_subspace_sqrt)
exp_width_depth_scenarios,CoverType,50000,50000,20000,54,7,input_subspace_sqrt_m1_L3,arc_cosine,3,1,1000,,0.4953,170.05,2026-06-11T20:14:16.068856,D-√d (input_subspace_sqrt)
exp_width_depth_scenarios,CoverType,50000,50000,20000,54,7,input_subspace_sqrt_m1_L3,arc_cosine,3,1,1000,,0.5097,130.69,2026-06-11T20:16:28.276645,D-√d (input_subspace_sqrt)
exp_width_depth_scenarios,CoverType,50000,50000,20000,54,7,input_subspace_sqrt_m10_L1,arc_cosine,1,10,1000,,0.7198,78.35,2026-06-11T20:17:47.251350,D-√d (input_subspace_sqrt)
exp_width_depth_scenarios,CoverType,50000,50000,20000,54,7,input_subspace_sqrt_m10_L1,arc_cosine,1,10,1000,,0.7259,99.95,2026-06-11T20:19:27.753264,D-√d (input_subspace_sqrt)
exp_width_depth_scenarios,CoverType,50000,50000,20000,54,7,input_subspace_sqrt_m10_L1,arc_cosine,1,10,1000,,0.6669,96.89,2026-06-11T20:21:05.252135,D-√d (input_subspace_sqrt)
exp_width_depth_scenarios,CoverType,50000,50000,20000,54,7,input_subspace_sqrt_m10_L2,arc_cosine,2,10,1000,,0.7247,163.23,2026-06-11T20:23:49.562289,D-√d (input_subspace_sqrt)
exp_width_depth_scenarios,CoverType,50000,50000,20000,54,7,input_subspace_sqrt_m10_L2,arc_cosine,2,10,1000,,0.7367,173.35,2026-06-11T20:26:44.040886,D-√d (input_subspace_sqrt)
exp_width_depth_scenarios,CoverType,50000,50000,20000,54,7,input_subspace_sqrt_m10_L2,arc_cosine,2,10,1000,,0.6855,196.36,2026-06-11T20:30:01.470702,D-√d (input_subspace_sqrt)
exp_width_depth_scenarios,CoverType,50000,50000,20000,54,7,input_subspace_sqrt_m10_L3,arc_cosine,3,10,1000,,0.7288,206.11,2026-06-11T20:33:29.226830,D-√d (input_subspace_sqrt)
exp_width_depth_scenarios,CoverType,50000,50000,20000,54,7,input_subspace_sqrt_m10_L3,arc_cosine,3,10,1000,,0.7425,217.15,2026-06-11T20:37:07.960931,D-√d (input_subspace_sqrt)
exp_width_depth_scenarios,CoverType,50000,50000,20000,54,7,input_subspace_sqrt_m10_L3,arc_cosine,3,10,1000,,0.6885,250.72,2026-06-11T20:41:20.316590,D-√d (input_subspace_sqrt)
exp_width_depth_scenarios,CoverType,50000,50000,20000,54,7,input_subspace_sqrt_m50_L1,arc_cosine,1,50,1000,,0.7555,165.34,2026-06-11T20:44:06.517760,D-√d (input_subspace_sqrt)
exp_width_depth_scenarios,CoverType,50000,50000,20000,54,7,input_subspace_sqrt_m50_L1,arc_cosine,1,50,1000,,0.7599,156.85,2026-06-11T20:46:44.231483,D-√d (input_subspace_sqrt)
exp_width_depth_scenarios,CoverType,50000,50000,20000,54,7,input_subspace_sqrt_m50_L1,arc_cosine,1,50,1000,,0.7668,171.84,2026-06-11T20:49:36.909402,D-√d (input_subspace_sqrt)
exp_width_depth_scenarios,CoverType,50000,50000,20000,54,7,input_subspace_sqrt_m50_L2,arc_cosine,2,50,1000,,0.7646,170.97,2026-06-11T20:52:29.819435,D-√d (input_subspace_sqrt)
exp_width_depth_scenarios,CoverType,50000,50000,20000,54,7,input_subspace_sqrt_m50_L2,arc_cosine,2,50,1000,,0.76,145.27,2026-06-11T20:54:56.983324,D-√d (input_subspace_sqrt)
exp_width_depth_scenarios,CoverType,50000,50000,20000,54,7,input_subspace_sqrt_m50_L2,arc_cosine,2,50,1000,,0.7712,149.95,2026-06-11T20:57:28.833709,D-√d (input_subspace_sqrt)
exp_width_depth_scenarios,CoverType,50000,50000,20000,54,7,input_subspace_sqrt_m50_L3,arc_cosine,3,50,1000,,0.7626,179.22,2026-06-11T21:00:31.311312,D-√d (input_subspace_sqrt)
exp_width_depth_scenarios,CoverType,50000,50000,20000,54,7,input_subspace_sqrt_m50_L3,arc_cosine,3,50,1000,,0.7613,185.05,2026-06-11T21:03:39.407007,D-√d (input_subspace_sqrt)
exp_width_depth_scenarios,CoverType,50000,50000,20000,54,7,input_subspace_sqrt_m50_L3,arc_cosine,3,50,1000,,0.7732,177.08,2026-06-11T21:06:39.567425,D-√d (input_subspace_sqrt)
exp_width_depth_scenarios,CoverType,50000,50000,20000,54,7,input_subspace_dm_m1_L1,arc_cosine,1,1,1000,,0.7909,97.96,2026-06-11T21:08:18.146232,D-d/m (input_subspace_dm)
exp_width_depth_scenarios,CoverType,50000,50000,20000,54,7,input_subspace_dm_m1_L1,arc_cosine,1,1,1000,,0.7853,109.27,2026-06-11T21:10:08.030118,D-d/m (input_subspace_dm)
exp_width_depth_scenarios,CoverType,50000,50000,20000,54,7,input_subspace_dm_m1_L1,arc_cosine,1,1,1000,,0.7914,92.41,2026-06-11T21:11:41.060836,D-d/m (input_subspace_dm)
exp_width_depth_scenarios,CoverType,50000,50000,20000,54,7,input_subspace_dm_m1_L2,arc_cosine,2,1,1000,,0.7977,129.77,2026-06-11T21:13:51.905376,D-d/m (input_subspace_dm)
exp_width_depth_scenarios,CoverType,50000,50000,20000,54,7,input_subspace_dm_m1_L2,arc_cosine,2,1,1000,,0.7912,135.98,2026-06-11T21:16:08.983550,D-d/m (input_subspace_dm)
exp_width_depth_scenarios,CoverType,50000,50000,20000,54,7,input_subspace_dm_m1_L2,arc_cosine,2,1,1000,,0.7973,123.88,2026-06-11T21:18:13.955326,D-d/m (input_subspace_dm)
exp_width_depth_scenarios,CoverType,50000,50000,20000,54,7,input_subspace_dm_m1_L3,arc_cosine,3,1,1000,,0.7996,152.39,2026-06-11T21:20:47.867498,D-d/m (input_subspace_dm)
exp_width_depth_scenarios,CoverType,50000,50000,20000,54,7,input_subspace_dm_m1_L3,arc_cosine,3,1,1000,,0.7955,158.85,2026-06-11T21:23:28.256832,D-d/m (input_subspace_dm)
exp_width_depth_scenarios,CoverType,50000,50000,20000,54,7,input_subspace_dm_m1_L3,arc_cosine,3,1,1000,,0.7992,145.83,2026-06-11T21:25:55.604632,D-d/m (input_subspace_dm)
exp_width_depth_scenarios,CoverType,50000,50000,20000,54,7,input_subspace_dm_m10_L1,arc_cosine,1,10,1000,,0.7251,67.48,2026-06-11T21:27:03.656775,D-d/m (input_subspace_dm)
exp_width_depth_scenarios,CoverType,50000,50000,20000,54,7,input_subspace_dm_m10_L1,arc_cosine,1,10,1000,,0.7267,62.78,2026-06-11T21:28:07.039941,D-d/m (input_subspace_dm)
exp_width_depth_scenarios,CoverType,50000,50000,20000,54,7,input_subspace_dm_m10_L1,arc_cosine,1,10,1000,,0.7345,61.21,2026-06-11T21:29:08.798767,D-d/m (input_subspace_dm)
exp_width_depth_scenarios,CoverType,50000,50000,20000,54,7,input_subspace_dm_m10_L2,arc_cosine,2,10,1000,,0.744,172.56,2026-06-11T21:32:02.474531,D-d/m (input_subspace_dm)
exp_width_depth_scenarios,CoverType,50000,50000,20000,54,7,input_subspace_dm_m10_L2,arc_cosine,2,10,1000,,0.7429,154.29,2026-06-11T21:34:37.839874,D-d/m (input_subspace_dm)
exp_width_depth_scenarios,CoverType,50000,50000,20000,54,7,input_subspace_dm_m10_L2,arc_cosine,2,10,1000,,0.749,157.49,2026-06-11T21:37:16.427816,D-d/m (input_subspace_dm)
exp_width_depth_scenarios,CoverType,50000,50000,20000,54,7,input_subspace_dm_m10_L3,arc_cosine,3,10,1000,,0.7524,230.04,2026-06-11T21:41:08.022393,D-d/m (input_subspace_dm)
exp_width_depth_scenarios,CoverType,50000,50000,20000,54,7,input_subspace_dm_m10_L3,arc_cosine,3,10,1000,,0.747,199.02,2026-06-11T21:44:28.653170,D-d/m (input_subspace_dm)
exp_width_depth_scenarios,CoverType,50000,50000,20000,54,7,input_subspace_dm_m10_L3,arc_cosine,3,10,1000,,0.7536,215.01,2026-06-11T21:48:05.262027,D-d/m (input_subspace_dm)
exp_width_depth_scenarios,CoverType,50000,50000,20000,54,7,input_subspace_dm_m50_L1,arc_cosine,1,50,1000,,0.7155,54.67,2026-06-11T21:49:00.792035,D-d/m (input_subspace_dm)
exp_width_depth_scenarios,CoverType,50000,50000,20000,54,7,input_subspace_dm_m50_L1,arc_cosine,1,50,1000,,0.7176,55.17,2026-06-11T21:49:56.828901,D-d/m (input_subspace_dm)
exp_width_depth_scenarios,CoverType,50000,50000,20000,54,7,input_subspace_dm_m50_L1,arc_cosine,1,50,1000,,0.726,52.63,2026-06-11T21:50:50.321547,D-d/m (input_subspace_dm)
exp_width_depth_scenarios,CoverType,50000,50000,20000,54,7,input_subspace_dm_m50_L2,arc_cosine,2,50,1000,,0.7559,210.53,2026-06-11T21:54:22.433702,D-d/m (input_subspace_dm)
exp_width_depth_scenarios,CoverType,50000,50000,20000,54,7,input_subspace_dm_m50_L2,arc_cosine,2,50,1000,,0.7562,193.82,2026-06-11T21:57:37.833173,D-d/m (input_subspace_dm)
exp_width_depth_scenarios,CoverType,50000,50000,20000,54,7,input_subspace_dm_m50_L2,arc_cosine,2,50,1000,,0.7614,186.4,2026-06-11T22:00:45.789104,D-d/m (input_subspace_dm)
exp_width_depth_scenarios,CoverType,50000,50000,20000,54,7,input_subspace_dm_m50_L3,arc_cosine,3,50,1000,,0.7654,178.7,2026-06-11T22:03:46.833069,D-d/m (input_subspace_dm)
exp_width_depth_scenarios,CoverType,50000,50000,20000,54,7,input_subspace_dm_m50_L3,arc_cosine,3,50,1000,,0.7643,181.31,2026-06-11T22:06:50.428703,D-d/m (input_subspace_dm)
exp_width_depth_scenarios,CoverType,50000,50000,20000,54,7,input_subspace_dm_m50_L3,arc_cosine,3,50,1000,,0.7659,188.25,2026-06-11T22:10:00.978184,D-d/m (input_subspace_dm)
exp_width_depth_scenarios,CoverType,50000,50000,20000,54,7,featpart_fulldata_m1_L1,arc_cosine,1,1,1000,,0.7841,90.62,2026-06-11T22:11:32.223881,B-Φ-P/m (featpart_fulldata)
exp_width_depth_scenarios,CoverType,50000,50000,20000,54,7,featpart_fulldata_m1_L1,arc_cosine,1,1,1000,,0.7845,107.48,2026-06-11T22:13:20.307582,B-Φ-P/m (featpart_fulldata)
exp_width_depth_scenarios,CoverType,50000,50000,20000,54,7,featpart_fulldata_m1_L1,arc_cosine,1,1,1000,,0.7877,104.64,2026-06-11T22:15:05.533037,B-Φ-P/m (featpart_fulldata)
exp_width_depth_scenarios,CoverType,50000,50000,20000,54,7,featpart_fulldata_m1_L2,arc_cosine,2,1,1000,,0.7937,123.64,2026-06-11T22:17:10.235136,B-Φ-P/m (featpart_fulldata)
exp_width_depth_scenarios,CoverType,50000,50000,20000,54,7,featpart_fulldata_m1_L2,arc_cosine,2,1,1000,,0.7931,133.42,2026-06-11T22:19:24.692060,B-Φ-P/m (featpart_fulldata)
exp_width_depth_scenarios,CoverType,50000,50000,20000,54,7,featpart_fulldata_m1_L2,arc_cosine,2,1,1000,,0.7942,129.15,2026-06-11T22:21:34.898475,B-Φ-P/m (featpart_fulldata)
exp_width_depth_scenarios,CoverType,50000,50000,20000,54,7,featpart_fulldata_m1_L3,arc_cosine,3,1,1000,,0.7965,149.12,2026-06-11T22:24:05.528193,B-Φ-P/m (featpart_fulldata)
exp_width_depth_scenarios,CoverType,50000,50000,20000,54,7,featpart_fulldata_m1_L3,arc_cosine,3,1,1000,,0.7963,158.14,2026-06-11T22:26:45.190012,B-Φ-P/m (featpart_fulldata)
exp_width_depth_scenarios,CoverType,50000,50000,20000,54,7,featpart_fulldata_m1_L3,arc_cosine,3,1,1000,,0.796,147.67,2026-06-11T22:29:14.431102,B-Φ-P/m (featpart_fulldata)
exp_width_depth_scenarios,CoverType,50000,50000,20000,54,7,featpart_fulldata_m10_L1,arc_cosine,1,10,1000,,0.7378,48.44,2026-06-11T22:30:03.491569,B-Φ-P/m (featpart_fulldata)
exp_width_depth_scenarios,CoverType,50000,50000,20000,54,7,featpart_fulldata_m10_L1,arc_cosine,1,10,1000,,0.7395,45.96,2026-06-11T22:30:50.090318,B-Φ-P/m (featpart_fulldata)
exp_width_depth_scenarios,CoverType,50000,50000,20000,54,7,featpart_fulldata_m10_L1,arc_cosine,1,10,1000,,0.7416,47.25,2026-06-11T22:31:37.969634,B-Φ-P/m (featpart_fulldata)
exp_width_depth_scenarios,CoverType,50000,50000,20000,54,7,featpart_fulldata_m10_L2,arc_cosine,2,10,1000,,0.7514,78.17,2026-06-11T22:32:57.309001,B-Φ-P/m (featpart_fulldata)
exp_width_depth_scenarios,CoverType,50000,50000,20000,54,7,featpart_fulldata_m10_L2,arc_cosine,2,10,1000,,0.7507,73.01,2026-06-11T22:34:11.466568,B-Φ-P/m (featpart_fulldata)
exp_width_depth_scenarios,CoverType,50000,50000,20000,54,7,featpart_fulldata_m10_L2,arc_cosine,2,10,1000,,0.7567,77.36,2026-06-11T22:35:29.990598,B-Φ-P/m (featpart_fulldata)
exp_width_depth_scenarios,CoverType,50000,50000,20000,54,7,featpart_fulldata_m10_L3,arc_cosine,3,10,1000,,0.7611,103.8,2026-06-11T22:37:15.459832,B-Φ-P/m (featpart_fulldata)
exp_width_depth_scenarios,CoverType,50000,50000,20000,54,7,featpart_fulldata_m10_L3,arc_cosine,3,10,1000,,0.7588,99.22,2026-06-11T22:38:56.357166,B-Φ-P/m (featpart_fulldata)
exp_width_depth_scenarios,CoverType,50000,50000,20000,54,7,featpart_fulldata_m10_L3,arc_cosine,3,10,1000,,0.763,103.76,2026-06-11T22:40:41.819804,B-Φ-P/m (featpart_fulldata)
exp_width_depth_scenarios,CoverType,50000,50000,20000,54,7,featpart_fulldata_m50_L1,arc_cosine,1,50,1000,,0.7591,182.22,2026-06-11T22:43:45.000530,B-Φ-P/m (featpart_fulldata)
exp_width_depth_scenarios,CoverType,50000,50000,20000,54,7,featpart_fulldata_m50_L1,arc_cosine,1,50,1000,,0.7611,116.19,2026-06-11T22:45:42.148201,B-Φ-P/m (featpart_fulldata)
exp_width_depth_scenarios,CoverType,50000,50000,20000,54,7,featpart_fulldata_m50_L1,arc_cosine,1,50,1000,,0.7601,102.73,2026-06-11T22:47:25.853044,B-Φ-P/m (featpart_fulldata)
exp_width_depth_scenarios,CoverType,50000,50000,20000,54,7,featpart_fulldata_m50_L2,arc_cosine,2,50,1000,,0.7571,103.91,2026-06-11T22:49:11.860338,B-Φ-P/m (featpart_fulldata)
exp_width_depth_scenarios,CoverType,50000,50000,20000,54,7,featpart_fulldata_m50_L2,arc_cosine,2,50,1000,,0.7634,99.54,2026-06-11T22:50:53.523884,B-Φ-P/m (featpart_fulldata)
exp_width_depth_scenarios,CoverType,50000,50000,20000,54,7,featpart_fulldata_m50_L2,arc_cosine,2,50,1000,,0.7629,83.89,2026-06-11T22:52:19.494818,B-Φ-P/m (featpart_fulldata)
exp_width_depth_scenarios,CoverType,50000,50000,20000,54,7,featpart_fulldata_m50_L3,arc_cosine,3,50,1000,,0.7513,91.32,2026-06-11T22:53:54.055224,B-Φ-P/m (featpart_fulldata)
exp_width_depth_scenarios,CoverType,50000,50000,20000,54,7,featpart_fulldata_m50_L3,arc_cosine,3,50,1000,,0.7592,92.91,2026-06-11T22:55:30.183050,B-Φ-P/m (featpart_fulldata)
exp_width_depth_scenarios,CoverType,50000,50000,20000,54,7,featpart_fulldata_m50_L3,arc_cosine,3,50,1000,,0.7648,94.16,2026-06-11T22:57:07.547402,B-Φ-P/m (featpart_fulldata)
exp_width_depth_scenarios,CoverType,100000,100000,20000,54,7,baseline_fullinput_m1_L1,arc_cosine,1,1,1000,,0.7841,190.62,2026-06-11T23:00:19.135322,"A — baseline (full, m=1)"
exp_width_depth_scenarios,CoverType,100000,100000,20000,54,7,baseline_fullinput_m1_L1,arc_cosine,1,1,1000,,0.7839,171.09,2026-06-11T23:03:11.189803,"A — baseline (full, m=1)"
exp_width_depth_scenarios,CoverType,100000,100000,20000,54,7,baseline_fullinput_m1_L1,arc_cosine,1,1,1000,,0.7898,187.95,2026-06-11T23:06:20.096353,"A — baseline (full, m=1)"
exp_width_depth_scenarios,CoverType,100000,100000,20000,54,7,baseline_fullinput_m1_L2,arc_cosine,2,1,1000,,0.7938,251.87,2026-06-11T23:10:33.732280,"A — baseline (full, m=1)"
exp_width_depth_scenarios,CoverType,100000,100000,20000,54,7,baseline_fullinput_m1_L2,arc_cosine,2,1,1000,,0.7925,233.56,2026-06-11T23:14:29.048257,"A — baseline (full, m=1)"
exp_width_depth_scenarios,CoverType,100000,100000,20000,54,7,baseline_fullinput_m1_L2,arc_cosine,2,1,1000,,0.7942,242.19,2026-06-11T23:18:32.977933,"A — baseline (full, m=1)"
exp_width_depth_scenarios,CoverType,100000,100000,20000,54,7,baseline_fullinput_m1_L3,arc_cosine,3,1,1000,,0.7991,311.8,2026-06-11T23:23:47.317323,"A — baseline (full, m=1)"
exp_width_depth_scenarios,CoverType,100000,100000,20000,54,7,baseline_fullinput_m1_L3,arc_cosine,3,1,1000,,0.7978,280.64,2026-06-11T23:28:30.440603,"A — baseline (full, m=1)"
exp_width_depth_scenarios,CoverType,100000,100000,20000,54,7,baseline_fullinput_m1_L3,arc_cosine,3,1,1000,,0.7968,285.06,2026-06-11T23:33:17.986400,"A — baseline (full, m=1)"
exp_width_depth_scenarios,CoverType,100000,100000,20000,54,7,input_subspace_sqrt_m1_L1,arc_cosine,1,1,1000,,0.5289,92.46,2026-06-11T23:34:51.403774,D-√d (input_subspace_sqrt)
exp_width_depth_scenarios,CoverType,100000,100000,20000,54,7,input_subspace_sqrt_m1_L1,arc_cosine,1,1,1000,,0.5088,192.15,2026-06-11T23:38:04.486412,D-√d (input_subspace_sqrt)
exp_width_depth_scenarios,CoverType,100000,100000,20000,54,7,input_subspace_sqrt_m1_L1,arc_cosine,1,1,1000,,0.5103,118.98,2026-06-11T23:40:04.418763,D-√d (input_subspace_sqrt)
exp_width_depth_scenarios,CoverType,100000,100000,20000,54,7,input_subspace_sqrt_m1_L2,arc_cosine,2,1,1000,,0.5258,135.93,2026-06-11T23:42:22.090368,D-√d (input_subspace_sqrt)
exp_width_depth_scenarios,CoverType,100000,100000,20000,54,7,input_subspace_sqrt_m1_L2,arc_cosine,2,1,1000,,0.4959,261.96,2026-06-11T23:46:45.758429,D-√d (input_subspace_sqrt)
exp_width_depth_scenarios,CoverType,100000,100000,20000,54,7,input_subspace_sqrt_m1_L2,arc_cosine,2,1,1000,,0.5112,205.12,2026-06-11T23:50:12.593623,D-√d (input_subspace_sqrt)
exp_width_depth_scenarios,CoverType,100000,100000,20000,54,7,input_subspace_sqrt_m1_L3,arc_cosine,3,1,1000,,0.5226,199.51,2026-06-11T23:53:34.585141,D-√d (input_subspace_sqrt)
exp_width_depth_scenarios,CoverType,100000,100000,20000,54,7,input_subspace_sqrt_m1_L3,arc_cosine,3,1,1000,,0.4956,352.83,2026-06-11T23:59:29.924513,D-√d (input_subspace_sqrt)
exp_width_depth_scenarios,CoverType,100000,100000,20000,54,7,input_subspace_sqrt_m1_L3,arc_cosine,3,1,1000,,0.5097,321.54,2026-06-12T00:04:53.949637,D-√d (input_subspace_sqrt)
exp_width_depth_scenarios,CoverType,100000,100000,20000,54,7,input_subspace_sqrt_m10_L1,arc_cosine,1,10,1000,,0.7157,170.74,2026-06-12T00:07:45.851080,D-√d (input_subspace_sqrt)
exp_width_depth_scenarios,CoverType,100000,100000,20000,54,7,input_subspace_sqrt_m10_L1,arc_cosine,1,10,1000,,0.7282,216.58,2026-06-12T00:11:23.496289,D-√d (input_subspace_sqrt)
exp_width_depth_scenarios,CoverType,100000,100000,20000,54,7,input_subspace_sqrt_m10_L1,arc_cosine,1,10,1000,,0.6637,177.91,2026-06-12T00:14:22.447497,D-√d (input_subspace_sqrt)
exp_width_depth_scenarios,CoverType,100000,100000,20000,54,7,input_subspace_sqrt_m10_L2,arc_cosine,2,10,1000,,0.7255,366.1,2026-06-12T00:20:30.495892,D-√d (input_subspace_sqrt)
exp_width_depth_scenarios,CoverType,100000,100000,20000,54,7,input_subspace_sqrt_m10_L2,arc_cosine,2,10,1000,,0.7372,381.64,2026-06-12T00:26:54.056202,D-√d (input_subspace_sqrt)
exp_width_depth_scenarios,CoverType,100000,100000,20000,54,7,input_subspace_sqrt_m10_L2,arc_cosine,2,10,1000,,0.6806,414.74,2026-06-12T00:33:50.807067,D-√d (input_subspace_sqrt)
exp_width_depth_scenarios,CoverType,100000,100000,20000,54,7,input_subspace_sqrt_m10_L3,arc_cosine,3,10,1000,,0.7275,473.47,2026-06-12T00:41:47.128387,D-√d (input_subspace_sqrt)
exp_width_depth_scenarios,CoverType,100000,100000,20000,54,7,input_subspace_sqrt_m10_L3,arc_cosine,3,10,1000,,0.7437,483.83,2026-06-12T00:49:53.922093,D-√d (input_subspace_sqrt)
exp_width_depth_scenarios,CoverType,100000,100000,20000,54,7,input_subspace_sqrt_m10_L3,arc_cosine,3,10,1000,,0.6893,546.31,2026-06-12T00:59:03.085161,D-√d (input_subspace_sqrt)
exp_width_depth_scenarios,CoverType,100000,100000,20000,54,7,input_subspace_sqrt_m50_L1,arc_cosine,1,50,1000,,0.7564,348.18,2026-06-12T01:04:52.792522,D-√d (input_subspace_sqrt)
exp_width_depth_scenarios,CoverType,100000,100000,20000,54,7,input_subspace_sqrt_m50_L1,arc_cosine,1,50,1000,,0.7575,356.74,2026-06-12T01:10:51.112508,D-√d (input_subspace_sqrt)
exp_width_depth_scenarios,CoverType,100000,100000,20000,54,7,input_subspace_sqrt_m50_L1,arc_cosine,1,50,1000,,0.7648,367.99,2026-06-12T01:17:00.582780,D-√d (input_subspace_sqrt)
exp_width_depth_scenarios,CoverType,100000,100000,20000,54,7,input_subspace_sqrt_m50_L2,arc_cosine,2,50,1000,,0.7654,369.19,2026-06-12T01:23:13.163391,D-√d (input_subspace_sqrt)
exp_width_depth_scenarios,CoverType,100000,100000,20000,54,7,input_subspace_sqrt_m50_L2,arc_cosine,2,50,1000,,0.7662,393.95,2026-06-12T01:29:50.448883,D-√d (input_subspace_sqrt)
exp_width_depth_scenarios,CoverType,100000,100000,20000,54,7,input_subspace_sqrt_m50_L2,arc_cosine,2,50,1000,,0.7722,321.79,2026-06-12T01:35:15.626018,D-√d (input_subspace_sqrt)
exp_width_depth_scenarios,CoverType,100000,100000,20000,54,7,input_subspace_sqrt_m50_L3,arc_cosine,3,50,1000,,0.763,417.97,2026-06-12T01:42:18.854315,D-√d (input_subspace_sqrt)
exp_width_depth_scenarios,CoverType,100000,100000,20000,54,7,input_subspace_sqrt_m50_L3,arc_cosine,3,50,1000,,0.7632,399.61,2026-06-12T01:49:03.616754,D-√d (input_subspace_sqrt)
exp_width_depth_scenarios,CoverType,100000,100000,20000,54,7,input_subspace_sqrt_m50_L3,arc_cosine,3,50,1000,,0.77,424.7,2026-06-12T01:56:13.693398,D-√d (input_subspace_sqrt)
exp_width_depth_scenarios,CoverType,100000,100000,20000,54,7,input_subspace_dm_m1_L1,arc_cosine,1,1,1000,,0.7855,194.62,2026-06-12T01:59:29.355139,D-d/m (input_subspace_dm)
exp_width_depth_scenarios,CoverType,100000,100000,20000,54,7,input_subspace_dm_m1_L1,arc_cosine,1,1,1000,,0.7912,221.8,2026-06-12T02:03:12.135321,D-d/m (input_subspace_dm)
exp_width_depth_scenarios,CoverType,100000,100000,20000,54,7,input_subspace_dm_m1_L1,arc_cosine,1,1,1000,,0.7884,188.43,2026-06-12T02:06:21.581383,D-d/m (input_subspace_dm)
exp_width_depth_scenarios,CoverType,100000,100000,20000,54,7,input_subspace_dm_m1_L2,arc_cosine,2,1,1000,,0.7945,262.56,2026-06-12T02:10:45.931554,D-d/m (input_subspace_dm)
exp_width_depth_scenarios,CoverType,100000,100000,20000,54,7,input_subspace_dm_m1_L2,arc_cosine,2,1,1000,,0.8016,288.61,2026-06-12T02:15:36.330844,D-d/m (input_subspace_dm)
exp_width_depth_scenarios,CoverType,100000,100000,20000,54,7,input_subspace_dm_m1_L2,arc_cosine,2,1,1000,,0.7978,263.63,2026-06-12T02:20:01.725348,D-d/m (input_subspace_dm)
exp_width_depth_scenarios,CoverType,100000,100000,20000,54,7,input_subspace_dm_m1_L3,arc_cosine,3,1,1000,,0.7954,311.81,2026-06-12T02:25:16.102469,D-d/m (input_subspace_dm)
exp_width_depth_scenarios,CoverType,100000,100000,20000,54,7,input_subspace_dm_m1_L3,arc_cosine,3,1,1000,,0.806,345.79,2026-06-12T02:31:04.439469,D-d/m (input_subspace_dm)
exp_width_depth_scenarios,CoverType,100000,100000,20000,54,7,input_subspace_dm_m1_L3,arc_cosine,3,1,1000,,0.8005,303.59,2026-06-12T02:36:10.567698,D-d/m (input_subspace_dm)
exp_width_depth_scenarios,CoverType,100000,100000,20000,54,7,input_subspace_dm_m10_L1,arc_cosine,1,10,1000,,0.7233,136.88,2026-06-12T02:38:28.503856,D-d/m (input_subspace_dm)
exp_width_depth_scenarios,CoverType,100000,100000,20000,54,7,input_subspace_dm_m10_L1,arc_cosine,1,10,1000,,0.7296,117.38,2026-06-12T02:40:26.915625,D-d/m (input_subspace_dm)
exp_width_depth_scenarios,CoverType,100000,100000,20000,54,7,input_subspace_dm_m10_L1,arc_cosine,1,10,1000,,0.733,119.34,2026-06-12T02:42:27.316857,D-d/m (input_subspace_dm)
exp_width_depth_scenarios,CoverType,100000,100000,20000,54,7,input_subspace_dm_m10_L2,arc_cosine,2,10,1000,,0.7406,376.09,2026-06-12T02:48:45.361045,D-d/m (input_subspace_dm)
exp_width_depth_scenarios,CoverType,100000,100000,20000,54,7,input_subspace_dm_m10_L2,arc_cosine,2,10,1000,,0.747,307.06,2026-06-12T02:53:54.355741,D-d/m (input_subspace_dm)
exp_width_depth_scenarios,CoverType,100000,100000,20000,54,7,input_subspace_dm_m10_L2,arc_cosine,2,10,1000,,0.751,327.92,2026-06-12T02:59:24.202578,D-d/m (input_subspace_dm)
exp_width_depth_scenarios,CoverType,100000,100000,20000,54,7,input_subspace_dm_m10_L3,arc_cosine,3,10,1000,,0.7483,494.55,2026-06-12T03:07:41.613754,D-d/m (input_subspace_dm)
exp_width_depth_scenarios,CoverType,100000,100000,20000,54,7,input_subspace_dm_m10_L3,arc_cosine,3,10,1000,,0.7494,425.75,2026-06-12T03:14:50.398389,D-d/m (input_subspace_dm)
exp_width_depth_scenarios,CoverType,100000,100000,20000,54,7,input_subspace_dm_m10_L3,arc_cosine,3,10,1000,,0.7603,437.23,2026-06-12T03:22:10.429741,D-d/m (input_subspace_dm)
exp_width_depth_scenarios,CoverType,100000,100000,20000,54,7,input_subspace_dm_m50_L1,arc_cosine,1,50,1000,,0.7167,102.63,2026-06-12T03:23:54.537087,D-d/m (input_subspace_dm)
exp_width_depth_scenarios,CoverType,100000,100000,20000,54,7,input_subspace_dm_m50_L1,arc_cosine,1,50,1000,,0.7191,94.7,2026-06-12T03:25:30.788123,D-d/m (input_subspace_dm)
exp_width_depth_scenarios,CoverType,100000,100000,20000,54,7,input_subspace_dm_m50_L1,arc_cosine,1,50,1000,,0.7253,90.53,2026-06-12T03:27:02.839447,D-d/m (input_subspace_dm)
exp_width_depth_scenarios,CoverType,100000,100000,20000,54,7,input_subspace_dm_m50_L2,arc_cosine,2,50,1000,,0.7533,449.05,2026-06-12T03:34:34.659548,D-d/m (input_subspace_dm)
exp_width_depth_scenarios,CoverType,100000,100000,20000,54,7,input_subspace_dm_m50_L2,arc_cosine,2,50,1000,,0.754,412.26,2026-06-12T03:41:29.714700,D-d/m (input_subspace_dm)
exp_width_depth_scenarios,CoverType,100000,100000,20000,54,7,input_subspace_dm_m50_L2,arc_cosine,2,50,1000,,0.7598,359.84,2026-06-12T03:47:32.402669,D-d/m (input_subspace_dm)
exp_width_depth_scenarios,CoverType,100000,100000,20000,54,7,input_subspace_dm_m50_L3,arc_cosine,3,50,1000,,0.7674,404.62,2026-06-12T03:54:21.091911,D-d/m (input_subspace_dm)
exp_width_depth_scenarios,CoverType,100000,100000,20000,54,7,input_subspace_dm_m50_L3,arc_cosine,3,50,1000,,0.7671,400.55,2026-06-12T04:01:05.718374,D-d/m (input_subspace_dm)
exp_width_depth_scenarios,CoverType,100000,100000,20000,54,7,input_subspace_dm_m50_L3,arc_cosine,3,50,1000,,0.7683,414.0,2026-06-12T04:08:03.772787,D-d/m (input_subspace_dm)
exp_width_depth_scenarios,CoverType,100000,100000,20000,54,7,featpart_fulldata_m1_L1,arc_cosine,1,1,1000,,0.7841,189.57,2026-06-12T04:11:14.334633,B-Φ-P/m (featpart_fulldata)
exp_width_depth_scenarios,CoverType,100000,100000,20000,54,7,featpart_fulldata_m1_L1,arc_cosine,1,1,1000,,0.7839,170.1,2026-06-12T04:14:05.411323,B-Φ-P/m (featpart_fulldata)
exp_width_depth_scenarios,CoverType,100000,100000,20000,54,7,featpart_fulldata_m1_L1,arc_cosine,1,1,1000,,0.7898,186.89,2026-06-12T04:17:13.257941,B-Φ-P/m (featpart_fulldata)
exp_width_depth_scenarios,CoverType,100000,100000,20000,54,7,featpart_fulldata_m1_L2,arc_cosine,2,1,1000,,0.7943,258.74,2026-06-12T04:21:33.761385,B-Φ-P/m (featpart_fulldata)
exp_width_depth_scenarios,CoverType,100000,100000,20000,54,7,featpart_fulldata_m1_L2,arc_cosine,2,1,1000,,0.7924,218.24,2026-06-12T04:25:13.878059,B-Φ-P/m (featpart_fulldata)
exp_width_depth_scenarios,CoverType,100000,100000,20000,54,7,featpart_fulldata_m1_L2,arc_cosine,2,1,1000,,0.7934,234.04,2026-06-12T04:29:09.658151,B-Φ-P/m (featpart_fulldata)
exp_width_depth_scenarios,CoverType,100000,100000,20000,54,7,featpart_fulldata_m1_L3,arc_cosine,3,1,1000,,0.7974,306.53,2026-06-12T04:34:18.691433,B-Φ-P/m (featpart_fulldata)
exp_width_depth_scenarios,CoverType,100000,100000,20000,54,7,featpart_fulldata_m1_L3,arc_cosine,3,1,1000,,0.7957,263.08,2026-06-12T04:38:44.270877,B-Φ-P/m (featpart_fulldata)
exp_width_depth_scenarios,CoverType,100000,100000,20000,54,7,featpart_fulldata_m1_L3,arc_cosine,3,1,1000,,0.7963,269.85,2026-06-12T04:43:16.614236,B-Φ-P/m (featpart_fulldata)
exp_width_depth_scenarios,CoverType,100000,100000,20000,54,7,featpart_fulldata_m10_L1,arc_cosine,1,10,1000,,0.734,105.01,2026-06-12T04:45:02.658116,B-Φ-P/m (featpart_fulldata)
exp_width_depth_scenarios,CoverType,100000,100000,20000,54,7,featpart_fulldata_m10_L1,arc_cosine,1,10,1000,,0.7392,104.24,2026-06-12T04:46:47.960163,B-Φ-P/m (featpart_fulldata)
exp_width_depth_scenarios,CoverType,100000,100000,20000,54,7,featpart_fulldata_m10_L1,arc_cosine,1,10,1000,,0.741,104.72,2026-06-12T04:48:33.725123,B-Φ-P/m (featpart_fulldata)
exp_width_depth_scenarios,CoverType,100000,100000,20000,54,7,featpart_fulldata_m10_L2,arc_cosine,2,10,1000,,0.7472,169.95,2026-06-12T04:51:25.611800,B-Φ-P/m (featpart_fulldata)
exp_width_depth_scenarios,CoverType,100000,100000,20000,54,7,featpart_fulldata_m10_L2,arc_cosine,2,10,1000,,0.7536,169.08,2026-06-12T04:54:16.616759,B-Φ-P/m (featpart_fulldata)
exp_width_depth_scenarios,CoverType,100000,100000,20000,54,7,featpart_fulldata_m10_L2,arc_cosine,2,10,1000,,0.7546,171.1,2026-06-12T04:57:09.635787,B-Φ-P/m (featpart_fulldata)
exp_width_depth_scenarios,CoverType,100000,100000,20000,54,7,featpart_fulldata_m10_L3,arc_cosine,3,10,1000,,0.7534,230.69,2026-06-12T05:01:03.128107,B-Φ-P/m (featpart_fulldata)
exp_width_depth_scenarios,CoverType,100000,100000,20000,54,7,featpart_fulldata_m10_L3,arc_cosine,3,10,1000,,0.7584,228.39,2026-06-12T05:04:54.378238,B-Φ-P/m (featpart_fulldata)
exp_width_depth_scenarios,CoverType,100000,100000,20000,54,7,featpart_fulldata_m10_L3,arc_cosine,3,10,1000,,0.7633,234.3,2026-06-12T05:08:51.508479,B-Φ-P/m (featpart_fulldata)
exp_width_depth_scenarios,CoverType,100000,100000,20000,54,7,featpart_fulldata_m50_L1,arc_cosine,1,50,1000,,0.7557,234.55,2026-06-12T05:12:47.697762,B-Φ-P/m (featpart_fulldata)
exp_width_depth_scenarios,CoverType,100000,100000,20000,54,7,featpart_fulldata_m50_L1,arc_cosine,1,50,1000,,0.765,253.38,2026-06-12T05:17:02.697507,B-Φ-P/m (featpart_fulldata)
exp_width_depth_scenarios,CoverType,100000,100000,20000,54,7,featpart_fulldata_m50_L1,arc_cosine,1,50,1000,,0.7601,227.04,2026-06-12T05:20:51.396881,B-Φ-P/m (featpart_fulldata)
exp_width_depth_scenarios,CoverType,100000,100000,20000,54,7,featpart_fulldata_m50_L2,arc_cosine,2,50,1000,,0.7568,249.71,2026-06-12T05:25:04.683568,B-Φ-P/m (featpart_fulldata)
exp_width_depth_scenarios,CoverType,100000,100000,20000,54,7,featpart_fulldata_m50_L2,arc_cosine,2,50,1000,,0.7622,210.37,2026-06-12T05:28:38.560521,B-Φ-P/m (featpart_fulldata)
exp_width_depth_scenarios,CoverType,100000,100000,20000,54,7,featpart_fulldata_m50_L2,arc_cosine,2,50,1000,,0.7615,226.53,2026-06-12T05:32:28.616307,B-Φ-P/m (featpart_fulldata)
exp_width_depth_scenarios,CoverType,100000,100000,20000,54,7,featpart_fulldata_m50_L3,arc_cosine,3,50,1000,,0.7524,249.92,2026-06-12T05:36:43.965324,B-Φ-P/m (featpart_fulldata)
exp_width_depth_scenarios,CoverType,100000,100000,20000,54,7,featpart_fulldata_m50_L3,arc_cosine,3,50,1000,,0.7623,243.75,2026-06-12T05:40:53.182886,B-Φ-P/m (featpart_fulldata)
exp_width_depth_scenarios,CoverType,100000,100000,20000,54,7,featpart_fulldata_m50_L3,arc_cosine,3,50,1000,,0.7591,262.39,2026-06-12T05:45:21.008790,B-Φ-P/m (featpart_fulldata)
exp_width_depth_scenarios,CoverType,200000,200000,20000,54,7,baseline_fullinput_m1_L1,arc_cosine,1,1,1000,,0.7815,389.22,2026-06-12T05:51:52.427450,"A — baseline (full, m=1)"
exp_width_depth_scenarios,CoverType,200000,200000,20000,54,7,baseline_fullinput_m1_L1,arc_cosine,1,1,1000,,0.7869,441.0,2026-06-12T05:59:15.363231,"A — baseline (full, m=1)"
exp_width_depth_scenarios,CoverType,200000,200000,20000,54,7,baseline_fullinput_m1_L1,arc_cosine,1,1,1000,,0.7835,273.69,2026-06-12T06:03:50.926056,"A — baseline (full, m=1)"
exp_width_depth_scenarios,CoverType,200000,200000,20000,54,7,baseline_fullinput_m1_L2,arc_cosine,2,1,1000,,0.7929,490.41,2026-06-12T06:12:07.735368,"A — baseline (full, m=1)"
exp_width_depth_scenarios,CoverType,200000,200000,20000,54,7,baseline_fullinput_m1_L2,arc_cosine,2,1,1000,,0.7941,558.66,2026-06-12T06:21:32.631122,"A — baseline (full, m=1)"
exp_width_depth_scenarios,CoverType,200000,200000,20000,54,7,baseline_fullinput_m1_L2,arc_cosine,2,1,1000,,0.7888,374.24,2026-06-12T06:27:53.215105,"A — baseline (full, m=1)"
exp_width_depth_scenarios,CoverType,200000,200000,20000,54,7,baseline_fullinput_m1_L3,arc_cosine,3,1,1000,,0.7955,602.2,2026-06-12T06:38:03.687760,"A — baseline (full, m=1)"
exp_width_depth_scenarios,CoverType,200000,200000,20000,54,7,baseline_fullinput_m1_L3,arc_cosine,3,1,1000,,0.7972,638.2,2026-06-12T06:48:49.854830,"A — baseline (full, m=1)"
exp_width_depth_scenarios,CoverType,200000,200000,20000,54,7,baseline_fullinput_m1_L3,arc_cosine,3,1,1000,,0.7911,440.57,2026-06-12T06:56:18.787096,"A — baseline (full, m=1)"
exp_width_depth_scenarios,CoverType,200000,200000,20000,54,7,input_subspace_sqrt_m1_L1,arc_cosine,1,1,1000,,0.5249,157.76,2026-06-12T06:58:58.243448,D-√d (input_subspace_sqrt)
exp_width_depth_scenarios,CoverType,200000,200000,20000,54,7,input_subspace_sqrt_m1_L1,arc_cosine,1,1,1000,,0.512,373.93,2026-06-12T07:05:13.842681,D-√d (input_subspace_sqrt)
exp_width_depth_scenarios,CoverType,200000,200000,20000,54,7,input_subspace_sqrt_m1_L1,arc_cosine,1,1,1000,,0.5114,306.15,2026-06-12T07:10:21.658260,D-√d (input_subspace_sqrt)
exp_width_depth_scenarios,CoverType,200000,200000,20000,54,7,input_subspace_sqrt_m1_L2,arc_cosine,2,1,1000,,0.524,243.99,2026-06-12T07:14:32.421530,D-√d (input_subspace_sqrt)
exp_width_depth_scenarios,CoverType,200000,200000,20000,54,7,input_subspace_sqrt_m1_L2,arc_cosine,2,1,1000,,0.4953,533.82,2026-06-12T07:23:32.091761,D-√d (input_subspace_sqrt)
exp_width_depth_scenarios,CoverType,200000,200000,20000,54,7,input_subspace_sqrt_m1_L2,arc_cosine,2,1,1000,,0.5142,428.67,2026-06-12T07:30:47.562554,D-√d (input_subspace_sqrt)
exp_width_depth_scenarios,CoverType,200000,200000,20000,54,7,input_subspace_sqrt_m1_L3,arc_cosine,3,1,1000,,0.5235,380.68,2026-06-12T07:37:15.214984,D-√d (input_subspace_sqrt)
exp_width_depth_scenarios,CoverType,200000,200000,20000,54,7,input_subspace_sqrt_m1_L3,arc_cosine,3,1,1000,,0.4986,683.45,2026-06-12T07:48:46.832543,D-√d (input_subspace_sqrt)
exp_width_depth_scenarios,CoverType,200000,200000,20000,54,7,input_subspace_sqrt_m1_L3,arc_cosine,3,1,1000,,0.5125,583.23,2026-06-12T07:58:37.600168,D-√d (input_subspace_sqrt)
exp_width_depth_scenarios,CoverType,200000,200000,20000,54,7,input_subspace_sqrt_m10_L1,arc_cosine,1,10,1000,,0.7172,331.69,2026-06-12T08:04:11.429179,D-√d (input_subspace_sqrt)
exp_width_depth_scenarios,CoverType,200000,200000,20000,54,7,input_subspace_sqrt_m10_L1,arc_cosine,1,10,1000,,0.7272,453.8,2026-06-12T08:11:47.177401,D-√d (input_subspace_sqrt)
exp_width_depth_scenarios,CoverType,200000,200000,20000,54,7,input_subspace_sqrt_m10_L1,arc_cosine,1,10,1000,,0.6571,431.43,2026-06-12T08:19:00.478060,D-√d (input_subspace_sqrt)
exp_width_depth_scenarios,CoverType,200000,200000,20000,54,7,input_subspace_sqrt_m10_L2,arc_cosine,2,10,1000,,0.7254,753.19,2026-06-12T08:31:37.300728,D-√d (input_subspace_sqrt)
exp_width_depth_scenarios,CoverType,200000,200000,20000,54,7,input_subspace_sqrt_m10_L2,arc_cosine,2,10,1000,,0.7361,840.06,2026-06-12T08:45:40.675303,D-√d (input_subspace_sqrt)
exp_width_depth_scenarios,CoverType,200000,200000,20000,54,7,input_subspace_sqrt_m10_L2,arc_cosine,2,10,1000,,0.6765,866.62,2026-06-12T09:00:11.089241,D-√d (input_subspace_sqrt)
exp_width_depth_scenarios,CoverType,200000,200000,20000,54,7,input_subspace_sqrt_m10_L3,arc_cosine,3,10,1000,,0.7319,991.05,2026-06-12T09:16:47.061130,D-√d (input_subspace_sqrt)
exp_width_depth_scenarios,CoverType,200000,200000,20000,54,7,input_subspace_sqrt_m10_L3,arc_cosine,3,10,1000,,0.7444,1009.42,2026-06-12T09:33:41.449759,D-√d (input_subspace_sqrt)
exp_width_depth_scenarios,CoverType,200000,200000,20000,54,7,input_subspace_sqrt_m10_L3,arc_cosine,3,10,1000,,0.6831,1184.71,2026-06-12T09:53:31.317820,D-√d (input_subspace_sqrt)
exp_width_depth_scenarios,CoverType,200000,200000,20000,54,7,input_subspace_sqrt_m50_L1,arc_cosine,1,50,1000,,0.7556,726.38,2026-06-12T10:05:40.357166,D-√d (input_subspace_sqrt)
exp_width_depth_scenarios,CoverType,200000,200000,20000,54,7,input_subspace_sqrt_m50_L1,arc_cosine,1,50,1000,,0.7582,839.04,2026-06-12T10:19:42.549288,D-√d (input_subspace_sqrt)
exp_width_depth_scenarios,CoverType,200000,200000,20000,54,7,input_subspace_sqrt_m50_L1,arc_cosine,1,50,1000,,0.7635,653.49,2026-06-12T10:30:38.611550,D-√d (input_subspace_sqrt)
exp_width_depth_scenarios,CoverType,200000,200000,20000,54,7,input_subspace_sqrt_m50_L2,arc_cosine,2,50,1000,,0.7635,812.64,2026-06-12T10:44:17.079832,D-√d (input_subspace_sqrt)
exp_width_depth_scenarios,CoverType,200000,200000,20000,54,7,input_subspace_sqrt_m50_L2,arc_cosine,2,50,1000,,0.763,850.05,2026-06-12T10:58:33.165546,D-√d (input_subspace_sqrt)
exp_width_depth_scenarios,CoverType,200000,200000,20000,54,7,input_subspace_sqrt_m50_L2,arc_cosine,2,50,1000,,0.7724,734.88,2026-06-12T11:10:55.960142,D-√d (input_subspace_sqrt)
exp_width_depth_scenarios,CoverType,200000,200000,20000,54,7,input_subspace_sqrt_m50_L3,arc_cosine,3,50,1000,,0.7647,853.64,2026-06-12T11:25:18.630214,D-√d (input_subspace_sqrt)
exp_width_depth_scenarios,CoverType,200000,200000,20000,54,7,input_subspace_sqrt_m50_L3,arc_cosine,3,50,1000,,0.7595,890.92,2026-06-12T11:40:20.066624,D-√d (input_subspace_sqrt)
exp_width_depth_scenarios,CoverType,200000,200000,20000,54,7,input_subspace_sqrt_m50_L3,arc_cosine,3,50,1000,,0.7715,858.66,2026-06-12T11:54:47.647306,D-√d (input_subspace_sqrt)
